code,date,ret,label,er10_t4,volshrink,pillar_pct,pillar_body_atr,pillar_vr20,pillar_volmult,breakout,clean_max_body,clean_max_vr,test_vol_ratio,hold_depth,t_close_vs_pillar,pb20_t,roc60_t,roc120_t,bias120_t,atrp30_t,er20_t,win
sh.600004,2019-09-23,0.07710390220968502,tp,0.19865319865319964,0.9421377929315081,6.2944,1.6724470134874752,1.6166920081385545,1.589505227952032,-0.0028571428571428914,1.1889952153110008,1.2248941778025955,0.5653535932900867,1.0322580645161292,0.22580645161290092,0.8889132060357785,0.17733795938021268,0.44976663469011324,0.25732145732902545,0.033867420672321735,0.45549738219895275,True
sh.600004,2023-07-06,-0.02953020134228197,stop,0.14999999999999933,1.0469295999036277,5.1604,1.8207381370826,2.1024531753295235,1.8380892638592972,-0.11398354876615757,1.51592356687899,2.365385163554348,0.3397227595789676,0.8243243243243219,-0.17567567567567813,0.7767606107578605,-0.10479041916167686,0.022571819425444506,0.008771929824561271,0.02630992196209587,0.25290023201856043,False
sh.600007,2019-10-16,-0.03687396807925161,stop,0.1573033707865161,0.9662516703744342,6.2537,2.4418604651162807,3.0781720266068526,3.8748485435930107,0.03240740740740744,1.3144104803493422,1.8962101374313345,0.3395340437342051,0.9142857142857148,0.10476190476190321,1.0101675135670791,0.07613908872901676,0.22633215897295078,0.17027476523275933,0.02183844011142061,0.243654822335026,False
sh.600011,2021-11-01,-0.12955465587044548,stop,0.05213270142180052,0.757749539650783,10.0291,1.5266821345707664,1.2037033686606569,1.7600027067181763,-0.1368301026225769,1.3628318584070815,1.6950873593756381,0.8242356767248878,0.8404255319148937,-0.1595744680851064,0.5683101815523116,0.9681697612732096,0.8363257195070777,0.4676916869931345,0.08593890386343214,0.09945750452079553,False
sh.600011,2023-01-03,-0.05904522613065327,stop,0.0655737704918042,0.7118975901376803,7.3487,1.8743169398907087,2.3983708417852734,2.865777615821667,-0.14857142857142847,1.1183431952662732,1.513216343561591,0.49851670054733693,1.0204081632653041,0.9387755102040779,1.0992313276527217,0.04353562005277034,-0.02103960396039617,0.045938887725755086,0.03754740834386856,0.024691358024691103,False
sh.600023,2023-10-31,-0.035242290748898675,stop,0.028571428571428012,0.9422303475029515,6.6508,2.083720930232553,1.8415600730508521,1.6056836606645377,-0.11439842209073003,1.5460122699386483,3.091440700829753,0.6095901729975988,1.0625000000000018,0.21875000000000025,1.0231388366626564,-0.053941908713692976,-0.02564102564102555,-0.02978723404255338,0.028508771929824598,0.18699186991869926,False
sh.600027,2020-05-28,-0.02399999999999999,stop,0.3478260869565218,0.779672475628497,5.3221,1.7499999999999978,1.5839110048147793,1.9528699499762823,-0.005291005291005346,1.290780141843974,1.9395625923461202,0.5599162406305405,1.0,0.0,0.7730729202058313,0.1393939393939394,0.005405840836281817,0.06923267319259911,0.027216312056737607,0.13559322033898272,False
sh.600027,2022-08-17,0.08285984848484823,tp,0.3086419753086431,0.7738534754908087,7.7093,1.8187384892204859,2.6031221178071555,3.1362350299629003,0.014165021713383075,1.0157728706624571,0.9347567673372951,0.7871924082143041,1.428571428571431,1.1142857142857234,1.1017825380935895,0.5300689528362601,0.38236427669612616,0.37565060234556985,0.038329439701584395,0.3097009632619382,True
sh.600027,2023-06-01,-0.051649928263988266,stop,0.04878048780487817,0.9255445322685152,10.0464,1.9761431411530817,1.746303417412955,1.6974191656805466,0.0626865671641792,1.618090452261307,2.6390099837315555,0.6525048651163489,0.8178624656961688,-0.18213753430383114,0.8697557118006275,0.16511372510737998,0.2136601303201875,0.1808075058099336,0.04415417409378663,0.18773024104977573,False
sh.600027,2023-06-29,-0.060561299852289495,stop,0.11450381679389335,0.9046205021392126,5.7453,1.4495912806539495,1.443722967829285,1.7091906535224166,-0.0695813142919327,1.9761431411530817,1.746303417412955,0.60215552042399,0.9473684210526307,-0.052631578947369244,0.6362310703797556,0.1892579381822581,0.26455546127014795,0.11217156295821036,0.044917096189982644,0.15807270609389956,False
sh.600029,2021-03-18,-0.04460431654676266,stop,0.32110091743119135,0.9302243989770532,9.9688,2.0867208672086717,3.7564646791235345,5.081456830207043,0.06165413533834596,1.0845070422535246,2.2188992257526534,0.4881566448713759,0.9272727272727271,-0.0181818181818178,0.9594282154837884,0.16350313888397294,0.08809089840075246,0.16930332209825033,0.035460992907801414,0.262357414448669,False
sh.600029,2023-07-06,0.06319115323854665,tp,0.0,0.7403061721869132,5.6385,1.821138211382116,2.384599063962841,3.031385245752192,-0.2434679334916865,2.5263157894736845,3.773285939544843,0.3378782808426586,0.875,-0.03125000000000208,0.8793436453936907,-0.21867321867321876,-0.18251928020565567,-0.12106135986733006,0.0269916142557652,0.30588235294117666,True
sh.600030,2020-01-03,-0.14166001596169178,stop,0.11340206185566995,0.984486583592192,9.9871,3.31726907630522,4.211442437240812,4.21351780053452,0.045213849287169205,1.2857142857142871,3.5151182633115328,0.47600011535938297,0.8474576271186434,-0.11942876223573107,0.9167393475960505,0.1416170994657524,0.10947333533553105,0.12254838790272041,0.020975939987343175,0.439852819431671,False
sh.600031,2020-10-15,-0.09230769230769237,stop,0.1756756756756762,0.7618872239639737,7.2713,1.9549549549549579,1.5568441980828203,1.9225269067121884,0.052147239263803824,1.1444679351656089,1.3765181196125698,0.6124175864957713,1.0161290322580632,0.016129032258063076,0.9217085857503848,0.30340668808138016,0.4567486513850718,0.3079999879952038,0.035104962989928414,0.6240786240786242,False
sh.600031,2021-09-06,-0.055917667238422064,stop,0.3841642228738999,0.997049512680196,9.9886,2.0301171221416565,1.90639330057614,2.1613367483821224,-0.12760810402177203,0.9751243781094547,2.112985968225923,0.6135393271459433,0.7230769230769216,0.15384615384615466,0.602280108588901,0.05650333961159215,-0.16698775146009093,-0.007082060248848404,0.049629629629629635,0.14668452779638338,False
sh.600036,2021-05-28,-0.03315581515203577,stop,0.027027027027026362,0.8203188579257124,6.4164,2.0136986301369864,1.9249880677078355,2.3646530155759424,0.018764383076650626,1.472479564032692,1.851314092627172,0.5307989645535491,1.1190476190476184,0.2827380952380949,0.9779921937460527,0.16094463187140318,0.2757988191846421,0.15781522940829945,0.026450142450142475,0.3932721712538227,False
sh.600036,2022-12-02,0.040320274521018114,tp,0.2669683257918532,0.8357466797311771,9.0738,1.5439531166755471,2.1404778763043057,2.5465721132451096,-0.03327787021630613,1.2596685082872823,2.424991565886056,0.4379042862485373,0.7729468599033821,-0.2270531400966179,0.787086910993368,-0.0031884057971013346,-0.10932837525358763,0.011702571884962959,0.03257729960259765,0.43703703703703717,True
sh.600037,2024-05-07,-0.03413940256045511,stop,0.02479338842975225,0.8088675990292922,6.9277,1.906976744186047,2.261959956993503,2.4646356930532347,-0.05835543766578255,1.2824427480916047,1.2106966269822783,0.5066700163111464,0.8536585365853667,-0.14634146341463325,0.8930101686897302,-0.030303030303030165,-0.10546378653113087,-0.05011412572944889,0.028693181818181812,0.04878048780487813,False
sh.600038,2020-02-20,-0.028481012658227802,stop,0.26886291179596217,0.986819810800869,6.4439,1.4518518518518535,2.2086195904955974,2.068377296706546,-0.10441767068273089,1.4449093444909373,1.6266326509005906,0.8512641129090408,0.987394957983194,-0.012605042016806026,0.6178251515698233,0.00928442028985521,-0.019361936193619367,-0.02722935699722276,0.03153840400867549,0.12313432835820905,False
sh.600038,2021-12-29,0.0405061681292128,tp,0.16605705925384062,0.7222253116111184,5.7993,1.3073713490959684,1.4300422361188558,1.7373475559139493,-0.011421319796954155,1.432317636195754,1.4812672122383472,0.5714781440651125,0.8297872340425486,0.2340425531914859,0.963188852856373,0.4290882778581764,0.6021091056580814,0.26965589378819504,0.04463291139240504,0.20507757404795465,True
sh.600048,2021-09-06,0.08906379453189747,tp,0.3176470588235288,0.7284697072412754,6.5847,1.5067056489260893,1.140860395478307,1.5878753793310558,-0.027243589743589536,1.9626168224299017,2.7178851407344715,0.6982192159946261,0.8837209302325532,-0.11627906976744688,0.6697487419954655,-0.01923437516258364,-0.1442852659128817,-0.00913118694370685,0.045425982733952534,0.1849169888782952,True
sh.600048,2022-07-04,-0.035437081205713025,stop,0.2833333333333332,0.7787541490695224,7.0545,1.431674208144795,1.5456328657194678,1.674312588618579,-0.12977867203219307,1.1588366890380266,1.8832503943486545,0.5930196661238923,1.1061946902654853,0.1061946902654854,0.9079289637834839,-0.043382756727073035,0.1536423841059602,0.06018034832178695,0.04037504783773442,0.34728033472803405,False
sh.600050,2023-01-06,0.0672690763052207,tp,0.36734693877551033,0.6194605486619726,10.0446,2.0322580645161272,1.3428114069298451,1.7699210875589766,-0.06095238095238098,1.5384615384615372,1.9326813703454093,0.7276509041922173,1.1333333333333335,0.13333333333333347,0.770005556237852,0.48417041741167743,0.4798559685238528,0.32599853331629697,0.049966599866399466,0.04347826086956533,True
sh.600050,2023-03-06,-0.07333333333333353,stop,0.1927710843373493,0.9237425591263724,10.0379,2.11320754716981,2.6457680537090833,2.3975647269216425,0.0338078291814945,1.6013071895424829,2.10694065099141,0.795561490108656,1.250000000000003,0.42857142857143055,1.00880612860672,0.2763713080168775,0.7435301346715142,0.4053379652474639,0.03988980716253441,0.3493150684931504,False
sh.600054,2021-10-19,-0.03115264797507795,stop,0.1594202898550729,0.5960331239903752,5.0483,1.6327543424317579,1.7643844920325742,2.7324443104221445,-0.08341143392689798,1.1379310344827578,3.559219492099323,0.45078727427952725,0.8085106382978747,-0.1914893617021253,0.8819421135374634,0.04530744336569592,-0.157391304347826,0.016878006121556814,0.029411764705882346,0.13915857605178045,False
sh.600055,2021-02-05,0.08208422555317656,tp,0.35757575757575827,0.8317437880249597,10.0216,2.639344262295089,2.2373923907103093,2.6677968760154114,-0.16787775693294094,1.3519476314426575,1.7933607591120968,0.18612851916169348,2.10869565217391,3.6739130434782505,1.3317411257067617,0.176639501599416,-0.15798102580710927,0.09887546096531448,0.031076672640138345,0.5035868005738883,True
sh.600055,2021-07-01,-0.05094786729857814,stop,0.18978102189780982,0.6907922066920658,9.883,2.137512639029318,2.16705617351924,3.2020405624804753,0.025485436893203817,1.1308304891922605,3.0507044553758766,0.48369650746305887,0.8807947019867574,-0.013245033112581977,0.9546374487968785,0.28953399541634806,0.6500714888673713,0.29190322905547444,0.03988941548183252,0.2889610389610393,False
sh.600055,2022-01-17,-0.06767208043310127,stop,0.33184855233853017,0.9265670592826395,8.7815,1.884095299420481,2.608494054367251,2.9860586457080993,0.012118842845973532,1.6753138075313803,2.0275575732348763,0.43490940050751475,0.8133971291866003,-0.014354066985648546,0.9577604636185612,0.39107046799354483,0.0027142303218301578,0.2012402596648513,0.03868265016756896,0.07456978967495191,False
sh.600057,2020-08-04,0.11500754147812972,tp,0.028248587570621292,0.8015703391053915,9.9511,1.8247863247863234,2.664263221225831,3.105481703356493,0.0014858841010398915,1.9703703703703739,2.568469526699863,0.5080109578684248,0.901639344262296,-0.09836065573770401,0.8445888334939925,0.21114583083117178,0.7734635380027874,0.26469414067997227,0.0413672654690619,0.12101910828025465,True
sh.600057,2022-05-18,0.08704337899543386,tp,0.10559006211180222,0.9326500754867523,7.3373,1.3620414673046268,1.6520937490725935,1.8340263996910497,-0.05619146722164392,1.5121951219512213,1.968851846174539,0.7185566533390408,0.7213114754098342,-0.27868852459016585,0.6221895921787851,0.05450236966824651,0.22420907840440152,0.05892501264166084,0.0442322097378277,0.06224066390041495,True
sh.600058,2021-04-13,-0.06181818181818188,stop,0.16279069767441862,0.5888828574049455,6.7259,1.710407239818999,2.3044530517404866,3.476033826001046,-0.009422850412249772,1.3125000000000033,1.045264414088972,0.6075723480972361,0.7407407407407395,-0.2592592592592605,0.7228453330100199,0.28816199376947016,0.2198664570193989,0.1418623023255627,0.0412333736396614,0.06338028169014097,False
sh.600059,2020-04-23,-0.03785103785103798,stop,0.018867924528299884,0.7281085498112251,7.7763,2.800000000000001,4.860206028227148,6.608390797414755,-0.08775981524249421,0.72916666666667,0.9275228079061869,0.6323889119925031,1.043478260869565,0.5869565217391309,1.1238626784457095,-0.02505966587112174,0.009876461308394147,0.022150094740881816,0.0256221950224398,0.5144508670520223,False
sh.600059,2021-05-27,0.06944444444444442,tp,0.33658536585365706,0.9098789987194543,6.2653,1.4038461538461557,1.866645619589474,2.037016431809599,-0.025373134328358193,1.642180094786728,2.113449507195514,0.729338203635916,0.8904109589041098,0.15068493150684875,0.9652447893267623,0.11894647408666104,0.14130278981767308,0.04022849049816631,0.04474816502151353,0.20761245674740453,True
sh.600060,2023-06-15,-0.040170940170940105,stop,0.01373478637264654,1.0443161052315557,5.8851,1.555546643795193,1.5105264957301268,1.5706754292394174,-0.06736252169077006,1.6583901685872242,1.5378133866319466,0.6550853086432611,1.070312499999998,0.5156249999999956,0.9826077853886798,0.354240045575545,0.6348822803332028,0.29461999926463545,0.03421273444493131,0.1962545184237328,False
sh.600063,2021-07-14,0.037962962962962914,tp,0.24999999999999878,0.7549253849076168,10.0823,1.7948717948717936,2.4608722011096114,3.135951473751882,0.011342155009451904,1.750000000000001,2.3991811851568725,0.5674801729372805,0.91111111111111,0.22222222222222174,0.9714481701486917,0.3149655048568827,0.46337368519506117,0.24715202989651625,0.04495412844036701,0.35323383084577054,True
sh.600066,2023-03-31,-0.03112203112203115,stop,0.30516431924882614,0.9652666890861372,10.0375,1.6578947368421046,2.792576981988432,3.6463079918026495,0.08611111111111125,1.4341463414634148,1.7356924431318683,0.7953716941084802,1.125000000000002,0.8333333333333317,1.0866741180829973,0.6439999999999999,0.7514204545454544,0.47797422834881614,0.037956204379562056,0.3429158110882959,False
sh.600066,2024-02-20,0.06089552238805963,tp,0.2300884955752223,0.9094437541072047,8.4177,2.0617919670442815,1.6855216108583828,2.0616613424279584,0.06068111455108349,1.4853273137697527,2.558019638993247,0.7413060308961835,0.7622377622377629,-0.1468531468531439,0.9436744576508053,0.3075734157650698,0.2935779816513764,0.23402315616738087,0.03961780929866037,0.24561403508771967,True
sh.600070,2021-11-15,-0.026134800550206262,timeout,0.0,0.7331774565869041,5.4173,1.5689655172413794,1.9776264518759907,2.100989327508455,-0.17714285714285727,1.140065146579805,1.419759504916598,0.5677003154302319,0.7179487179487192,0.20512820512821003,0.8445046280884682,-0.09789343246592308,0.021154142730057224,-0.06370508974328534,0.031730769230769215,0.08823529411764687,False
sh.600070,2023-02-07,0.06635071090047392,timeout,0.18095238095238136,0.6451761313088893,10.087,2.1626016260162637,2.5305644585887563,3.9259292449987124,0.0,1.5217391304347796,2.814736257612731,0.5917755518146365,0.8070175438596486,0.03508771929824485,0.929938486041601,0.28282828282828265,0.21414913957934978,0.16815624473026625,0.040892388451443565,0.22727272727272704,True
sh.600071,2021-05-28,0.062329700272479506,tp,0.2764227642276434,0.9767864349478429,10.0145,2.1858736059479567,4.25939134355631,5.6927950433379495,-0.13371428571428579,1.215686274509807,1.4760357365704153,0.5554498401253931,0.904761904761904,-0.09523809523809604,0.9454002388309025,-0.05527638190954787,0.5487839168539643,0.11246314840430069,0.03608156028368794,0.2478336221837088,True
sh.600073,2020-08-18,0.08547008547008551,tp,0.08333333333333273,0.8733046848739938,8.2474,1.5033557046979882,1.957381358134689,2.028493681692763,0.008733624454148714,1.4221749249516604,1.4731102197384254,0.5217954727547209,0.8624999999999985,0.2124999999999993,0.9342902797107279,0.33558507797858694,0.5224641196983124,0.26221107093016727,0.04233851739803533,0.30505050505050485,True
sh.600073,2021-05-27,-0.04264870931537602,stop,0.06172839506172868,1.0491789655593562,5.3957,2.963963963963961,3.194377540799435,3.416639125507252,-0.045602605863192314,1.2209302325581421,1.7547919605765059,0.6002434534945656,1.0,0.27659574468085074,1.0224744278171456,0.03480278422273764,-0.09349593495934971,-0.02412340681581978,0.017152466367712987,0.46368715083798867,False
sh.600073,2022-04-14,-0.041237113402061654,stop,0.023255813953488,1.0168558327437263,9.9861,2.180327868852458,5.0528098403101405,5.6184996885832295,-0.11198208286674138,1.6347305389221585,2.7284582283534506,0.6446902443400365,0.736842105263159,-0.07017543859649063,0.8999394190576568,-0.05282112845138065,-0.0025284450063212116,0.010555976561249058,0.033840304182509454,0.41958041958041964,False
sh.600075,2021-03-18,-0.0710128055878928,stop,0.2264808362369337,0.9560702358124004,10.0,1.5687943262411321,2.1361236228834914,2.219675093161997,0.023255813953488413,1.590909090909089,2.8571551084139255,0.5546775328099421,0.8607594936708866,0.5696202531645591,1.0797456664136835,0.5241781732633468,0.34705655068228514,0.3590899707477447,0.05130533484676505,0.3624595469255665,False
sh.600080,2024-05-07,-0.03601108033241004,stop,0.3142857142857141,1.0221965136318945,6.6971,1.5135135135135134,2.7033520081294373,2.9029987657481624,-0.12375000000000003,1.4782608695652215,2.515919593604659,0.5155342715775093,1.2500000000000016,0.45454545454545675,0.8023952980708048,0.06814814814814829,-0.04503311258278131,-0.0009468603496453464,0.033009708737864074,0.010309278350515191,False
sh.600085,2021-10-18,-0.04146634615384628,stop,0.027522935779815044,0.6103938393822826,6.9937,1.9886925795052985,2.1930882078297707,2.9652420692755097,-0.17129814026165002,0.8881199538638955,1.8670942534219483,0.5628023924045638,0.7810945273631832,-0.17412935323383044,0.7657734309723488,-0.06660767874538798,0.16730580017061736,-0.027309805075531147,0.03383144052600121,0.1519999999999994,False
sh.600085,2021-11-04,-0.05422039859320025,stop,0.34862385321101075,0.7807655141136355,6.2344,1.4134997163925094,2.2716772064904047,2.8094906926137586,-0.041084688534536395,1.9886925795052985,2.1930882078297707,0.48326947570081236,0.8707865168539369,0.10112359550562117,0.8402160036497531,-0.021542539542999117,0.19562893973433382,-0.017144724005730843,0.03106635532204713,0.2636363636363634,False
sh.600085,2022-06-16,-0.04183773216031261,stop,0.35135135135135037,0.8367433147728285,6.4599,2.0119047619047654,1.6673229164348946,1.8408842185693248,0.03687499999999999,1.1056485355648558,1.4005309149533134,0.6946386018195008,0.8313609467455617,0.4526627218934909,1.014881779191363,0.2761194029850744,0.36254980079681287,0.1764053897559476,0.0330604288499025,0.5527610716238376,False
sh.600094,2024-03-12,0.07107023411371273,tp,0.1627906976744192,0.4217155134981824,6.1151,1.762962962962975,1.2985323024753954,2.2673231040165076,-0.06645569620253144,1.5806451612903294,2.017632676811823,0.5561067451379278,0.705882352941174,0.3529411764705817,0.9010924592601184,-0.009868421052631748,-0.10682492581602399,-0.010004111278607763,0.04462901439645625,0.4137931034482755,True
sh.600097,2021-12-23,0.06072410632447322,tp,0.2159999999999985,1.0342845358435127,5.4755,2.1200000000000108,3.0996723611863857,2.959607974792864,-0.12857142857142845,1.2027491408934747,1.6264843943479605,0.45693903587986134,0.8867924528301826,-0.1132075471698174,0.8866667051406147,-0.033628318584071115,0.16417910447761175,0.08858908752575244,0.023199023199023193,0.2394366197183086,True
sh.600097,2022-03-02,-0.02646815550041346,stop,0.21428571428571408,0.9567509272465572,5.5556,1.207746478873243,1.998527164109266,2.0256832547465535,-0.0746268656716419,1.1889952153110026,1.4703209597692664,0.6519014782357714,0.9387755102040841,0.6326530612244889,0.9255163694207746,0.20418326693227096,0.3155603917301415,0.10866574965612086,0.03939895230217814,0.37468982630272935,False
sh.600097,2023-11-02,0.045638945233265685,tp,0.30120481927710807,0.9879816760837765,5.3552,2.006993006992998,4.684107136829629,6.595262197898938,-0.17957446808510646,1.7192982456140449,1.3493538707908865,0.5188610099406179,1.0975609756097573,0.48780487804878203,0.9773849044453404,-0.021868787276341894,-0.00396334923639674,0.026541754335562058,0.020088075880758838,0.24444444444444535,True
sh.600100,2021-05-11,-0.009924499596846834,timeout,0.1764705882352946,1.0443591376659183,5.2083,2.1592039800994955,2.2404479959883643,1.8964706465102543,-0.035031847133758065,1.440000000000001,3.1403509592875536,0.5544493824334792,0.7096774193548417,0.06451612903225834,0.8517513780444043,0.08960573476702494,-0.08984175664469074,0.0072533175841467,0.021710526315789513,0.1257485029940114,False
sh.600104,2020-02-20,-0.04349698535745028,stop,0.2978723404255322,0.7496533032118213,5.8167,1.5584415584415536,1.6304208385036718,1.5733216563966008,-0.10437179992122902,1.5051694906989401,1.7463189109620436,0.5437089464953311,0.8666666666666686,0.21666666666667156,0.6441903697230782,0.007855150639668462,-0.06125491683276596,-0.026437702180686126,0.02904235791716597,0.18932038834951379,False
sh.600109,2024-05-06,-0.0329920364050056,stop,0.1743119266055034,1.02611041346098,6.821,1.5000000000000053,3.468110048151713,3.548669150983471,-0.060021436227224,1.0632911392405004,1.9090612261411273,0.5298350246212817,0.9696969696969672,0.1818181818181803,0.9434003572422122,0.011454753722795141,-0.026460859977949336,-0.010681207051090215,0.02181955454888636,0.06837606837606884,False
sh.600110,2020-08-06,-0.058252427184466174,stop,0.042735042735042604,0.5434712772823735,7.2165,1.4714714714714738,1.2333177858380346,1.8278267990605352,-0.09407665505226481,1.2050632911392427,1.6112507393152165,0.657349431712205,0.9428571428571432,-0.028571428571428425,0.6525827735611078,0.11612903225806459,0.027722772277227747,0.038865721434529,0.046692357096981385,0.12542372881355912,False
sh.600110,2020-09-17,-0.06654991243432569,stop,0.09489051094890473,0.7573931646675671,9.7143,1.7676767676767642,1.669373667800757,1.7494689418115448,-0.03193277310924392,1.2599999999999982,2.09612953626955,0.6335398614977338,0.8800000000000002,-0.11999999999999979,0.6933795825909586,0.12426035502958577,0.19999999999999996,0.15106945122259047,0.046608187134502946,0.18021201413427518,False
sh.600115,2021-04-12,0.045698924731182776,tp,0.24770642201834928,0.5302445807140661,6.4151,1.5063291139240496,1.3166695456847302,1.6270417208473287,-0.029259896729776247,1.8974358974358982,3.641384774992392,0.4764024137437667,0.7058823529411774,-0.2941176470588226,0.6014217561155737,0.20697167755991286,0.12153835061038154,0.1332914579279844,0.038868832731648616,0.1808118081180813,True
sh.600115,2023-07-06,-0.04980079681274901,stop,0.08333333333333282,0.894082017769968,5.6723,2.333333333333337,3.5560711690033933,4.067912122067933,-0.10498220640569389,1.3611111111111076,2.151162352542173,0.2869566550816956,1.0,0.0,0.9262825574870808,-0.0787545787545787,-0.0787545787545787,-0.026011747240689147,0.022200132538104714,0.25000000000000017,False
sh.600118,2020-04-10,0.04260227622270061,tp,0.19674355495251075,0.543265538108289,9.8289,1.2918322295805706,1.259061646001829,2.1550812249744515,-0.21486810551558766,1.458173865500271,1.8844046436752573,0.6403013846629989,0.7990430622009591,0.05263157894736933,0.7908635726401537,0.42516268980477223,0.5243345750432691,0.23311175799990597,0.06308472856418063,0.19474585950885262,True
sh.600118,2022-01-04,-0.058608058608058684,stop,0.13636363636363572,0.7656811623960396,9.9842,5.278688524590154,5.731626373465761,9.650100187724851,0.00396253602305463,1.0202429149797718,1.6526075531860223,0.4626409468508907,0.7154150197628458,-0.2529644268774713,0.9324786454661557,0.0,-0.005429926319548195,0.02174124072435692,0.019353654058024233,0.2237442922374425,False
sh.600118,2024-12-13,-0.07974276527331185,stop,0.31259259259259253,0.6627003120532647,10.0141,1.6031088082901552,1.8532589975974585,1.7711070981731822,-0.08046989720998521,1.631234668847098,1.5677275194650984,0.723354959104167,0.9321266968325765,-0.06787330316742349,0.8192594106712575,0.5244618395303322,0.34035044094360356,0.2916298966865006,0.05136927685066322,0.19354838709677422,False
sh.600125,2022-02-23,0.08244206773618529,tp,0.23684210526315788,0.9798690327229573,6.3315,1.665594855305464,2.274936495004243,2.1346164013130373,-0.005226480836237113,1.2372093023255752,1.4864882130244945,0.4971427744181406,0.7567567567567587,-0.13513513513513548,0.8092840440408821,0.1670103092783506,0.13426853707414832,0.10537879404345324,0.03274440518256775,0.11111111111111091,True
sh.600126,2022-05-30,0.04158607350096706,tp,0.0,0.8455354140650926,5.87,2.218579234972678,2.1307462778186634,2.7941184931490923,-0.20846394984326022,1.4640522875816957,1.152284419466532,0.7781800214706068,1.1034482758620698,0.344827586206897,1.0517622035230205,-0.13735343383584575,0.015779092702169484,-0.03296978421769123,0.02996763754045308,0.3076923076923081,True
sh.600130,2022-08-09,-0.03827751196172252,stop,0.2249999999999997,0.7367686891788835,6.7708,1.3827160493827135,1.440736703329993,1.746113578015642,-0.053117782909930855,1.076923076923074,2.4021431714769865,0.6323211913846788,0.9583333333333341,0.41666666666667007,0.9646367677109579,0.2574850299401199,0.11111111111111116,0.12256943671069336,0.043253968253968274,0.2254335260115607,False
sh.600131,2023-03-06,0.07403252944475613,tp,0.11522633744856034,0.829532989318465,6.0012,1.341897233201581,1.6828815252027287,1.5763867870784742,-0.027792915531335227,1.5053763440860208,2.3873969612302326,0.5196651219066234,0.8247422680412377,0.02061855670103085,0.8501501271310397,0.05368731563421836,0.29420289855072457,0.14985326387286815,0.03471444568868985,0.065918653576438,True
sh.600132,2020-06-29,0.038428571428571416,tp,0.04826418289585028,0.9829477672521041,10.0,1.433612959213189,2.413470085374063,2.7666657562290666,0.052024922118379946,1.4406700610187948,1.9169359227909282,0.6326519279897305,1.0056497175141246,0.42937853107344603,0.9892474553029993,0.5561071038763596,0.3454308133902386,0.340029981787726,0.03618549019447546,0.2276725585016897,True
sh.600132,2023-02-16,-0.03500000000000007,stop,0.13428857047650772,0.8929625652722564,6.25,1.5256042605489573,1.7196881136524953,1.8250884759685864,0.01826894279724467,1.2492725509214315,1.6623288085963297,0.3290191535772194,1.0701754385964908,0.16040100250626468,0.9382430970184508,0.23431037583168512,0.1945701357466063,0.20932451925723933,0.03701437451437453,0.26002971768202104,False
sh.600135,2021-08-26,-0.03250975292587778,stop,0.05714285714285707,0.6479562577586608,5.7613,1.399999999999997,1.3162410047162565,1.6325920238158156,-0.02281368821292784,1.9667789773807662,3.3145626330306723,0.6573529772208386,0.8444444444444453,0.13333333333333347,0.9080239798189819,0.24865237662649942,0.2921377827776712,0.20857075422245103,0.04018545241267791,0.29096989966555153,False
sh.600135,2022-05-24,0.09888059701492535,tp,0.3863636363636364,0.8697245660312527,6.7851,2.0440771349862246,3.6596436988116126,5.078412849898023,-0.16116751269035534,1.8154613466334175,1.6531338356965983,0.5189333514580581,0.9056603773584915,0.0,0.9435348913972419,-0.11748998664886523,-0.1186666666666667,-0.09059640916282584,0.042057488653555214,0.07011070110701083,True
sh.600137,2024-11-28,0.03253090435914119,tp,0.2354948805460738,0.9644461234993748,5.8011,1.487046632124353,1.5142062543865815,1.642915927381294,-0.017948717948717996,1.5225988700564963,1.5431261224777026,0.7057840675308807,0.7804878048780481,-0.10975609756097374,0.7449382505755883,0.3278116826503925,0.19123952907767405,0.2081229985740053,0.033836725760560266,0.0728241563055065,True
sh.600141,2022-09-09,-0.05131964809384173,stop,0.2752420470262786,0.8353102945279461,7.3833,1.3982808022922646,1.5584630541555333,1.7077830518184296,-0.13365607240580935,1.366424986056892,1.556280638930895,0.4871358897406499,0.7254098360655797,-0.09836065573770066,0.7712450106317924,-0.05409064260627294,0.2370888666930513,0.08097962115016495,0.03785434995112415,0.13807531380753169,False
sh.600143,2021-12-03,-0.034356725146198724,stop,0.05882352941176584,0.8416989613334098,6.6824,1.631756756756757,2.5890026853219603,2.75409182501341,-0.2427455357142857,0.8705882352941235,1.4544369475242562,0.581886434123685,1.173913043478256,0.17391304347825615,0.8901609416452665,-0.16166564605021427,-0.3490252020922493,-0.19895456451565718,0.03435597759922081,0.41839762611275944,False
sh.600143,2022-06-29,-0.04184100418410045,stop,0.11656441717791345,0.8088249503913296,5.2747,1.4788732394366202,1.730127276967467,1.9072714219702356,-0.032528343011105854,1.669924411510543,3.7622655671677028,0.5692714095781467,0.7555555555555582,-0.15555555555555575,0.8355623020754535,0.01131775516798239,-0.21793594817395556,-0.044892507001588186,0.03225668798401772,0.2373522974512409,False
sh.600148,2020-11-24,0.03495145631067961,tp,0.21296296296296316,0.5960121639748749,5.2062,1.6600000000000024,2.2778163863950414,2.5632718137826296,-0.05295191722458903,1.4951456310679636,3.1515315413252014,0.599251291695303,0.8674698795180699,-0.13253012048193014,0.69817166191619,0.01046435578809679,0.17210202767365912,0.04169272026059786,0.030550161812297718,0.1422018348623847,True
sh.600150,2023-01-19,-0.020833333333333336,timeout,0.2845528455284564,0.9779234019997886,5.6036,2.045743329097842,2.100370047953,2.288592354185758,-0.15709090909090906,1.0821256038647418,1.2937085472541439,0.5464634339309097,1.3652173913043457,0.3652173913043458,0.9227044155789191,-0.12137006701414732,0.034072391421472226,-0.03958171617400828,0.026172316384180785,0.2436974789915985,False
sh.600150,2024-04-03,-0.029411764705882172,timeout,0.11926605504587157,0.7164991974957421,6.9364,2.157996146435453,1.509722429404589,2.0465856631515873,-0.03115998952605392,1.5942317255096994,2.0642973432620257,0.6058938208997108,1.1833333333333327,0.3333333333333323,0.937794300944032,0.26845637583892623,0.33427462054359336,0.2631192026977731,0.03198412698412699,0.05544147843942489,False
sh.600150,2024-06-04,-0.0005295207836907584,timeout,0.35211267605633656,0.7398996632551594,5.014,1.9673527324343534,1.7985972766302145,2.068719252674154,-0.06251562890722684,1.2317961165048492,1.5146813270530897,0.4557518139273772,0.8232323232323221,0.2070707070707045,0.7557389155925083,0.011475847344542434,0.3741841914430746,0.1303872346771387,0.02875989445910288,0.03999999999999955,False
sh.600150,2024-07-03,0.051446945337620606,tp,0.22987183732878969,0.8096016810507314,7.8411,2.1194305378921254,2.3062459371669677,2.750737067304563,0.01800450112528118,1.9673527324343534,1.7985972766302145,0.4033870199894389,0.9065743944636669,-0.09342560553633307,0.8782621849010291,0.08012820512820507,0.37364130434782594,0.149584543808597,0.028058055979634643,0.20487567517806887,True
sh.600152,2020-12-24,0.05672268907563022,tp,0.3857142857142852,0.5440431236585358,8.6687,1.772532188841198,1.7085133605530178,2.0100034583610866,-0.04229195088676685,1.4153846153846132,2.0321559798924835,0.892987553442989,0.881355932203392,0.23728813559322187,0.7946997987898508,0.05449189985272462,0.20538720538720523,0.07808324027253223,0.04120111731843577,0.09375000000000001,True
sh.600156,2023-10-27,0.03239740820734349,tp,0.3939393939393937,1.0201230052180388,5.3991,1.5024390243902492,1.9334602579006264,1.9596294917120374,-0.1575984990619136,1.4157303370786447,1.325755530761286,0.6972238315157108,1.2272727272727235,0.5909090909090882,0.8009739116156674,0.0,0.09738717339667469,0.026039642440730794,0.02727272727272731,0.020134228187920232,True
sh.600156,2024-01-22,-0.18421052631578938,stop,0.22448979591836904,0.6292480725810159,9.9391,2.473895582329312,1.1253569695024417,1.5693464420113354,-0.040707964601770175,0.7000000000000015,1.902274002839453,0.6710272672999397,2.227272727272731,4.090909090909097,1.306112772237707,0.5627705627705624,0.5627705627705624,0.49981823532466607,0.03596491228070178,0.6198830409356721,False
sh.600160,2021-01-28,-0.07292817679558017,stop,0.16091954022988622,0.9240952017176554,9.9754,1.5689631889597544,2.82707809882467,3.240357673239535,0.032369942196531776,1.5019076335450998,1.7695164032956687,0.6513512049981658,0.953846153846153,0.09230769230769097,0.9403363959851854,0.3162025756910123,0.2050487388699218,0.21167411837319547,0.04175069904561963,0.2329888451435872,False
sh.600160,2024-05-06,0.04678483099752679,tp,0.21759259259259162,0.8766192915690069,9.6939,1.4822404371584672,1.5767527937075954,1.7796897242914627,-0.0243399339933994,1.1764705882352948,1.3975534012703112,0.6385826260643545,1.0,0.2774193548387104,0.9090900518284553,0.5269499048826884,0.6270270270270268,0.30953783683347064,0.043410852713178294,0.08853681267474331,True
sh.600163,2024-07-04,0.06273473914301332,tp,0.04615384615384568,0.8957494553024284,6.4315,1.9563390176917668,2.05256394622029,2.4672449858373584,-0.06386861313868641,1.4271902563311893,1.5928164715664617,0.688305886455788,1.125000000000001,0.281250000000001,0.9817681662636829,0.17567567567567566,0.18099547511312197,0.1715642032475241,0.03358870780517255,0.19708029197080196,True
sh.600165,2021-03-04,-0.032520325203252085,stop,0.31343283582089576,0.9177084765730823,6.9847,1.4893617021276582,1.3066865559183278,1.5270626745325544,-0.24874338876396862,0.6579634464751963,1.3952041834361972,0.4825758227050669,0.6999999999999988,-0.30000000000000115,0.7488374487838637,-0.23661764373064031,-0.1796943255534309,-0.12123440425089262,0.04491341991341992,0.0629921259842519,False
sh.600167,2019-11-06,-0.02361563517915315,stop,0.34999999999999976,0.957193744613944,5.2259,1.3809523809523838,2.3745405116169724,2.5026609866305005,-0.1359999999999999,0.8884615384615456,1.263194269231237,0.7181208171058273,1.0344827586206855,0.34482758620689513,0.982428882515813,-0.03205128205128205,0.1617681883268769,0.08785159834961527,0.031567328918322285,0.2426035502958573,False
sh.600171,2024-05-07,-0.030952380952381023,stop,0.0160771704180059,0.830326113503932,5.298,1.2031250000000047,1.650527075954775,1.66774669955113,-0.1463087248322147,1.6030534351145054,1.3404302666042214,0.6004073786768556,0.8363636363636369,-0.14545454545454825,0.8528075454853545,-0.06300963676797644,-0.2144188937228092,-0.06577399466614108,0.0333860759493671,0.007968127490039502,False
sh.600172,2021-07-01,0.13593750000000002,tp,0.122641509433962,0.9273792916838638,10.0,1.2523364485981303,1.5474166457005591,1.9975740268020938,-0.07153075822603705,1.1463087248322155,1.523600674165033,0.6301712797405169,1.014925373134328,0.014925373134328042,0.8302914151812756,1.1311475409836067,1.070152304317995,0.5950285711147658,0.08112820512820512,0.02222222222222223,True
sh.600176,2020-05-08,0.03493699885452465,tp,0.011235955056178934,0.8800408089269955,5.8965,1.6666666666666705,1.6276072713130245,1.8506273011845997,-0.15465898174831894,0.9185520361990961,1.3320931719143867,0.566092677267372,0.7555555555555551,-0.24444444444444485,0.8414046571995203,-0.12487411883182276,-0.03441796729203306,-0.07585960257545461,0.03199079401611043,0.2015503875968991,True
sh.600176,2020-08-24,0.04236111111111117,tp,0.246031746031747,0.5987321584525895,8.9394,1.6953125000000018,1.856551161962663,2.602131272251581,0.005594405594405716,1.4651162790697672,1.5323732440259599,0.45022870277114546,0.9758064516129036,0.10483870967741797,0.9202015103387284,0.6620847651775488,0.5783397992244557,0.4805035126545329,0.053020905122903764,0.38248847926267293,True
sh.600183,2024-07-15,0.034528552456839307,tp,0.26011267465179333,0.8120576936244918,9.0168,1.425737188449002,2.1205837300911288,2.559830672533474,0.036053839400474574,1.7048503611971064,2.178440801567841,0.5621375657908171,0.9548872180451153,-0.04511278195488462,0.9300957369757188,0.4812825054185892,0.3831784731384795,0.2608114476606707,0.0380083022344975,0.15237757455784157,True
sh.600184,2022-02-17,-0.07355021216407355,stop,0.08016877637130858,0.6957706028371573,6.2038,1.5516372795969777,1.6994748162232405,2.3224131951097404,-0.17922374429223742,1.5647058823529416,1.0389202451736128,0.47097038200302144,0.7840909090909052,-0.21590909090909483,0.6902117476345684,0.17079207920792072,0.21075085324232057,0.08379902491184717,0.04538407329105006,0.015985790408525487,False
sh.600184,2023-04-07,-0.04363905325443779,stop,0.1382978723404242,0.9114139017674636,6.3981,2.3465160075329567,2.1082277181889526,2.2126505922642385,-0.017505470459518557,1.2224532224532272,1.444207054009348,0.44643151551227434,0.9887640449438203,0.011235955056179685,0.764442392322156,0.17626527050610807,0.22323049001814876,0.10103732745242168,0.0255192878338279,0.031088082901554567,False
sh.600185,2020-04-21,0.0620950323974081,tp,0.31999999999999834,0.7539156016320385,5.1044,1.9397590361445776,2.574275330350203,3.1888118468480284,-0.10650887573964518,1.2810457516339868,0.9433914191845881,0.5534370485757025,1.217391304347829,0.217391304347829,0.9658207972471314,-0.04184100418410053,-0.11408290814264843,-0.013143896957920816,0.034934497816593885,0.4531250000000008,True
sh.600185,2021-08-19,0.07675906183368864,tp,0.35922330097087335,0.8534527906013624,10.0,1.9941262848751833,2.2464434985338553,2.3902764393482716,-0.017429193899782036,1.6599552572706955,3.7741682038227116,0.6717165753524917,0.7731958762886613,0.3711340206185571,1.021687564757222,0.1166666666666667,0.37738619676945695,0.3077119687710575,0.04857853589196872,0.351629502572899,True
sh.600186,2023-06-02,0.03723404255319149,tp,0.3548387096774179,0.6281720444225657,5.1852,1.7948717948717932,1.7057116847880118,2.4423202574703198,-0.0596026490066226,0.8749999999999986,1.8819460013629303,0.5113509484293806,0.8666666666666665,-0.06666666666666529,0.5677146489691502,0.02166064981949467,-0.047138047138047146,0.03805593764328299,0.02756183745583039,0.10447761194029821,True
sh.600187,2023-05-08,0.08173076923076919,tp,0.28888888888888853,0.7769872000082411,7.0539,2.087719298245613,2.0481632205142124,2.1887848485827845,-0.12542372881355934,2.192771084337345,3.093867316684533,0.4916901824795754,1.0588235294117634,0.05882352941176348,0.6640974698309483,-0.113013698630137,-0.03717472118959109,-0.042543359723976576,0.028828828828828843,0.037735849056603786,True
sh.600188,2022-06-13,-0.05190729116368885,stop,0.25586854460093883,1.0246168227684909,9.9897,1.836464857341685,1.9262859760471498,1.9153547794077508,0.04231898238747567,0.9574961360123637,1.3747382604018623,0.7587373134501898,0.8620689655172408,-0.1379310344827592,0.8512688398968756,0.2758411639890874,0.8331881533101047,0.3274357215507249,0.04592539795675934,0.4293849658314361,False
sh.600189,2022-05-20,-0.020537124802527628,timeout,0.08433734939759026,0.5373010191614646,8.8737,1.7843137254901984,2.249393438552658,3.856729401361954,-0.1984924623115577,1.4618473895582305,4.025318808697831,0.5557331642734765,0.7307692307692333,-0.11538461538461453,0.7007313328540126,-0.1662269129287599,-0.18240620957309173,-0.12917671374440245,0.048523206751054856,0.14202898550724638,False
sh.600189,2024-12-05,-0.05690072639225168,stop,0.07142857142857174,0.6214708100810502,9.9602,2.290388548057258,2.596671107847976,3.9369991420780805,-0.1455108359133127,1.205992509363295,1.4992717786468188,0.6210797926043992,0.9625000000000008,0.0,0.7577331003329006,0.2248520710059172,0.13424657534246576,0.12182485805211657,0.045732689210950105,0.19685039370078747,False
sh.600191,2024-11-05,-0.04516129032258065,stop,0.3396226415094332,0.6040943803232837,6.0764,1.7266666666666721,1.5051657439376078,2.1296135049601252,-0.07001522070015209,1.876288659793815,4.16952238426509,0.7105601202377533,0.837837837837836,0.24324324324323987,0.973084174012118,0.2601626016260161,0.14602587800369693,0.23070963548103018,0.042150537634408576,0.018450184501845417,False
sh.600192,2024-01-03,-0.03821656050955417,stop,0.2631578947368414,0.6748349984439757,8.2024,1.9036827195467454,2.6504719925252958,2.4677219804105652,-0.01898734177215189,1.412844036697249,3.2607670354705314,0.705134976854317,0.9791666666666671,0.18749999999999953,0.9202749474501407,0.14990859232175535,0.08448275862068977,0.11547897023615997,0.03137254901960782,0.3535353535353537,False
sh.600195,2020-07-03,0.06875772558714463,tp,0.2063492063492052,0.9852523500998606,6.1478,1.56532663316583,1.525267468202977,1.5086508037576574,0.03772378516624042,1.4368932038834934,1.8793606310969708,0.6615657793707772,0.9550561797752805,-0.0449438202247195,0.9129318201733685,0.26287051482059276,0.4017045203637166,0.20073423526430623,0.031974469837348155,0.3307240704500981,True
sh.600195,2021-11-04,-0.026548672566371702,timeout,0.07006369426751516,0.7102018850806383,7.5829,1.8197573656845754,2.5168598121382457,3.3064370270914383,-0.023235800344233892,1.493006993006995,1.1695272673142774,0.4702042289406396,0.8400000000000013,0.026666666666666866,0.7746763697241034,0.12019704433497536,0.027260722345365362,0.04192841609701613,0.03377308707124009,0.03896103896103826,False
sh.600196,2021-07-01,-0.10335386721423674,stop,0.07979626485568854,0.9751093161230986,9.9985,1.6171010688168013,1.7651217042716405,1.8981447182878406,0.007517769272826769,1.1647398843930652,1.2767891846766901,0.5666961944255808,0.7353896103896105,0.0470779220779227,0.9897904135689014,0.8430884184308842,0.4288064651717771,0.4149892406746448,0.048567567567567554,0.17509313464608844,False
sh.600196,2022-10-19,0.02727272727272721,tp,0.30418250950570314,1.0182205457876652,5.9884,1.6545454545454537,1.878708863140043,1.8797993840799796,-0.41104178483645304,1.2114613180515708,1.9332689468541058,0.6413765734854393,0.9704142011834347,-0.029585798816565322,0.5929955444742853,-0.36374795417348593,-0.2782742444601437,-0.24323455572062186,0.04048231511254018,0.23920863309352475,True
sh.600197,2021-08-26,0.10234215885947016,tp,0.19655172413793084,0.7770014121067693,10.0045,1.9623430962343043,2.280272401041652,2.452852976980668,-0.3271394409816144,1.1621399396059928,1.5069812759442633,0.6105403032322864,1.059701492537315,0.10447761194029877,0.6422832891526703,-0.16560496944876957,0.29421644057636653,-0.03039090234820283,0.047297479444669076,0.017733230531996966,True
sh.600199,2023-07-13,0.08291065158017961,tp,0.32552693208430844,0.7686904567017622,8.5382,2.087719298245618,3.1540432544278443,4.386265569678675,-0.08969258589511742,1.1436265709156195,1.869243946236264,0.45651377778041424,0.9529411764705872,0.27058823529411563,0.8057447590126868,-0.0003900156006241273,-0.056332842415316664,-0.019013080463509708,0.03055013655872025,0.03837953091684431,True
sh.600201,2023-11-22,0.068,tp,0.1428571428571418,0.7840660010259717,6.4482,3.009345794392527,2.7901535340628616,3.8043880027165056,0.016145307769929396,1.6748466257668781,3.1416695244689317,0.5703258912706942,0.8115942028985492,-0.04347826086956817,0.9029709601424878,0.07841031149301814,-0.019025624432357557,0.05066162577061268,0.023738379814076997,0.6425531914893607,True
sh.600206,2020-02-19,0.026739690721649462,tp,0.06278026905829619,1.0465981926074563,8.8652,1.2662807525325612,2.107639911441007,2.4224887687556356,0.04849726775956276,1.4217616580310883,1.6650753836740415,0.8350380832549628,1.2,0.2,0.8973135394813607,0.5936162298440664,0.5176559231686197,0.3654314553550919,0.05386737316777777,0.3126293995859212,True
sh.600206,2022-06-21,0.05257393209200419,tp,0.02893890675241195,0.8779587540109188,7.7862,1.797563261480783,2.3266960299416355,2.7018120911596624,0.024295969077857693,1.1807228915662673,1.4265617334487346,0.4733449344894698,0.7956204379562034,-0.2043795620437966,0.8353184243808616,0.3031383737517832,0.15413771320277947,0.20698957289613623,0.04066776135741653,0.2384937238493721,True
sh.600206,2024-07-12,-0.04386951631046121,stop,0.31248973889959264,0.6549128718240018,5.7007,1.4721705108949443,1.5562946327854468,1.923379865345078,-0.2263488117744985,1.9801464406897744,2.579581518367179,0.49865290275732027,0.7254901960784279,-0.05882352941176595,0.4032913388355118,-0.17529426532017212,-0.2044358107152192,-0.11369241657764612,0.03463716259961256,0.24559350145469397,False
sh.600207,2021-07-22,-0.062355658198614425,stop,0.2914285714285716,1.030830002864708,10.0127,2.210526315789477,1.5634463380821877,1.8934274720232815,0.028436018957346043,2.063157894736844,2.9622344028450307,0.8718770236421947,0.8690476190476198,0.07142857142857195,0.9867156512528278,0.5948905109489051,0.47138047138047123,0.3599408721359943,0.044469870327993884,0.2759493670886076,False
sh.600210,2022-08-16,-0.03462134868372969,stop,0.010989010989010964,0.7604686071936381,5.9625,1.518644067796605,2.0258539787406673,2.2361430209439144,-0.14560439560439564,1.180076628352487,1.3235066552388433,0.5343610962521143,0.78125,0.15625,0.9694478765603868,0.09807355516637473,-0.0939306358381502,0.06743087377814352,0.03280170122275387,0.0990099009900988,False
sh.600211,2024-08-05,0.04710038269060926,tp,0.36979166666666574,0.7397300787629101,6.4861,2.2394995531724704,1.9289436843644854,2.1292320264077955,-0.18852821414378285,1.3305298570227142,1.2691458306462702,0.6506523469640083,0.8044692737430182,-0.1955307262569818,0.6497571485965954,-0.14283938934504925,0.1136733502138434,-0.036500782370450735,0.026481354181611325,0.2055749128919862,True
sh.600212,2022-09-13,-0.08482142857142874,stop,0.2191235059760952,0.6815635692330079,10.0613,1.59558823529412,1.2447417560545757,1.6099904576152422,-0.012114537444933848,1.6135593220338973,2.1660368789094577,0.5670670607905665,0.8602150537634402,0.032258064516128296,0.8763855351900988,0.5,0.7408123791102514,0.4951407924246202,0.05433333333333335,0.23661485319516404,False
sh.600213,2021-12-03,-0.045045045045045,stop,0.06451612903225762,0.8869822787747343,5.1007,1.6782334384858,1.4595230071290997,1.8900374621188976,-0.162566844919786,1.688235294117647,3.867479904616086,0.49657440812273945,0.8157894736842093,-0.1842105263157907,0.750029865902284,-0.06618531889290025,0.11815561959654164,0.03300238504631429,0.0332044673539519,0.23076923076923095,False
sh.600216,2020-03-09,0.0475030450669914,tp,0.13043478260869532,0.7431362190324401,8.2759,1.5748331744518558,1.7916123733200409,2.368545351456409,0.014211886304909438,1.5612998522895105,2.128505752997891,0.7607781387434531,1.0677966101694918,0.7542372881355963,1.0981485690799289,0.3072383200762774,0.25578003646994385,0.2695883365410325,0.054992967651195525,0.33261571582346616,True
sh.600216,2022-09-09,-0.053130929791271396,stop,0.16320474777448077,0.7367749973538458,9.9729,1.8514492753623213,1.9342069656893544,1.5302608891047895,-0.016979987871437063,3.1387096774193552,5.051590447299195,0.60670432736903,0.80821917808219,-0.19178082191780993,0.8025983179781984,0.19427445629423246,0.09334985435387488,0.154653493723367,0.03885750156936598,0.2465373961218835,False
sh.600216,2024-07-23,0.0890522875816993,tp,0.3232582591036405,0.7305046600326308,6.7532,1.7075755240582928,2.1012548904807913,3.2380706187153505,0.050276048650625293,2.440926781632683,5.0132584116950625,0.6353214431786901,1.0128205128205139,0.012820512820513807,0.9080298972945651,0.36704059706123293,0.2609295829748266,0.2481646235760428,0.036574099487780225,0.3732619110542341,True
sh.600216,2024-11-06,-0.04838709677419367,stop,0.02551020408163181,0.9610967357435317,10.0061,1.8015503875968966,1.9215952878627514,2.0965012994694576,-0.04726890756302515,2.3352990732940215,2.8979335236768367,0.7211798210231806,0.9216867469879524,0.36144578313253156,1.0481876992487518,0.35698769007965225,0.7237542042219292,0.4099648147658608,0.05039131981501242,0.35773317591499376,False
sh.600218,2021-08-05,0.1929347826086955,tp,0.16363636363636397,1.001887425493287,6.214,1.896551724137935,2.306469547661814,1.7014805050100579,0.003260869565217428,2.035242290748898,3.666225460493934,0.5524183822649539,0.7999999999999987,-0.03636363636363905,0.8593893342768772,0.051744839029101763,0.07108727285032668,0.03970737048696668,0.024031849439015585,0.27737226277372234,True
sh.600222,2021-07-29,0.08729569093610715,tp,0.10637943663847639,0.9177812626942258,7.0853,1.8612327970536944,2.1390688604597705,2.6250179714006743,-0.15873579556449147,1.7543859649122824,1.3111446620790015,0.6643769539318206,0.957446808510635,0.17021276595744644,0.970050561974371,0.10680007888816023,0.36946865744782476,0.12156433162236317,0.04394313735615422,0.016533336902922822,True
sh.600222,2021-08-26,0.09146341463414606,tp,0.03626943005181352,0.6147886231053281,8.6575,1.4347826086956486,1.7864535468438616,2.002709995539251,0.030952380952380842,1.8612327970536944,3.2684051169141095,0.5497983239223622,1.1818181818181828,0.45454545454545836,0.9498231666699469,0.2606729431906969,0.6864161510224518,0.3856149624345352,0.043154761904761904,0.5271867612293142,True
sh.600222,2022-06-08,-0.033599999999999894,stop,0.12676056338028183,0.7709195278457217,6.5858,1.941605839416061,2.0942625847477387,2.7545526454907785,-0.27647058823529413,1.2564102564102537,1.1928574342067715,0.6402009405417839,1.1842105263157892,0.1842105263157892,0.9672847838795479,-0.08124076809453473,-0.21662468513853905,-0.12167568839726994,0.040460878885316194,0.22807017543859726,False
sh.600223,2024-08-05,0.03110419906687405,tp,0.1749999999999999,0.796693114235059,5.0571,1.6496897880598018,1.3654461416140389,1.6967825367450178,-0.30299087724700735,1.5310715487587252,2.0069642409856994,0.5399699270819126,0.7499999999999992,-0.2500000000000008,0.6895295992384267,-0.25929344679484045,-0.15042319225549927,-0.18185283966150503,0.029680835313829205,0.12085913453368052,True
sh.600246,2020-06-05,0.03321678321678308,tp,0.2662721893491134,0.8029512633287235,5.9333,1.3731343283582071,2.0316568357082367,2.2169136380403467,-0.02724177071509659,1.8007246376811548,1.6314561754155557,0.3860300020340945,0.9782608695652187,0.021739130434785144,0.7896075346584298,0.6342857142857148,1.0140357083544722,0.39375843195017407,0.04351204351204352,0.24579124579124695,True
sh.600248,2023-03-20,-0.03198294243070365,stop,0.10769230769230774,0.875570968931497,5.3452,1.7710843373494005,2.1489376241686236,1.8876332947974734,-0.018672199170124415,1.1764705882352873,2.316152481861815,0.6727718663351203,0.7619047619047605,-0.23809523809523944,0.6594641946368253,0.0469798657718119,0.0331125827814569,0.0566520536604638,0.022150997150997175,0.08661417322834596,False
sh.600249,2022-01-13,-0.021818181818182,stop,0.0571428571428585,1.007231792260788,5.0752,1.287356321839088,1.6464333971992897,1.6068575809320547,-0.008865248226950229,1.6521739130434838,3.829862236436876,0.5090003815205462,0.7083333333333307,-0.29166666666666935,0.7202395451579092,0.1499999999999999,0.1845493562231757,0.13151466493568595,0.029528985507246332,0.30666666666666625,False
sh.600251,2021-07-01,0.11626575028636879,tp,0.08845119658610164,0.9086325892740102,8.5161,1.4536366125047253,3.085942253235684,3.770317507497674,0.007463411275842047,1.5289413614427212,1.9858823817421818,0.5745186734993629,1.2857142857142838,0.2857142857142837,0.9263994029330831,0.2859734713680353,0.16726716647648088,0.25806629246109475,0.04195983695111171,0.23241319069669034,True
sh.600251,2021-09-10,0.05930568948891048,tp,0.01840490797545922,0.7820615813766126,10.0216,1.9118942731277573,1.8270741586461499,2.243951877555859,-0.1903251387787469,0.8864864864864859,1.4754865225988272,0.6415512381225041,1.0860215053763402,0.08602150537634023,0.93196562182647,0.4679029957203993,0.6396536898061287,0.21562503233871708,0.060511823777129915,0.13548387096774134,True
sh.600256,2020-10-21,-0.07788161993769473,stop,0.08695652173912893,0.9349319061226876,7.5908,2.35114503816795,4.47290929898094,6.489633616719449,0.04823151125401948,2.1538461538461524,3.327261948100932,0.3140867307211552,0.7727272727272712,-0.22727272727272885,0.8765309780594103,0.10309278350515472,0.25390625,0.14126570277316883,0.027622014537902397,0.33962264150943294,False
sh.600256,2022-08-12,0.08232838589981467,tp,0.049079754601226516,0.9374372803732952,8.0042,1.3130779392338217,1.6901324765248766,1.5991278454811992,-0.10493085010894188,1.5836065573770473,1.3225924282421218,0.6276972153672837,0.8732394366197205,0.6619718309859137,1.0606071886643884,0.1888364409262535,0.7674900595986265,0.22754778266491407,0.04600982197667281,0.30479452054794526,True
sh.600256,2023-09-07,0.025910364145658248,tp,0.2727272727272727,1.0091922002721447,5.5637,1.6250000000000004,3.268243831622588,4.33335494917215,-0.016371077762619257,1.638297872340418,2.4353957053922044,0.4243086628499763,0.8846153846153813,-0.11538461538461876,0.8865911653063486,0.10799035581934402,-0.17442180571608568,-0.022231159171099878,0.022748375116063133,0.020408163265306145,True
sh.600258,2020-09-18,-0.07297830374753464,stop,0.17177914110429437,0.8841538678316182,6.7344,1.8719397363465204,2.1404517269140144,2.2647699408488893,-0.06463700234192038,0.8523985239852365,1.2258528731838612,0.5735120236282886,1.0,0.13380281690140725,0.9322849385942847,0.29471714703734575,0.3898646296836341,0.1951045481067371,0.03966600529100527,0.12340425531914899,False
sh.600259,2020-01-02,-0.04747015349630469,stop,0.08488612836438957,0.7669550245159261,9.1106,2.4810126582278524,3.4565386819604664,4.179281288644549,0.051044776119402835,1.4109947643979053,2.5546928883397135,0.5245977100909227,0.8233082706766947,0.0915368821673606,1.0443362481447964,0.06466931250946506,-0.05305854416225475,0.07410035224514853,0.03097992135749914,0.38106556372144473,False
sh.600259,2021-08-30,-0.07192660550458721,stop,0.31406551059730364,0.6701609519207845,9.9979,1.5531587057010767,1.2904219062421864,1.737395997943993,-0.008743584869796761,0.9658852677720574,1.5238680236622903,0.7790913402986357,1.1448412698412713,0.43650793650793696,0.9827328905125875,0.4935421819181094,0.19977924944812364,0.37942703651611115,0.06315240723704388,0.26141359485965515,False
sh.600260,2021-04-21,-0.026166097838452636,stop,0.3243243243243245,0.8442756177669614,5.0767,2.437246963562747,2.445024183969392,2.9458586500429744,-0.13592233009708743,1.2314814814814772,1.0399097453240804,0.5314097378263838,0.7906976744186048,-0.20930232558139517,0.5699552080991783,-0.13030602171767025,-0.32070703876732465,-0.14257944273752218,0.020961029133560356,0.015873015873015574,False
sh.600262,2020-08-06,-0.11121076233183844,stop,0.10294117647058981,0.5603676220554115,8.6957,1.9411764705882333,1.8387680488351499,2.6419945556946822,0.0,1.6559139784946257,2.56466475330665,0.5501505449664986,0.9818181818181794,0.2787878787878806,1.0308966581735366,0.4099799391694139,0.3943134954008649,0.3148985543997705,0.037312553993832494,0.32851286401385527,False
sh.600262,2021-12-21,0.1029829545454544,tp,0.259130434782609,0.918746577498619,10.0,1.6893203883495131,1.5285404262256341,1.5235964071977455,-0.01747572815533993,2.8663282571912028,7.724568913782164,0.6758364682478335,0.9770114942528757,0.5000000000000021,0.9924653037353074,0.4971631205673759,0.47554677306541726,0.4364880245764823,0.04174956576661927,0.487228003784296,True
sh.600267,2019-11-05,-0.034807149576669756,stop,0.3009708737864073,1.0198588416097567,9.9792,2.5580246913580167,6.959446571970334,10.365744230197746,-0.07839721254355414,1.1775700934579485,1.3498024809768576,0.573161810840092,0.9054054054054077,0.06756756756756879,0.9756734750288943,0.06726907630522105,-0.02027649769585238,0.05554957922000556,0.029570398243963625,0.2952380952380959,False
sh.600267,2020-06-05,0.06298793470546481,tp,0.015151515151514174,0.7176332624301824,5.1841,1.384401114206127,1.7486141310544512,2.249625028029595,-0.23830250272034814,0.9476923076923077,0.9013083619486172,0.4706170187638388,0.7183098591549314,0.042253521126759896,0.7580279478912773,-0.08777633289987008,0.36603482068556925,0.03968894105824816,0.045521501544309846,0.011111111111110926,True
sh.600273,2020-02-25,-0.044776119402985155,stop,0.14678899082568772,0.9450554377607912,9.0373,1.6253298153034257,2.566399141892545,2.473708653877534,-0.06595019967112992,1.3281493001555178,1.8621393314655204,0.728891171083958,1.204545454545453,0.5681818181818202,0.9649605884341341,0.2913535071301683,0.13830738951511878,0.12189682804835104,0.04232758620689655,0.1393568147013784,False
sh.600279,2022-05-30,-0.03775561192743969,stop,0.1428571428571421,0.851894415424812,5.7935,1.5203619909502226,1.513248809201783,1.65456432678154,-0.22222222222222232,1.3168316831683118,1.0344704918220142,0.6225069372531707,1.0,0.20833333333333237,0.9288140200084886,0.021634615384615197,0.15489130434782594,0.032367765834699566,0.0476862745098039,0.205298013245033,False
sh.600284,2021-05-14,0.12282609187343105,tp,0.37349397590361627,1.0467657544322646,10.0329,3.2471482889733867,6.538733696742681,8.900380008933167,0.037209302325581506,1.8732394366197236,2.2582546556271383,0.4345005072766431,0.8196721311475405,-0.18032786885245955,0.8587582435406129,0.2162661737523106,0.017061355142548695,0.08387636956283447,0.02315096251266464,0.3300492610837443,True
sh.600285,2022-08-16,-0.028639618138424812,stop,0.026666666666666332,0.9916926817887717,6.2237,1.7681159420289922,2.4641539565564217,2.6418117424562766,-0.04172989377845193,1.0499999999999976,2.302549426293435,0.5585518220554111,0.8688524590163922,-0.13114754098360779,0.8370889339969994,0.05924875786742345,-0.07042439967933578,0.03359185841260861,0.029189907038512652,0.2023460410557188,False
sh.600285,2024-10-10,-0.04724409448818898,stop,0.35644937586685144,1.0346144560816715,9.3557,1.4033214709371293,2.0592237381695973,1.8957450251807102,0.0028328611898016387,1.9685589519650644,3.535649581434167,0.6484230638754915,1.3195266272189357,0.36686390532544205,0.8780392365592411,0.032100772043884396,0.23268750879301758,0.09255011034863769,0.04065616797900261,0.13551701991008352,False
sh.600287,2023-01-30,0.0,timeout,0.33333333333333215,0.9472704812057022,5.4369,2.2487046632124255,2.9679725410364552,3.4441659757412766,-0.10396039603960394,0.7283236994219616,1.0441953984863073,0.4126268640715713,0.8064516129032269,0.1612903225806477,0.9970090819509418,0.12065439672801648,0.02814258911819878,0.04299830290726264,0.02804136253041363,0.1666666666666669,False
sh.600288,2021-10-21,-0.09855769230769237,stop,0.20915032679738638,0.8410719607733328,8.1886,1.816216216216219,3.1047054659801514,3.8300995368762383,-0.005323193916349833,2.200308166409857,1.3328515277510606,0.3622985553839326,0.7604166666666662,-0.1666666666666648,0.7733734567196048,0.17450802300938562,0.060814875581077565,0.06283091156760914,0.035500515995872034,0.022140221402213996,False
sh.600292,2021-11-11,0.044757033248081834,timeout,0.38931297709923735,0.6790794538297011,9.3056,1.8087855297157636,2.3049985642905586,3.017141355626336,-0.15102481121898592,1.33333333333333,1.1742786650763932,0.49973395952066074,0.8599999999999991,-0.14000000000000093,0.5905632665276839,0.012987012987013102,-0.17798210551066118,-0.07216009915799357,0.04094017094017092,0.07352941176470586,True
sh.600293,2021-07-08,0.07598784194528868,tp,0.3939393939393939,0.9125832716646841,6.5972,1.255605381165919,1.3827059020912824,1.5126053751343047,-0.11781609195402298,1.6434782608695653,1.5271671566819938,0.916743784001339,1.5500000000000023,0.850000000000003,0.8131047564457213,0.49308755760368683,0.2134831460674158,0.24727319389195423,0.04969135802469134,0.04000000000000002,True
sh.600293,2021-11-22,0.040816326530612214,tp,0.18032786885245944,0.838660615128174,6.135,1.2669683257918563,1.667431522378694,1.8516623625353752,-0.3865248226950354,0.9333333333333325,1.4927775342741074,0.49362952968864837,0.8,-0.14999999999999888,0.6488142106501994,-0.22573363431151228,0.04892966360856277,-0.10176112432621166,0.04635568513119533,0.25161290322580615,True
sh.600298,2019-10-28,0.03820033955857376,tp,0.1923076923076911,0.8411386762642638,5.6794,1.5144230769230722,4.42836381141541,5.43697947784796,-0.056482670089858966,0.9915966386554566,1.3774931322622954,0.4375999599259434,1.0222222222222281,0.022222222222228083,0.9437127492194941,-0.019333333333333202,0.07818786922394017,0.020906964729874227,0.020586902334013144,0.23172628304821194,True
sh.600298,2020-04-03,0.092277115275412,tp,0.13623188405797074,0.6128533197546614,8.3744,1.5978928884986872,2.0087761121247762,2.948064574491307,0.033167009098914235,1.5041322314049568,2.1284277018170967,0.3888741119649389,0.7461538461538448,-0.16153846153846296,0.8981200199915055,0.143326758711374,0.2647272727272727,0.15938486154940226,0.04219858156028367,0.1918644067796609,True
sh.600298,2020-10-12,-0.03570290086069501,stop,0.15608919382504158,0.6533144287961925,7.3266,1.6637407157326127,1.3236147824964135,1.9514892483887785,-0.15913829047949968,0.9801462904911206,2.1031808122215634,0.5250810879096881,1.139204545454547,0.6761363636363624,1.084043115231839,0.1422343324250681,0.7740019442509001,0.19211572264152965,0.039567430025445285,0.15319148936170215,False
sh.600301,2024-07-03,-0.04143784323514729,stop,0.002481389578162538,0.719351444351591,9.7124,1.4908814307712288,1.2427123107283102,1.5726575841080177,-0.08506787330316756,1.7325513196480937,1.6148826382569066,0.4755048832414507,0.7500000000000017,-0.24999999999999836,0.8016011324306658,0.37569444444444433,0.5747217806041334,0.3165676366584312,0.06222494651570874,0.02270270270270269,False
sh.600302,2024-11-07,-0.038532110091742955,stop,0.14925373134328362,0.9141669019810231,7.9268,1.744680851063826,1.7860325374247163,2.038247206404908,0.02115384615384608,1.631067961165047,3.2375377070927347,0.580586511649889,0.8536585365853665,0.26829268292683056,0.9436317979756073,0.4849315068493152,0.3316953316953315,0.3985275219239032,0.04329643296432964,0.39607843137254883,False
sh.600305,2020-05-21,0.056363636363636366,tp,0.01305483028720674,0.977451925634225,10.0,2.2527272727272747,2.773015226079498,3.2089910378916224,0.05335874225821846,1.278782112274021,1.7516943460866423,0.4157218911545067,1.0112994350282485,0.011299435028248449,0.9610045917250531,0.2631278538812787,0.5106200775564276,0.2694139279241754,0.03473414670884167,0.370558375634518,True
sh.600305,2020-12-09,0.03692307692307694,tp,0.08502024291498048,0.8112693615343742,5.7602,1.7755331088664394,2.995157325334768,3.9891199622963445,-0.14828897338403046,0.9975708502024296,2.154073950520244,0.6067059273014569,1.4601769911504459,0.46017699115044575,0.9713682733075125,0.023671281822242207,0.33644314868804703,0.07741364316549039,0.03154450261780105,0.21693121693121672,True
sh.600309,2021-07-09,0.014917083234150513,tp,0.31214343928280364,1.0457362229411586,5.5388,1.2258756254467438,1.8614578071278685,2.0962061716632094,-0.008340283569641449,1.823764093668685,2.299342463559009,0.7178615081972323,1.0,1.1734693877551072,1.092756824977945,0.2603835786045907,0.1571246303757925,0.11236761765641391,0.03408744484556758,0.21597694049825025,True
sh.600309,2022-04-08,-0.043718933574333374,stop,0.03173164097914679,0.6552842935162414,6.3543,1.6530343007915593,1.7967658714784063,2.5727968164985104,-0.17366247238497734,1.4670065137354822,2.0361220062299994,0.5689642392135726,1.1210428305400368,0.4636871508379854,1.0170748628156023,-0.11964196916956737,-0.15397113638535798,-0.07835508803104076,0.03577345985841242,0.15119852489244018,False
sh.600309,2022-05-16,0.02532299689503605,timeout,0.02776415215013017,0.9821335551028172,5.3232,1.3250997884363485,1.6921795909879571,1.560707777989049,-0.1606288179679095,1.5004252906152558,1.462051854934014,0.38689788088622723,0.9247572815533983,-0.07524271844660169,0.7289864911865531,-0.14810635376001036,-0.142918207315187,-0.08080716316700721,0.03491733508886596,0.07491701265507775,True
sh.600309,2022-08-25,-0.03184500612403961,stop,0.24854368932038987,0.9557696753958222,5.278,1.9018264840182604,1.5289482341367309,1.5183826052935312,-0.09426312588688424,1.8384684415195913,2.4010532726558105,0.762367727777731,0.9243697478991616,0.027310924369748805,0.8583443729085193,0.07405184829572731,-0.007660066626583029,0.05727453935778865,0.028628897083472993,0.17528271405492707,False
sh.600309,2022-11-16,-0.01995238635075385,stop,0.20917678812415424,0.729121849401024,6.0064,1.2585973463309033,1.5709588685745801,1.8377711265075514,-0.10066555740432592,1.6853882300290859,2.048810680944267,0.6206498627743358,1.563253012048186,0.5632530120481861,0.9075863998339335,0.022687811089246335,0.06252687118564304,0.004786683934897434,0.03359743444633086,0.12862318840579667,False
sh.600312,2024-04-16,-0.03682539682539684,stop,0.00925925925925827,1.0198649165567037,7.1327,2.1352785145888573,3.1362468744498537,3.384427792033466,0.0013333333333331865,1.3005464480874347,1.375955965259524,0.5782183892347038,1.3391304347826103,0.6782608695652205,1.0653393206191801,0.22957198443579774,0.483568075117371,0.24894603709949417,0.031603375527426175,0.2563176895306862,False
sh.600313,2021-11-12,-0.040740740740740855,stop,0.3012048192771084,0.9333086779663206,5.9055,1.4761904761904745,1.8820045965960452,2.2461492223831483,-0.03928571428571426,0.9717223650385617,1.7502027549008714,0.6488788063792371,1.0967741935483881,0.451612903225806,0.9454014707476338,0.055449330783938544,0.14760914760914767,0.14147854557987258,0.04293478260869567,0.2039800995024873,False
sh.600315,2024-11-12,-0.03357582540570786,stop,0.0583657587548622,0.919886130152628,5.8304,2.271929824561409,1.7940870652621497,1.8402128469886716,-0.12179595271736188,0.7710216924083385,1.7390462697346736,0.6948104037634032,0.927927927927927,-0.07207207207207297,0.8772496660192188,0.011316490158728154,-0.14445387832073675,0.040825249397954066,0.03923585230416365,0.25167805468686966,False
sh.600318,2024-12-04,0.0639593908629442,tp,0.2089552238805977,0.5411552535024744,9.1979,1.7654476670870105,1.4036611575820077,2.5022243773307618,-0.16311475409836063,2.1381818181818164,2.6008400355151777,0.7393825125228262,0.7299999999999985,-0.2700000000000015,0.5248314041351034,0.8933333333333331,0.616260162601626,0.39248158632293745,0.07414486921529181,0.1335656213704995,True
sh.600322,2022-07-21,-0.039999999999999925,stop,0.29999999999999993,0.6896830458350314,6.8063,2.0416666666666683,1.681536974744738,2.469039632013912,-0.2093023255813954,1.240506329113925,3.0702388056623664,0.42366033514767093,0.7142857142857143,-0.2857142857142857,0.34313800568318076,-0.09502262443438914,-0.0825688073394496,-0.08880367515851027,0.03350000000000001,0.09090909090909091,False
sh.600323,2022-05-09,0.09915207877461711,tp,0.35031847133758043,0.8583785224544155,5.1793,2.0841889117043113,1.4049684823119593,1.9147989622732153,-0.1412639405204461,1.573435504469983,1.5745896281990277,0.4153958929640121,0.8413793103448265,-0.0206896551724151,0.648576218833453,-0.09558823529411775,-0.12807183364839325,-0.08160217694298794,0.03492321589882569,0.1390134529147983,True
sh.600325,2022-07-29,-0.03594351732991015,stop,0.33333333333333287,0.5440213526608942,5.6417,1.4259259259259294,1.2318962546210244,1.6288332168951507,-0.07872078720787201,1.4618473895582345,1.77206985559695,0.7843267831184793,1.0909090909090902,0.6363636363636306,0.8676576761798213,0.05866283249460813,0.29226449036900526,0.14846274140693802,0.04131274131274134,0.024561403508771337,False
sh.600328,2022-01-14,-0.033293697978596895,stop,0.0,0.8532149276026775,5.8531,1.847999999999998,2.501023213119849,3.0815437848682694,-0.2579659537319948,1.6739130434782608,1.1437090901990956,0.40493493920334533,0.8686868686868692,-0.1313131313131308,0.7391989580740649,-0.24653863331844572,-0.02878526194588371,-0.11416444230516777,0.03402489626556016,0.16436251920122885,False
sh.600330,2020-06-04,0.051133144651967596,tp,0.1919191919191929,0.6800069763581406,7.8749,1.546268656716419,1.7387889667283611,2.228077386816648,0.008064516129032251,1.225806451612903,2.0537672039078245,0.6395442128894878,1.296713651662353,0.5004043178153893,1.0045279183485554,0.1186946273121241,0.686262044025314,0.22277183710356138,0.04539996886733823,0.2364477675972181,True
sh.600331,2023-11-01,-0.04338842975206611,stop,0.067961165048544,0.9502930892456437,6.8027,1.4171779141104297,1.5358532586333333,1.712573883140435,-0.01670146137787054,3.257861635220125,5.39604295161928,0.5971534474406798,1.1818181818181805,0.36363636363636387,0.8654094406106939,0.06153846153846154,0.4205882352941177,0.1384349465744815,0.03561076604554867,0.5040650406504061,False
sh.600337,2021-02-04,0.03384094754653126,tp,0.11392405063291174,0.8331130287518425,8.3789,1.7597765363128468,1.8676015548318472,2.258979877941658,0.056838365896980436,2.3241024658579907,3.7775018568151255,0.6507185606106862,0.8888888888888913,-0.11111111111110869,0.8455793772886416,0.21899948267848135,0.049814501096770325,0.1296844155091706,0.03559327080832758,0.5471698113207558,True
sh.600338,2021-03-16,0.10221674876847293,tp,0.14561543244301892,0.8596395503458071,8.6458,1.3091985203452525,1.4438706547823625,1.5088671776678617,-0.10112159345816696,1.3984962406015051,1.39010787030092,0.703166948387247,0.85542168674699,-0.108433734939758,0.7140699569563781,0.209971757549424,0.1817704180282944,0.11120805744191307,0.06577495599681162,0.19851390326434828,True
sh.600338,2024-01-03,-0.029142381348875916,stop,0.38255033557047063,0.571469204253452,5.3322,1.7922077922077981,1.4005852166402628,2.333479958317793,-0.21498371335504873,1.3084112149532738,1.9795478237588418,0.5207626815644141,0.91304347826087,0.014492753623186196,0.5207979078361255,-0.15189873417721533,-0.3438520130576713,-0.17880043125461048,0.03640132669983417,0.07951807228915697,False
sh.600339,2020-04-08,-0.032028469750889584,stop,0.20930232558139536,0.5861439663057162,6.4639,2.065573770491801,1.556267683173855,2.4125854852143322,-0.25531914893617014,1.1666666666666643,2.1069310114448823,0.7014155579435369,0.9444444444444443,-0.055555555555555705,0.64151458460276,-0.24184782608695665,-0.2735278010812826,-0.12569842881041796,0.03763440860215054,0.11538461538461549,False
sh.600339,2022-05-30,0.03986710963455154,tp,0.13333333333333333,0.9259466422312652,5.7143,1.9833333333333323,2.0856778541100303,2.2642955866381147,-0.191256830601093,1.4528301886792423,1.335007159482856,0.5523741586535627,1.1764705882352946,0.2941176470588243,1.0154165595808338,-0.14245014245014243,0.0524475524475525,-0.01289899431569736,0.03100775193798451,0.26582278481012617,True
sh.600343,2021-09-07,-0.06921029281277738,stop,0.0,1.0304816021084477,10.0287,2.468018720748828,2.2129194727520196,2.3643354422471297,0.05013673655423867,0.7985739750445594,2.315826280732944,0.6504071551549607,0.7699115044247772,-0.23008849557522282,0.8974656772061237,0.11154985192497513,0.11595639246778977,0.13881163084702897,0.03833629366489047,0.28329297820823135,False
sh.600345,2022-11-03,-0.023906705539358735,timeout,0.12000000000000016,1.0053721029209022,8.8918,1.7029449423815612,5.127804924472479,5.720419770133791,-0.1528822055137845,1.223300970873782,1.5806759236120742,0.46906500376691596,1.1052631578947356,0.2105263157894751,0.9041810637369421,0.07866992544126616,0.22506084389400938,0.10226880892702171,0.028576998050682263,0.4329896907216497,False
sh.600351,2020-10-14,-0.04222972972972969,stop,0.2658227848101255,0.8564473913425861,6.6667,1.5813953488372023,1.5477757854372909,1.7601023062691983,-0.37221633085896066,1.609756097560972,1.2527885230317137,0.6164100075817688,1.0,0.0,0.6674965028861661,0.08623853211009158,0.142554876323862,0.04681427507190219,0.035585585585585576,0.090909090909091,False
sh.600351,2021-06-24,0.06756756756756768,tp,0.3249754071114378,0.5413130514484541,5.7471,1.783214618948609,1.2989498732307299,1.963228534936436,-0.07468769813738974,1.0172798636590727,1.308629890613707,0.5512215342711486,1.100000000000002,0.100000000000002,0.6155566934232066,0.1383442808682278,0.10249091769127583,0.09684995160922096,0.03368484034790727,0.12306816352711912,True
sh.600351,2021-08-19,0.11235955056179794,tp,0.03225806451612976,0.5976582566255769,9.9825,2.7900355871886187,3.2471982350165263,4.98306316201713,-0.03384615384615386,1.5460122699386492,2.1281957190613783,0.5673566379058214,0.8928571428571408,-0.05357142857142783,0.9578637059438744,0.0855495072707202,0.3139672160922673,0.15471312393191392,0.03525333333333332,0.023923444976077037,True
sh.600351,2023-11-01,-0.14069767441860465,stop,0.18823529411764786,0.9045545155653949,7.5,1.6310679611650485,2.024548936402037,2.267128262325927,-0.014891179839633506,1.6195372750642703,1.4733921027044992,0.6250875851750292,1.0500000000000018,0.050000000000001724,0.7589959744163275,0.2580174927113703,0.2072227183795945,0.16434991288733042,0.03402858246427191,0.0340557275541804,False
sh.600353,2022-12-06,-0.044370860927152506,stop,0.011320754716980802,0.790708600287627,7.8644,1.4134615384615392,2.102604096058573,2.320532635176244,0.030323914541695363,1.4454756380510447,1.5214315885043068,0.5844122495308605,1.0571428571428554,0.2666666666666654,0.9020387672430626,0.17334360554699524,1.049798115746972,0.3136010465107922,0.04252571678704314,0.34055727554179566,False
sh.600354,2021-07-09,0.06577181208053694,tp,0.2972972972972974,0.9978079191938791,9.9541,1.3918128654970774,1.8263617399159962,1.7000620149430352,0.030129124820660103,1.1489361702127656,1.9659269632300351,0.7717201715100994,0.7058823529411765,-0.29411764705882354,0.8391030181027203,0.6900726392251817,0.4044265593561369,0.4711771524923598,0.06618911174785101,0.3094170403587445,True
sh.600358,2022-06-20,0.030390738060781405,tp,0.20987654320987678,0.746057830699812,8.3462,1.3271375464684017,2.321722429627293,2.2036036665852388,-0.19610091743119273,1.405511811023624,2.106120955640365,0.63533250211192,0.8627450980392168,-0.1372549019607832,0.7935930112963218,-0.12151898734177213,0.6844660194174759,0.1622032739299719,0.0536983669548511,0.16666666666666685,True
sh.600360,2021-11-25,-0.03828197945845026,stop,0.2891566265060241,0.9170077004005711,6.8205,1.619047619047621,1.4948429603004092,1.6358367034655357,-0.04054054054054046,1.8032786885245986,4.030903248650221,0.6073477386500792,0.7352941176470582,0.2352941176470582,0.9987346785687437,-0.006433823529411797,0.4296561571765638,0.18995691898586187,0.03765032377428306,0.5990888382687929,False
sh.600360,2022-05-16,0.05235967142285961,tp,0.1818181818181817,0.987398579936388,7.5829,1.3538461538461497,3.212089734808302,3.223824774840805,-0.23910614525139673,2.402366863905324,1.8998220014561575,0.5329733301689398,0.9772727272727283,0.09090909090909091,0.7408911958713369,-0.17170495767835559,-0.31431431431431445,-0.1764022203073965,0.03800486618004868,0.054216867469879124,True
sh.600361,2020-06-18,-0.05938697318007644,stop,0.09774436090225552,0.7196741088247237,9.9138,1.614035087719301,2.029141506617401,2.0851324376473652,-0.04672897196261694,1.1219512195121955,1.8735319940961017,0.5894269885630818,0.8695652173913058,0.0,0.8470307434598612,0.20283018867924518,0.35648544391537595,0.2502108216849026,0.049150326797385596,0.2818532818532819,False
sh.600362,2023-01-12,0.04440258342303544,tp,0.3333333333333317,0.8037513842051078,5.421,1.5741056218057872,3.192660221473367,3.8180315958364295,0.010503040353786464,1.2904347826086944,1.8434076633885845,0.5611784489970407,1.1060606060606102,0.31818181818181873,0.9762472456265937,0.19676375404530755,0.09731429947984038,0.10304543972949937,0.023039480800432693,0.2102564102564096,True
sh.600363,2020-11-09,-0.06315789473684208,stop,0.1452513966480446,0.9233596323066657,9.9877,2.215636822194204,2.09067048735468,2.589388926805758,-0.10433333333333328,1.3563685636856389,1.4370275711392575,0.7445267784063072,1.3864541832669308,0.6015936254980058,1.0723761626921324,0.2894139027714673,1.0365215642457009,0.46221226544479294,0.03866572703782004,0.39469320066335045,False
sh.600363,2021-05-19,0.037554585152838396,tp,0.10188679245283,0.9245551073630056,5.8182,2.060200668896322,2.3027043434387195,2.545699955574967,-0.06355591311343523,1.0805902383654968,1.2935846772111272,0.44414017602801437,0.8106060606060624,-0.14393939393939212,0.763481388876652,0.040558810274898605,-0.12766481916693062,-0.034760700654650575,0.02680814205283669,0.010344827586206263,True
sh.600363,2023-04-11,-0.04994450610432846,stop,0.02168674698795009,0.8720999488740961,8.6755,2.1879781420765028,2.4158071392624554,3.276876151159941,0.020289855072463725,0.9468599033816448,2.149522137694066,0.6574514058013416,0.9475524475524467,0.2937062937062952,1.0503939377497005,0.44506816359262236,0.38296239447429015,0.2810502431886445,0.03722715501294857,0.397849462365591,False
sh.600369,2024-05-06,-0.019999999999999876,stop,0.02127659574468052,0.7448727872829819,5.3619,1.4444444444444466,2.754625352084289,3.030653963022814,-0.10068649885583525,1.1052631578947354,1.1964171247992996,0.6649638120323065,1.3076923076923093,0.5384615384615395,1.0084294687590447,0.01781170483460559,-0.007444168734491385,0.00643700333382251,0.02108333333333331,0.07070707070707095,False
sh.600370,2020-04-08,0.027941176470588174,tp,0.04918032786885205,0.4292143885311656,8.3333,1.8706896551724137,1.529933964668883,3.475754858777587,-0.20731707317073167,2.457446808510634,5.271908740631318,0.5533760779200549,1.161290322580644,0.19354838709677424,0.8350338870465038,0.08881578947368429,0.11446084378053989,0.13039197256806115,0.061732124874118874,0.18556701030927825,True
sh.600372,2021-07-21,-0.0483091787439612,stop,0.025210084033613234,0.7524953980066551,5.4159,1.6992084432717691,1.5447464633568457,1.9245300866349826,-0.06464530892448495,1.710723192019953,2.2086572476966166,0.6796800597376729,1.0652173913043448,0.2934782608695659,0.8117200169345755,0.1154362416107384,-0.20402298850574696,0.039914487577235126,0.03172884075411153,0.04173622704507493,False
sh.600373,2021-12-17,0.115990057995029,tp,0.06666666666666499,0.6824219633562529,10.0,2.770318021201414,3.495564410967356,4.828447806213893,0.0,2.2430939226519286,2.900100453916965,0.5452346735094247,0.9464285714285731,-0.026785714285712504,0.9208268396607009,0.07671721677074017,0.24561403508771917,0.1409935246017866,0.03181441590720795,0.2000000000000002,True
sh.600378,2020-05-11,0.07261129207383268,tp,0.09365558912386583,0.8279454325781203,5.7847,1.5751840168243947,1.9339837099649606,2.0634799351622206,-0.24643002855977159,0.7954545454545487,1.2891268335271933,0.5300259781568696,0.8504672897196248,-0.0841121495327128,0.7881048880796717,0.08244994110718462,0.1200487507617305,0.007822781108348904,0.03790351831701126,0.027552674230146918,True
sh.600378,2023-12-14,-0.03800396563119643,stop,0.13936430317848372,0.8312898840857267,7.0053,2.149999999999998,2.0364369240765847,2.6212309423572835,-0.12987752776986605,1.4302325581395303,3.062114663696479,0.3205569228066236,0.8186046511627911,-0.18139534883720893,0.7957517348770216,-0.1145038167938931,-0.09748718999795036,-0.08893602959277858,0.03058134394341293,0.10416666666666692,False
sh.600378,2024-08-05,-0.030206112295664462,stop,0.12234042553191515,0.9089688207322464,5.7721,1.794576828266228,1.2916334044051023,1.5318726538376233,-0.14558538737112792,1.2152976182564872,1.6329050957332245,0.6513647521888192,0.7820512820512824,-0.17948717948717824,0.8042248753936274,-0.12796986210362016,0.08277353774801366,-0.06881213295146899,0.041414082606316384,0.17709720372836207,False
sh.600379,2023-01-05,-0.036855036855036744,stop,0.32217573221757334,0.6666727964151051,7.1936,1.4881118881118882,1.5393294136368616,2.4736403401093434,-0.08421851289833082,1.092592592592593,1.2806850557273468,0.7128740413258945,1.105263157894738,0.11842105263157753,0.7059513457417484,0.21965897693079217,0.14825306893295576,0.04679440734018674,0.04536732456140353,0.03807615230460918,False
sh.600380,2019-09-25,-0.04077669902912634,stop,0.11627906976744096,0.6851466877728263,5.7673,1.7914691943127874,2.362557507231206,3.09049494450897,0.023928215353938187,1.4208955223880588,3.1801273246917994,0.7112049703495649,1.0,0.0,0.891495452586968,0.1710376282782211,0.1606529201709117,0.18603545743375274,0.02982797792924376,0.36986301369862856,False
sh.600380,2019-11-06,0.03728294177732393,tp,0.19745222929936398,1.0333024039911813,5.819,1.6764705882352982,2.0631304075684525,2.0918252902287726,-0.0822429906542056,1.3169734151329264,1.3042443610672818,0.49929848282909506,0.894736842105261,-0.10526315789473897,0.6303283402967517,0.20941759603469623,0.20583933178088598,0.0972908746543951,0.03668032786885246,0.08974358974358994,True
sh.600380,2021-04-19,0.06628080657206899,tp,0.28431372549019784,0.9048562475301626,6.0877,1.768683274021359,1.5471933963386795,1.819487029183731,-0.09862068965517223,1.5555555555555545,1.9427914351436284,0.6103640281728848,1.1549295774647859,0.5492957746478835,0.961971939325738,-0.017518248175182216,-0.21006558111476603,-0.02190410037037276,0.03172362555720656,0.14786967418546398,True
sh.600380,2022-03-24,-0.02566158781074578,stop,0.1999999999999995,0.990295694141381,5.5932,1.2049180327868858,1.8910834480381489,1.9463334032610589,-0.09117432530999292,2.234343434343426,3.183945397448111,0.6351048614509088,0.9047619047619087,0.14285714285714757,0.8267269392789328,0.02198697068403943,0.04063018242122718,0.045093059083149714,0.03694555112881806,0.08235294117647095,False
sh.600383,2019-10-14,-0.03218390804597694,stop,0.012658227848100442,0.840978963088055,5.4636,1.9497098646034827,2.6178371959406403,3.4812735100674033,-0.023754789272030674,1.5520361990950267,2.23438577683388,0.5368547784900048,1.1666666666666672,0.4999999999999985,1.054089795649104,0.07283066680474448,0.015739899613361308,0.11187042101655668,0.026539440203562335,0.37047353760445667,False
sh.600383,2019-12-31,-0.023890784982935096,stop,0.03517587939698577,0.9999828297203625,5.6662,1.382165605095543,1.7081558013624372,1.7392207438159013,-0.0036101083032490378,1.4701670644391467,2.427166428662238,0.6975123570965764,1.2580645161290351,1.129032258064514,1.0324430545095216,0.20033112582781443,0.21888415177656628,0.1768937215359119,0.026229885057471262,0.433333333333333,False
sh.600383,2022-07-04,-0.0817417876241406,stop,0.03401360544217697,0.9362548152648376,10.034,1.9902794653705969,2.1237400497001966,2.289416419278741,-0.18308080808080818,1.1937984496124026,1.5593014870253823,0.6322198194702452,1.136752136752136,0.1880341880341881,0.905829148993195,-0.10476190476190472,0.07166123778501632,0.004126634916799765,0.039488348530901725,0.26475037821482617,False
sh.600386,2020-04-21,-0.06779661016949155,stop,0.11827956989247314,0.7621188493529815,9.9476,1.7657657657657664,1.9555137758309051,2.5518759236702513,-0.1954022988505747,0.8189415041782742,1.9291769762517925,0.7462612500064824,0.7857142857142849,-0.023809523809524658,0.9116739475117069,0.08268733850129206,0.04238155226721485,0.12661075811531927,0.06921241050119334,0.28070175438596456,False
sh.600389,2021-01-15,-0.04686078252957237,stop,0.16809482761106523,0.9435377190482538,7.4286,1.966444088238067,2.133525274454192,2.621087801586459,-0.033033884374532585,1.0710382513661192,1.4803758757895542,0.538601000396573,0.7784090909090906,-0.22159090909090945,0.6677631098981954,0.11068793797059873,0.11640010515437194,0.044284238825155454,0.037123029163783794,0.02135169890068864,False
sh.600390,2022-02-11,-0.040145985401460034,stop,0.18840579710145,0.8453989779800789,7.3077,3.2307692307692317,3.171585617682779,3.9680724134478242,0.018248175182481452,2.555555555555562,1.4698192950212627,0.4297586289874812,0.7692307692307704,-0.23076923076922962,0.7249420504563605,0.05780346820809257,0.0463079219885858,0.014920684704014956,0.017911353976927724,0.04687500000000134,False
sh.600391,2022-06-28,0.06813576494427562,tp,0.3609022556390967,0.6094244680133315,5.5799,1.682281059063136,1.275953279339026,1.8306496228301585,-0.15794066317626532,0.8044485634847052,2.3187357399162,0.6888869262020196,1.1271186440677954,0.3813559322033893,0.8819541325181588,-0.06927426955702165,-0.23892100192678223,-0.04751953187795389,0.03530801687763712,0.12773722627737213,True
sh.600392,2020-05-11,0.0891632373113856,tp,0.2566371681415928,0.5841259607631862,7.7485,1.7049180327868887,1.567978852367626,2.2021245695228364,-0.13599062133645934,0.9407114624505892,2.129391996009035,0.6427818768193739,0.7115384615384607,-0.2884615384615393,0.6244719030039323,-0.012311901504788003,-0.133270869916833,-0.07509647460414852,0.04399815327793166,0.03896103896103898,True
sh.600399,2022-05-11,0.07128712871287117,tp,0.0812854442344041,0.9084333254071257,6.7069,1.2473118279569892,1.8917302809824594,2.39318946677014,-0.23542116630669552,1.4502446982055426,1.5167724000806309,0.7502312083938972,1.4568965517241372,0.8448275862068968,0.9876024667378559,-0.16445916114790293,-0.3743801652892562,-0.16624599597991802,0.05636283575517392,0.09437559580552914,True
sh.600399,2023-09-01,0.06403415154749202,tp,0.16666666666666682,0.8514807146831078,5.2455,1.2490706319702578,1.4170536257943354,1.6175842767859152,-0.16028495102404294,2.771134020618561,3.3804054395211622,0.3400136167265945,0.812500000000004,-0.14583333333333232,0.5967944238863245,0.06002265005662499,-0.3743315508021391,-0.10721808455674882,0.038176638176638175,0.20792079207920844,True
sh.600400,2022-08-23,-0.09090909090909118,stop,0.37894736842105203,0.7821009975944417,10.0917,1.3531598513011138,1.9972621537877635,2.0429011323263806,-0.016393442622950727,1.0878378378378375,1.9118292728822444,0.555225078350799,1.0961538461538465,0.26923076923076905,0.9491566123452008,0.628725080740943,0.8789208009752445,0.4961097531122333,0.06802388707926167,0.15151515151515127,False
sh.600406,2021-10-28,-0.07909887359198998,stop,0.10837988826815677,0.726876182827118,10.0,1.7629996462681292,1.6002770971521307,2.157679675791702,0.029487179487179604,1.0287813839559101,1.3462449431832988,0.5887269524125602,0.7556179775280896,-0.07303370786516934,0.9272712178099065,0.41353649893692435,0.5097226074798482,0.37071894584205856,0.05355561126431019,0.23202447730749615,False
sh.600406,2023-03-22,0.029259259259259388,tp,0.1289398280802291,1.023169682913221,5.5963,1.8320610687022916,2.6310162110514046,2.6409564391996407,-0.009054690329590609,1.3554633471645978,1.5999745480246281,0.40519932346541965,0.800000000000003,-0.19999999999999696,0.812007472135191,0.09354838709677415,0.09178743961352653,0.04747497505552168,0.02200098328416911,0.2325581395348855,True
sh.600406,2024-06-07,0.06620762711864414,tp,0.03396226415094458,0.9025577973703408,5.1988,2.2040302267002536,1.5641494335273214,1.76215454026969,-0.08441064638783291,1.326504481434058,1.9622057138607538,0.5429372112050328,0.7520000000000011,-0.24799999999999892,0.7403575057967126,-0.043460764587525125,0.11022886501634743,0.036245336278395685,0.027850231384097607,0.05294117647058776,True
sh.600409,2019-11-08,-0.03479853479853476,stop,0.37142857142857044,0.8212287909270142,5.8027,2.8391608391608565,2.800872253870138,4.227912261353356,-0.01441441441441449,1.4559999999999986,2.6221872679097373,0.5898712969295674,0.9310344827586224,-0.034482758620688794,0.7514820657413034,0.02824858757062154,-0.07978876024598103,-0.0022676266568784557,0.01904761904761902,0.09401709401709363,False
sh.600409,2020-06-04,0.013043478260869707,timeout,0.31707317073171015,0.792669320232902,8.3916,2.853503184713375,4.218817982673556,6.23533784694558,-0.31415929203539816,1.2173913043478222,1.1576272492857027,0.5769748143392581,1.0,0.0,0.8787642628465016,-0.2734375,-0.1681191490062227,-0.15929015496554563,0.030896057347670255,0.10714285714285764,True
sh.600409,2021-11-24,-0.028629856850715788,stop,0.02884615384615362,0.9508068684222285,5.6955,1.3974591651542658,1.910782783081085,2.1491236670579728,-0.4211157768446311,1.3648449039881845,1.8674368600040088,0.6694149801356956,0.9818181818181808,0.38181818181817867,0.9506582890478952,-0.22968750000000004,-0.022556524886462093,-0.1504294620000715,0.043847194050033816,0.010940919037199332,False
sh.600409,2024-07-04,0.06904761904761905,tp,0.08395240781725122,0.9546433718475177,5.3785,1.7718617053610148,1.832888027180997,2.058786281873745,-0.12332005355625408,1.0047846889952088,1.154694676791401,0.7261581885820624,0.8620689655172423,-0.06896551724137727,0.7915495544707151,0.0006972541335215077,-0.024821437228717658,0.009492608445142613,0.030294919594323757,0.024565583612312494,True
sh.600410,2023-06-01,-0.03674540682414705,stop,0.0666666666666663,0.8316863413245527,9.9561,1.414432989690726,3.556733763873425,4.455741808561943,0.023160762942779467,1.9331848552338504,2.2033509432905647,0.7100354664545596,0.9183673469387751,0.2040816326530605,0.9470063193437335,0.14264264264264281,0.43045112781954886,0.23535618625037213,0.04301357862461673,0.19504643962848292,False
sh.600416,2023-09-01,-0.04139941690962084,stop,0.3939393939393932,0.7771666839013609,6.2924,1.604494382022471,1.6332991837394186,2.3051942183223244,-0.1324269889224572,1.724637681159419,2.571814323286143,0.3278008173737578,0.8137254901960771,-0.1862745098039229,0.5489037616393514,0.0805326569435636,-0.2324324324324325,-0.05614305562607607,0.03636541471048513,0.05769230769230792,False
sh.600416,2023-12-26,0.0483028720626632,tp,0.2907801418439713,0.8196289125005293,8.8464,2.283563362609789,1.9014924229878756,1.7910306052920926,-0.055282555282555434,1.8096590909090884,1.8612623418972378,0.679154807134773,0.8230769230769228,-0.04615384615384514,0.602402206525469,-0.04844720496894417,-0.1936842105263159,-0.049101808796222036,0.031201044386422978,0.03311258278145712,True
sh.600418,2024-03-21,-0.047359825802939653,stop,0.3961352657004831,1.0472046008088103,9.9767,1.2237762237762253,1.764408021902471,1.7625911186816703,0.054250559284116484,1.3821989528795826,2.155560720070121,0.5981036842627675,0.7199999999999986,-0.28000000000000136,0.8683595230271323,0.08313817330210793,0.28740431454418935,0.170805799180436,0.05223423423423423,0.4244966442953018,False
sh.600420,2020-07-30,0.08544007490636704,tp,0.03859649122807038,0.9652942349066601,7.8973,1.6352000000000007,1.720303814435354,1.6449825905022892,0.012037037037036846,2.192066805845514,1.6599131818228103,0.7677783898583607,0.753424657534249,-0.16438356164383308,0.863809681051439,0.1884763921867345,-0.015139941911984867,0.12875253984990087,0.03775147069246938,0.2662473794549266,True
sh.600420,2021-10-13,-0.05023696682464458,stop,0.31707317073170616,0.8088821902836839,7.5726,2.13615023474178,2.203804909111187,2.7221282051349567,0.0019323671497584183,1.4151624548736421,2.2619683052977564,0.6893493115625728,0.96923076923077,0.3230769230769253,1.0283729515780744,0.11485774499473123,0.12264140545277069,0.060744588629406474,0.024543163201008217,0.21739130434782583,False
sh.600420,2023-11-01,0.012658227848101177,timeout,0.3286713286713296,0.9579462247156216,5.3279,2.0159999999999916,2.011950202696303,1.9762942967178745,-0.06375227686703122,1.3124999999999922,1.2658854410771483,0.5209078146187024,0.9444444444444482,0.0,0.6925378945467202,-0.04104477611940327,-0.21889304278582644,-0.04331335072403504,0.021660181582360584,0.047970479704796176,True
sh.600422,2022-02-23,0.015287769784172704,tp,0.3242009132420086,0.7005883054580695,6.2439,1.426751592356688,1.4803257292356782,1.796518355246274,-0.17499999999999993,1.0903426791277249,1.1206363576450102,0.538489895071695,0.9531250000000004,0.3750000000000026,0.9573884668194228,0.30787309048178635,0.2435754189944137,0.17517663724912244,0.05082359988020365,0.06607929515418524,True
sh.600426,2020-05-08,-0.02408256880733956,stop,0.31428571428571694,0.9379584079511648,5.3866,1.4273743016759768,1.5822597739686062,1.7380584412744662,-0.15412004069176,1.1627118644067822,1.5105183049286923,0.7335154363340765,1.4794520547945245,1.109589041095897,1.1483324509536834,-0.04959128065395091,0.05830027402191096,-0.004334283754690406,0.029912079510703328,0.19661733615222024,False
sh.600428,2023-03-08,-0.05091383812010447,stop,0.20833333333333437,0.6281602052815083,7.5391,2.4965034965034896,3.0175611240179774,4.847031341382044,-0.016905071521456483,0.8860759493670937,1.6780823863548935,0.6640835244873098,1.0784313725490184,0.098039215686276,0.9801594962002198,0.017379679144384985,-0.04396984924623104,0.09989641798954571,0.03201927288655279,0.32163742690058406,False
sh.600428,2024-03-19,-0.04088586030664388,stop,0.30769230769230843,0.891831815405937,7.7064,3.064676616915417,3.808348503397018,4.899067913402364,0.04262877442273516,0.7109375000000016,1.2546274265531596,0.4759387688471629,1.0,0.0,0.9620532683066595,0.12667946257197693,0.10964083175803419,0.11149682835232111,0.031572969903463984,0.3630573248407639,False
sh.600433,2021-08-13,-0.05405405405405419,stop,0.3846153846153843,0.6774429379454201,10.041,2.6147859922179033,3.750060887620481,5.319196026648617,-0.07093425605536341,0.9714285714285679,1.980705500590312,0.5852214450362192,1.0208333333333315,0.2708333333333331,0.9291248831186188,0.12016293279022405,0.05641572443003029,0.05502148408618264,0.03303030303030304,0.13953488372093084,False
sh.600435,2023-11-16,0.06895056374674764,tp,0.36842105263157876,0.6910304889825037,6.9217,1.4428969359331474,2.095638737721315,2.1378063133001186,0.033450704225352235,2.4540901502504147,3.47023612853404,0.4387473848132882,0.770270270270271,-0.22972972972972905,0.8078217410807568,0.1298828125,0.08811735998255199,0.07655325620257787,0.03359262460386057,0.18218623481781362,True
sh.600435,2024-09-03,-0.04498269896193772,stop,0.0,0.6630553419841961,7.7576,2.525198938992043,1.9117724924976125,3.024431660210492,-0.1565386834119311,1.2883435582822045,1.7333405281715957,0.39705529380748417,0.750000000000002,-0.22058823529411745,0.7375787025389066,-0.12272303967219222,-0.073676964885933,-0.009225718953143554,0.037986270022883295,0.19723183391003477,False
sh.600438,2020-06-11,0.06199048913043469,tp,0.379178975948861,0.6568979219233888,5.8739,1.2887941284163036,1.299319256650445,1.8323447243532873,-0.09392713470728808,1.4196787148594334,1.0387141564726892,0.6701024793061282,1.0684931506849304,0.4931506849315061,0.9579220458283303,0.04070156164761074,0.17162790163923258,0.07399467397032093,0.0422237956089431,0.23041579792058667,True
sh.600438,2022-02-25,0.04095081195575447,tp,0.04204204204204174,1.0088025390076396,5.6609,1.6165711767298412,2.2552957595047713,2.3817015179734278,-0.15552413653807295,1.1354723707664895,1.3523347615159464,0.7560967541413572,1.1068702290076322,0.10687022900763213,0.8994003254795357,-0.06466666666666665,-0.16982248520710053,-0.11557514406837538,0.03828304427021462,0.10627780523974331,True
sh.600438,2022-05-24,0.11923041619732319,tp,0.12732919254658343,0.991279064945595,8.3492,2.1514360313315994,2.4217227383651845,2.835986710758302,-0.023225806451612763,2.0044464206313903,1.7640394280023837,0.5578498195753836,0.8883495145631051,-0.11165048543689499,0.8597933458791542,0.0753408275532168,-0.08655018285249894,0.0660301678317808,0.03700326215895608,0.37599999999999995,True
sh.600438,2022-07-07,-0.08636363636363646,stop,0.39570552147239235,0.8406479069949186,10.0067,1.784200385356454,1.6881234863295833,1.8695190224402847,0.07466841329621743,1.8207682564732277,1.929132346697164,0.7181314000147218,0.8207343412527002,-0.1792656587472998,0.8820274935060891,0.6185496165345774,0.5851934538166352,0.4770197719330764,0.03843064770801699,0.46613279946613234,False
sh.600439,2024-05-17,-0.05976095617529898,stop,0.13333333333333533,0.8582761827049874,7.5949,2.0695652173913026,2.7238224756891323,2.9851055730694704,-0.2477876106194692,1.5664335664335738,1.3107525660465096,0.43924921602303485,0.7058823529411786,-0.23529411764705604,0.8418817293788399,0.23039215686274517,-0.09712230215827333,-0.019945986398984733,0.03572377158034525,0.3809523809523826,False
sh.600452,2020-02-20,0.07005813953488377,tp,0.2528735632183922,0.6486018752561077,5.8417,1.283977900552488,1.1991151141443688,1.5172356833476848,-0.13456599897277854,1.7692074218393234,2.1487636142812376,0.8010777126099705,1.2771084337349383,0.3734939759036109,0.6339740522856419,-0.0940680261344029,0.003999507607630681,-0.0769249540487478,0.03378010878010879,0.15403422982885154,True
sh.600452,2021-11-18,0.11436597110754414,tp,0.08152173913043352,0.8098262180962124,10.0292,2.2332089552238825,4.0923096635086065,6.056021950513966,-0.005795574288725014,1.824902723735406,1.920657530528959,0.5656597270858221,0.9181286549707603,-0.08187134502923968,0.8827904996542091,0.10371243370654115,0.2866095840022136,0.20432514586363698,0.043673251468232754,0.31422505307855614,True
sh.600452,2021-12-17,-0.07382550335570492,stop,0.0425531914893609,0.719817381268284,9.7596,1.867875647668394,2.4029150884952917,3.0585948060289763,0.03772727272727261,1.1600566572238007,3.1207815189222132,0.6894862485438009,0.9077669902912631,0.49029126213592505,1.1189438134456942,0.4993710691823898,0.6396148555708394,0.42554601581614626,0.04818232662192391,0.3945641986879102,False
sh.600452,2023-06-20,0.05290907762989036,timeout,0.0070378325252741965,0.9069646234315192,9.9284,2.3453211537908922,2.668238735974159,2.799703973491904,0.033107343098645936,1.6089437231430046,1.9774452845475943,0.4329006483417923,0.8717948717948716,-0.12820512820512842,0.8897715436626513,0.04624551155804291,0.5327307891344903,0.14270127538903746,0.03557998047176486,0.2865084783388416,True
sh.600455,2021-12-03,-0.07982832618025748,stop,0.02673796791443887,0.584697269734082,5.9849,1.6713000817661459,1.2779393059052793,1.7920686748461134,0.003122212310436856,2.385542168674702,3.790411549646567,0.7676334266847338,1.3356164383561664,0.40410958904109656,0.9938482122721858,0.19461697722567273,0.24824229313142232,0.2109976213795997,0.039196995956094736,0.3726618705035968,False
sh.600456,2020-11-12,0.040621436716077555,tp,0.2786177105831534,0.8877133812225076,6.0917,1.456603773584906,2.0148266262703585,2.0262338840501277,-0.0530282637954238,1.3873056994818622,2.3759074310220107,0.49253353098622865,0.7875647668393803,-0.15025906735751315,0.8656785326384931,0.1200642054574641,0.3353154258707707,0.1467733583178611,0.03678226808063433,0.15413533834586501,True
sh.600456,2020-12-17,0.04734675205855442,tp,0.015306122448981054,0.77324082643116,6.0793,1.3826548672566368,1.189903009980916,1.5847696395800812,0.0030253665347919068,1.349534224382343,2.3131997881882516,0.6756460728080506,1.1756272401433714,0.24014336917562837,0.9841122776274964,0.5250871080139377,0.6579545454545459,0.3046620978819486,0.046881425633995874,0.40321686078757746,True
sh.600458,2023-02-03,-0.038077969174977425,stop,0.10000000000000266,0.6777502628826892,7.4357,1.9927007299270056,2.4662713193308203,2.798357588740339,0.047397769516728694,2.2458333333333274,3.2422471557603645,0.5059744733452789,0.7820512820512797,-0.2179487179487203,0.8191517700684646,0.2144420131291025,0.011850501367365318,0.14128059908663246,0.030960960960960973,0.5223097112860897,False
sh.600459,2024-03-20,-0.03227931488801039,stop,0.17647058823529396,0.9685054209970962,6.0797,1.9281437125748522,2.8834138586952944,2.8786576603231504,0.022911051212937794,0.961298377028718,1.964797030372971,0.4604382961349651,0.7826086956521757,-0.21739130434782428,0.867236862194646,0.06543385490753906,-0.03912764592687612,0.051615507467663545,0.03344459279038717,0.4551083591331281,False
sh.600460,2019-12-05,0.03301587301587302,tp,0.1984732824427479,0.8128197107167633,6.0834,1.3504273504273514,1.9345086904612654,1.9688038948020137,-0.18530183727034122,1.2615769712140195,2.0658970682227324,0.7400867149842522,1.0506329113924051,0.2531645569620257,0.8198471878948422,-0.020560747663551315,-0.07612339088767217,0.0219124821838495,0.03488125530110262,0.11307420494699673,True
sh.600460,2022-01-27,-0.03354178510517339,stop,0.058485139022052046,0.9315697384986875,5.6395,1.225437656305823,1.8535445108018205,2.1560845272295914,-0.250607229604229,1.3236363636363624,1.3983229155612533,0.6710800673596444,0.857142857142858,-0.14285714285714202,0.6457210941659249,-0.14590163934426226,-0.23718887262079047,-0.10941439580632749,0.0359820857325656,0.052779075198504936,False
sh.600467,2020-12-02,0.0871080139372822,tp,0.35849056603773516,0.6788079280712824,7.4627,1.5217391304347812,2.7590762031409857,2.8896905270137743,-0.04950495049504944,1.95081967213115,6.037117900335813,0.7298299047126398,0.9500000000000001,0.14999999999999966,0.8657217483824794,-0.013559322033898424,0.06966383190500114,0.039101801779900844,0.034822451317296686,0.34426229508196693,True
sh.600468,2020-07-02,0.06555772994129153,tp,0.3770491803278721,0.8609874794890936,9.9352,2.6561264822134327,3.9688843252318535,5.29831625460654,-0.05914972273567476,1.272727272727278,2.4661761571969585,0.4324576609633461,0.9374999999999984,-0.02083333333333385,0.9223945705978275,0.13140311804008897,0.39183804504180775,0.16663192059276938,0.03477690288713912,0.31868131868131866,True
sh.600468,2021-03-19,-0.035714285714285775,stop,0.34693877551020263,0.8257234492456775,6.1881,1.766355140186923,1.6271147146558456,1.751173115518002,-0.1637426900584794,1.182222222222221,1.4748640243278697,0.5014972688620384,0.7037037037037043,-0.29629629629629567,0.6718817037905296,-0.07881249172897486,-0.2678561890785067,-0.08111166260562913,0.03562945368171019,0.05357142857142873,False
sh.600469,2024-06-17,-0.04789713052764168,stop,0.08796762730234935,0.8140374074995933,8.2873,2.8172967934081257,2.8875271072720365,4.467617352061206,-0.06101321585903108,0.9005847953216376,1.4543019992334054,0.3773041562350598,0.8260869565217397,-0.04347826086956355,0.8837496629010577,0.02985050544469381,-0.018632716402540273,0.055311774385721824,0.02874787471277726,0.019735737840879796,False
sh.600475,2021-09-16,0.04308943089430893,tp,0.12107623318385614,1.0156967378639725,7.1741,1.7614379084967304,1.8541904974028993,1.9367118115231141,0.026823134953897876,1.5022831050228298,1.775887923394429,0.7053786969526251,0.7272727272727265,-0.18181818181818118,0.8503716415946017,0.19075712881022633,0.2075637783362243,0.14843154002557077,0.03457197908064963,0.2161172161172163,True
sh.600475,2022-10-14,0.10674157303370771,tp,0.06930693069306919,0.6759510660663341,9.2796,1.7733333333333317,1.5059954610975026,1.6179691398102631,-0.06576200417536548,2.7391304347826133,3.8962845081013575,0.5943347756444642,0.7631578947368421,0.039473684210527174,0.7535043841756899,0.06146572104018899,0.17429670123029295,0.07425751435672864,0.044023756495916874,0.03211009174311921,True
sh.600477,2022-08-23,-0.10869565217391315,stop,0.06735751295336764,0.7623633762648389,10.0901,1.4159869494290358,1.9395004987764948,2.727626972544631,-0.06859756097560976,1.388424584795625,2.205885864863252,0.7221727250866432,0.7580645161290311,-0.09677419354838725,0.7782229519264141,0.6506561567484441,0.4208664365514452,0.40190820497676466,0.07300275482093661,0.1906779661016947,False
sh.600478,2024-01-03,-0.051652892561983556,stop,0.4,0.8462287117616155,6.7538,2.4086021505376296,2.3049050004847147,3.008978910527594,-0.15517241379310343,1.005988023952097,1.49401327129562,0.3835793320684034,0.781249999999999,-0.21875000000000105,0.623994181765098,-0.12181818181818171,-0.3139204545454546,-0.14543524416135878,0.027467218771566618,0.007874015748031926,False
sh.600480,2020-04-17,0.0668036998972254,tp,0.05376344086021512,0.8235178984358575,6.2785,1.219430485762151,1.6403320222353683,1.9543376389646174,-0.2593476531424025,0.9165596919127093,1.0380898915054506,0.8297798991779368,1.3461538461538434,0.9423076923076893,1.0022811413955508,0.1368909512761023,0.32044129630790463,0.20165728258865653,0.05782312925170063,0.1175257731958764,True
sh.600480,2021-05-31,-0.04274265360641148,stop,0.34161490683229956,0.7292953091664017,8.7584,2.150250417362271,1.5386270954720327,1.8990646086308673,0.06003752345215774,2.010443864229762,4.1048997903390205,0.6680728802189108,0.9782608695652152,-0.021739130434784842,0.9358449761921721,0.4153074027603514,0.2689274821717913,0.28975110182914476,0.0357565011820331,0.4874651810584956,False
sh.600483,2021-12-02,0.15066666666666662,tp,0.28187919463087224,0.7342869350033213,8.2749,1.8995594713656372,1.4190081969180102,1.6908594611162513,-0.2375308641975309,0.8447204968944078,1.219212973795713,0.6330453861487461,0.7207792207792205,-0.2662337662337666,0.5037011541214218,0.10271460014673495,0.47486263555268615,0.09988837164287818,0.07478376580172988,0.3220338983050846,True
sh.600483,2022-04-20,0.07826475849731676,tp,0.18483412322274936,0.7095589406665216,6.244,1.6306156405990038,1.5976995789354482,1.8965702699972093,-0.23141070187630297,1.0975609756097526,1.0165410105122976,0.692145375701507,1.1714285714285684,0.17142857142856832,0.6845584083761812,-0.158132530120482,-0.2384196185286105,-0.19833644055643207,0.04773404889683962,0.02921348314606698,True
sh.600487,2024-07-12,-0.03596175094744901,stop,0.050711062325929826,0.9706516573175753,5.4522,1.4431258605755433,1.794017329779109,1.938292566500574,0.02750000000000008,1.373734937389166,1.9148069884729584,0.5207369555428885,0.7701149425287342,-0.22988505747126575,0.8853464599672064,0.2638132295719846,0.4831050228310503,0.21107385046616198,0.03193762785406978,0.2902443412104229,False
sh.600489,2024-07-10,0.0594235101455836,tp,0.0167597765363123,0.8940647552883171,8.849,2.6128122795730646,2.434215875228563,2.96895128420686,0.03741280913126177,0.8901734104046264,1.3980425342756313,0.6650001006637088,1.186567164179105,0.3731343283582098,1.0280036897633893,0.25727069351230436,0.7327852004110997,0.3376351035908297,0.02922104190943279,0.49145299145299187,True
sh.600490,2021-11-18,0.08162313432835813,tp,0.0,0.8144704324231454,6.7073,1.2962962962962965,1.4318989001325915,1.7987627056558546,-0.43790149892933616,1.0603085553997216,1.3413877975718227,0.6146848343457754,0.857142857142855,0.3428571428571435,0.7804820541988605,-0.1435406698564593,0.3153370128435471,-0.008641693793740962,0.055555555555555504,0.17142857142857112,True
sh.600490,2023-04-19,-0.04950495049504955,stop,0.29896907216494856,0.9419541582149705,9.893,1.6279069767441872,2.162243742620274,2.570258273549368,0.05384615384615388,2.5156249999999973,7.113971899634086,0.5874702030577498,0.8999999999999992,-0.10000000000000074,0.8858950508172727,0.3377049180327869,0.31189710610932475,0.25124587901556383,0.03929738562091505,0.2910052910052914,False
sh.600496,2022-06-30,0.04338394793926243,tp,0.08105594282209198,0.8571299819816164,6.993,2.150993854944448,2.6763498623871693,3.1061030894317647,-0.100488416108794,1.1602209944751416,1.6791830154756384,0.5379346451135528,0.7666666666666667,0.1,1.0428240744265596,0.011445191873471261,0.12355718904498847,0.02237397525442929,0.028195614177749073,0.11901274037139589,True
sh.600497,2021-01-26,-0.059047619047619064,stop,0.06820928421164618,0.6278675801971906,10.0,1.7455455228840682,1.980254858423022,2.1636552322846248,0.0,1.621951219512196,1.8669029810708346,0.662719742913235,0.7959183673469372,0.06122448979591699,0.9143295797403685,0.4010488860933463,0.24064842950789322,0.21867695917062482,0.04902710532283291,0.1822137345441429,False
sh.600498,2024-05-06,-0.03130335799658523,stop,0.0,0.8842291681197758,6.7319,1.2130857648099,1.6467504914905728,1.5575155172259965,-0.18428437792329289,1.0971786833855834,1.2570403185167454,0.7768416465106763,1.0918367346938775,0.09183673469387758,0.7539864153272888,0.1933287950987066,-0.052432432432432674,0.025171178634956982,0.0467008937060277,0.07284768211920567,False
sh.600498,2024-07-12,-0.03242212333121438,stop,0.12942948965456194,0.6612880865785017,6.117,1.9659748381820512,1.5334012532615062,1.7575087516531063,-0.1316648531011968,1.4241140556674934,1.6175667058189909,0.6153555714854281,0.8877647442163553,-0.1122352557836447,0.5655856058999962,-0.06771252371916514,0.06654691095384879,-0.03386820483082279,0.02690313499619335,0.07007150943725823,False
sh.600499,2021-10-21,-0.06176470588235275,stop,0.27044025157232693,0.46030039252903565,10.023,1.6150576806314567,1.1172447756292718,2.0133413400218303,-0.13963963963963932,1.6949941792782341,2.302716729038194,0.8381293387035146,1.4105263157894687,0.6842105263157834,0.7688148396139012,0.2150089338892196,0.9666916916672608,0.2285607927625614,0.06199346405228759,0.008298755186721619,False
sh.600500,2022-07-21,-0.030075187969924793,stop,0.24927125465179895,0.9274111384134398,5.0553,1.4223300637324,1.62632918446134,1.6097495125077823,-0.03436467781030028,1.2777777777777783,1.6640664172506199,0.5873572616931546,1.0333333333333323,0.033333333333332216,0.6550706153091171,0.09247961353408551,-0.16782725734502368,-0.03236896032953465,0.02840839448802606,0.01977365765861391,False
sh.600500,2022-09-09,-0.060377358490566135,stop,0.00854700854700824,0.6379918745278277,10.068,2.741514360313314,2.4435235510588105,3.519308614058594,0.03452685421994883,1.7661538461538446,3.1693700750587372,0.5815770398688741,0.7066666666666662,-0.2933333333333338,0.8082971646033907,0.1696391507372299,0.10936526692486548,0.173458515736448,0.03418043202033037,0.16376306620209016,False
sh.600500,2022-10-19,-0.03750000000000005,stop,0.2857142857142862,0.7208160668422522,5.8565,1.4823529411764698,1.532303946524675,1.932297068764203,-0.10740740740740728,0.987834549878344,1.249560843951397,0.777321438551287,0.9166666666666669,-0.08333333333333312,0.7543099618263066,0.07142857142857162,0.10244089062522921,0.06800252105039858,0.03851851851851853,0.10037174721189573,False
sh.600501,2020-02-20,-0.05935050391937296,stop,0.11111111111111154,0.9721841289031566,6.3321,1.2837370242214539,2.04036648551913,2.1173872813708514,0.004514672686230181,1.6779964221824706,3.134948624179057,0.8561313466316018,1.0,0.30188679245283356,0.9494766506396478,0.22112758215835315,0.071012607519501,0.10203606955428862,0.038413027330251356,0.28192771084337415,False
sh.600501,2022-07-25,0.08043478260869562,tp,0.12775330396475665,0.8640688521244195,5.1471,1.3620414673046228,1.9672503637216396,2.145246252195494,-0.10485133020344284,1.021069692058346,1.1885599035767003,0.5538307154790567,0.9344262295081979,0.19672131147541239,0.7709672299670758,0.34106728538283093,-0.054783319705641764,0.014198189767360236,0.03633217993079583,0.010989010989011463,True
sh.600506,2022-07-05,-0.08730800323362985,stop,0.07407407407407333,0.5043729237201197,8.9091,2.4020797227036437,2.498230201991629,4.5778413907090085,-0.1822525597269623,0.6666666666666718,2.537099378950989,0.6009900347809597,1.1919191919191914,0.28282828282828,1.0336945790016878,-0.04442712392829318,0.09269162210338666,0.07249081471977596,0.05005437737901035,0.15979381443298954,False
sh.600507,2019-12-12,-0.01103775087696247,timeout,0.17499999999999966,0.6849397293886018,8.5202,2.185520361990949,2.488881443320759,2.701831456961905,-0.007179487179487243,2.2687747035573063,3.722207906341984,0.6921098553973847,1.0,0.4492753623188413,0.996576026268678,0.0990099009900991,0.1026490066225163,0.13064473535292564,0.02659325992659325,0.48066298342541425,False
sh.600507,2020-11-02,0.06259904912836764,tp,0.12820512820512722,0.8144835401090191,7.9422,2.1657458563535985,6.135837842434967,8.177187436425966,-0.01157024793388406,0.9058823529411716,1.6397085470787796,0.7332698267237027,1.1428571428571384,1.1785714285714242,1.1763345801599003,0.11484098939929321,0.22050290135396522,0.13845830013080548,0.01975699947173798,0.5436241610738267,True
sh.600507,2022-02-10,-0.0273809523809524,stop,0.1733333333333334,0.9230438561319003,6.0881,1.2188235294117626,1.5318534149136906,1.6384347408286415,-0.04210526315789487,1.2894736842105188,2.010290352139176,0.6640107779948896,1.1891891891891897,0.567567567567572,0.8287339587519074,0.22986822840409982,0.14754098360655732,0.06983655274888582,0.0288888888888889,0.09508196721311521,False
sh.600509,2021-05-20,0.034290271132376565,tp,0.20967741935483794,0.9686492088394778,5.0987,1.269333333333332,1.5183813369522148,1.772694479630781,-0.29625550660792954,1.2122905027932998,1.0379199529990832,0.7629790284237684,0.8823529411764687,-0.11764705882353133,0.805646183725633,0.3510638297872337,0.6799479468311882,0.1979718483617185,0.059107611548556434,0.11409395973154339,True
sh.600509,2021-11-12,0.04095826893353954,tp,0.398373983739838,0.6786498759543782,6.6884,1.9047619047619084,1.6571161822096452,2.1271624999867402,-0.21957040572792375,1.0275229357798157,0.8106631334419544,0.4970215752725132,0.8000000000000018,-0.10000000000000138,0.5777461975555289,-0.07670454545454553,0.024932493135909617,-0.0753366861142674,0.047589743589743584,0.007692307692307638,True
sh.600512,2024-05-07,0.03211009174311924,tp,0.37142857142857166,0.792813004604833,5.9406,1.4583333333333364,1.801401669618032,1.8634663577612307,-0.1507936507936508,2.6249999999999933,2.0634773292175517,0.6552968896358289,1.400000000000002,0.4000000000000018,0.7137872588206134,-0.11740890688259109,-0.1583011583011581,-0.06966819588178806,0.02507645259938836,0.1176470588235287,True
sh.600513,2020-01-22,0.16162790697674412,tp,0.11392405063291124,0.9682681491401677,10.0,1.4566241523321188,2.374751795632693,1.7671498134948684,0.022396416573348343,4.18627450980393,8.865730290584457,0.11407781040200081,2.2638888888888857,4.18055555555555,1.2129086547421988,0.7026918918725891,0.7074814611886862,0.6767988479423013,0.030725124620673686,0.653508214469647,True
sh.600513,2021-04-29,-0.03173076923076908,stop,0.20168067226890724,0.9889078990168241,9.9668,1.54749568221071,3.377263577847465,2.4042168760941593,-0.024557956777995993,3.903846153846151,5.865389327070091,0.9437292860074117,0.7187500000000003,0.8124999999999992,1.0416948238060313,0.1821266968325792,0.010702185494685157,0.11300400971511673,0.03116427432216905,0.4329670329670329,False
sh.600513,2022-12-12,-0.032846715328467384,stop,0.29032258064516064,0.7611292782451247,6.2,1.295522388059698,1.7388945646921032,2.353360996094054,-0.0585106382978724,1.3346303501945582,2.153053264023347,0.7524035470993062,1.0806451612903243,0.6935483870967788,0.9960186526202387,0.14864864864864868,0.053353641507226435,0.13011452766675205,0.03656108597285065,0.16543209876543197,False
sh.600521,2020-04-01,0.09776422764227619,tp,0.32019704433497465,0.9638957253297505,9.9955,1.4097482592394193,1.666861183238663,1.6014896334913324,0.06263592866463674,1.207808564231743,1.7234681613817353,0.8229202765723888,0.9202127659574467,-0.07978723404255329,0.8872554403099114,0.4149184149184151,0.6427604871447903,0.28154263671591495,0.053171334431631,0.24421965317919092,True
sh.600521,2021-06-03,-0.022831050228310567,stop,0.17874396135265672,0.7961251541353529,5.1218,1.4819819819819915,1.9164749283277545,2.6235488601586496,-0.29060402684563746,1.241439859525895,1.2118967620894399,0.767811365737298,1.1595744680851021,0.8085106382978641,1.0750037666166594,-0.20938628158844763,-0.3325278813516567,-0.16173812197477766,0.03751902587519025,0.1658767772511846,False
sh.600521,2023-01-03,0.11379633974659764,tp,0.20430107526881716,0.8666235184713806,10.0151,1.7466237942122154,2.6150733383059617,2.3166418090981247,-0.04832390074009585,3.0588235294117605,2.2660906261019065,0.6885108098629004,0.8402061855670117,-0.15979381443298837,0.7359402995718382,0.17247007616974974,-0.03862574108218764,0.05324225631566752,0.044068058778035546,0.12975778546712805,True
sh.600521,2024-07-10,-0.052071668533034715,stop,0.2654924803888573,1.0429514544914433,10.0186,1.85441239796074,3.465183925958093,3.36138042311357,-0.03104575163398693,1.9967585089140965,2.2368121838249295,0.7308840528952109,0.8288288288288298,0.18425403188068906,0.8649221776757672,0.24615803153653482,0.31635127837509613,0.18933719290408021,0.027800526637483766,0.09529013214163626,False
sh.600522,2024-05-07,0.08586406362979034,tp,0.3119999999999993,1.0204721826478842,8.121,1.8219178082191778,2.3334127480184477,2.108056412922264,-0.11760883690708246,1.0920436817472676,2.601745065152273,0.4291132487334579,0.9894736842105255,0.2736842105263148,0.9132125255657394,0.1485477178423238,-0.010721944245889903,0.06535977060895103,0.03405587668593449,0.020183486238532063,True
sh.600523,2020-05-12,0.09477825464949936,tp,0.074324324324324,1.048767281784805,7.9816,1.7858002406738867,1.7539662793422266,1.680367653240485,-0.05886287625418052,1.4257095158597728,1.9163006772777404,0.6390208088546675,0.9150943396226422,0.009433962264151063,0.9094895212858455,0.11304347826086958,0.0231546017068065,0.05962470670821504,0.034801136363636354,0.16763005780346768,True
sh.600523,2022-07-12,-0.06980331662167366,stop,0.19047619047619055,0.9837732740915847,10.0209,1.8375470683163004,2.992106042797889,3.1375241635106117,0.06036217303822955,1.1399457365901065,1.3074858992803469,0.5502227409384759,0.7254098360655713,-0.27459016393442875,0.8291919695064411,0.18414058116538157,0.12876337741332922,0.1766196899585547,0.04623543170369149,0.15565679574791158,False
sh.600525,2023-06-16,-0.02847571189279716,stop,0.18644067796610256,0.658989895131902,5.8501,1.8468085106382903,2.3151928163951343,3.114267571219931,-0.05237315875613757,0.7915194346289767,1.1572859279377743,0.5475242237913525,0.9354838709677373,0.5806451612903241,1.1344026201874697,0.09742647058823506,0.20606060606060606,0.10661435323921026,0.03026242322724734,0.20253164556961953,False
sh.600528,2023-03-06,0.06041890440386696,tp,0.2705882352941167,1.0227343990247888,5.0234,2.3333333333333335,3.990151900814637,4.444167410828517,0.02978235967926679,1.5784313725490189,2.001984341334271,0.8493905301183063,1.2222222222222217,0.7111111111111138,1.0899718100274645,0.16375000000000028,0.1508034610630411,0.1687781811334179,0.019405656999641984,0.5751295336787557,True
sh.600529,2023-05-18,0.020119342332453542,timeout,0.1558073654390927,0.929990702189872,6.1996,1.6826394344069142,1.5580246136319615,1.7492952262676948,-0.19711075441412518,1.5635245901639383,2.3917307316837455,0.5819734653128203,1.1111111111111114,0.13071895424836444,0.6272673749539475,-0.1526050420168068,-0.2077309868007544,-0.09208773003925522,0.029604654237736346,0.13940724478594943,True
sh.600530,2022-11-03,0.0395408163265305,tp,0.18840579710144872,0.9893018802522021,6.1111,1.3738317757009364,2.8385097262191237,2.965923739230644,-0.04499999999999993,1.4874999999999987,1.9124053715564544,0.5338807141644025,1.2857142857142838,0.428571428571428,0.8534280563120776,0.0625,0.04825737265415553,0.027325275880189116,0.03699914748508097,0.30612244897959195,True
sh.600531,2021-08-11,0.10434412265758056,tp,0.1140939597315437,0.9864289458563048,8.8073,1.926966292134826,2.490787587378946,2.110018775634746,-0.058487202266615634,1.8666666666666782,2.869552283171306,0.43543796727992296,0.8367346938775511,-0.1632653061224489,0.7758926056960628,-0.05041675923209776,0.09675112310093503,0.022845369967553455,0.03378917378917378,0.18875502008032166,True
sh.600531,2022-07-21,-0.03415559772296012,stop,0.3611111111111109,0.8674847033906997,5.2209,1.5862068965517253,1.5589776667922546,1.7182302188719498,-0.09625025545394172,0.9811020871539565,1.015965451078013,0.5074776323183483,1.0434782608695647,0.08695652173912935,0.5933735699878018,0.011416024976949046,-0.08351210023419808,0.0023323925019753116,0.02462013117768062,0.020689655172413602,False
sh.600532,2021-04-21,0.04607721046077223,tp,0.0,0.8261045192893568,7.8052,2.3032904148784,1.929102969684341,2.673457956877809,0.022784810126582178,0.8637951105937158,1.1622372506054222,0.3866157948214371,0.9217391304347827,-0.07826086956521724,0.8964242601554009,0.15694744420446383,0.5380620720612708,0.163377648507347,0.03308442231902093,0.48525469168900925,True
sh.600532,2021-09-17,-0.045576407506702304,stop,0.24107142857142874,0.5905638275956735,9.9942,2.102021174205963,2.476507445788735,3.439098408239611,0.03612479474548436,1.407329842931938,2.9250705005601416,0.4814910315502976,0.9615384615384623,-0.03846153846153767,0.879298404972332,0.10804462712859664,0.32328190743338014,0.14410440634805155,0.04066419360537008,0.17515923566879021,False
sh.600533,2022-03-23,0.049731182795698985,tp,0.10091743119266026,0.9684085533118019,6.1404,1.5750000000000026,2.78385781160395,3.4483187112055154,-0.021563342318059342,1.4951456310679603,2.2769536118840925,0.7583995327463342,1.4074074074074059,0.5555555555555513,0.9683375102264297,0.08620689655172398,0.19620253164556933,0.20034930799968229,0.04206349206349207,0.17241379310344787,True
sh.600536,2020-04-24,-0.057673745173745114,stop,0.276422764227642,0.8348326162879196,10.0,2.9038238702201613,2.4271526126784115,3.166437860357029,-0.19971014492753636,1.3098745226404793,1.3316217851904317,0.609528214456182,0.9854748603351966,-0.014525139664803389,0.9322999477259507,0.06393927698443314,0.1642208083272092,0.0964796772431097,0.049838774687625945,0.026804123711340045,False
sh.600546,2020-04-08,0.04734042553191469,tp,0.22297297297297347,0.8086788496287025,9.9526,1.2971246006389754,1.3863738111897406,1.559157717146146,-0.3665529010238908,1.1503875968992265,1.1689952821194611,0.66329195365082,0.7586206896551729,0.0689655172413804,0.6066408015533908,0.12259615384615374,0.4390838524109941,0.11844735557400504,0.08047822983583153,0.2244897959183675,True
sh.600546,2022-05-31,0.03701658301188088,tp,0.3801652892561977,0.9438033798400132,8.0074,1.2955523672883789,1.4314238507469563,1.5238303562936801,0.02533883323512076,1.0707070707070692,1.5300649246010563,0.6417092072278979,1.1627906976744191,0.41860465116279333,0.9496963167298719,0.577836411609499,1.2594458438287157,0.5546488535836794,0.05981047937569676,0.4438095238095237,True
sh.600546,2023-04-21,-0.040137645512521636,stop,0.1392405063291134,0.7470854764741994,5.6347,1.847826086956524,1.805470358077224,2.3621788427081194,-0.05745856353591172,1.0851334180432,2.4569902329305786,0.4368751622337993,0.8588235294117651,-0.14117647058823485,0.8761812984726973,0.11594202898550732,0.10936476751800916,0.07376594564614518,0.030047225501770948,0.41787941787941907,False
sh.600546,2023-12-14,-0.026273458445040084,stop,0.18287937743190755,0.8373263191435129,6.2571,1.5890083632019056,1.5758862346945537,1.7901005689604093,-0.0636591478696743,1.195652173913047,1.6260679338060815,0.3371519927371313,0.8736842105263146,-0.021052631578944755,0.7350729596066098,0.0016103059581320522,0.2940360610263524,0.11386360244739603,0.02670596641657736,0.3778558875219676,False
sh.600549,2022-06-08,0.06868782567503565,tp,0.22464142198031037,0.8695238396984097,5.9763,1.238385019224687,1.5245046876774646,1.5532563683672391,-0.051364097029143796,0.9666666666666669,2.9857847902505537,0.6453514765563347,1.5086206896551704,0.6120689655172408,0.8879076541575596,0.0845524659243242,-0.14202534729106375,0.07437145225035845,0.04027488357803235,0.7880334009994489,True
sh.600552,2020-02-13,0.08783783783783795,tp,0.3999999999999999,0.8897520606976299,6.0491,1.4444444444444464,1.496822244715257,1.673069124243602,-0.12480499219968799,1.5504885993485351,1.542946980742379,0.7189757776075525,0.8461538461538456,-0.12820512820512905,0.3685954892831403,0.07123775852350622,0.17046820352357872,0.007420364598313238,0.04358543847840079,0.20714285714285732,True
sh.600552,2023-10-31,0.08022549869904574,tp,0.20909090909090924,0.9133929759417805,6.5116,1.8207381370825946,1.6589349104877804,1.6286164516669968,-0.052936311000827296,1.8074398249453005,2.2796957432706844,0.7368568848387103,1.0405405405405428,0.08108108108108299,0.7408349537053741,-0.029510961214165188,-0.06851769777659389,0.026844055167422404,0.0314509122502172,0.06944444444444414,True
sh.600558,2024-09-27,0.1088709677419355,tp,0.23076923076923114,0.8885690722354415,5.5728,1.630136986301368,1.8569730973898642,2.150607705057214,-0.07291398455326126,1.467741935483868,2.212519238982582,0.7552806649153652,1.2352941176470598,1.0,0.944358310481624,-0.010783286961215222,-0.15571503794131625,-0.01852145241947131,0.027281191806331477,0.1754385964912279,True
sh.600559,2023-06-19,-0.06517514351102406,stop,0.33104499775130397,0.8565917697943347,7.025,1.8725316123647078,2.9329050611069634,3.5052672906996944,-0.2806191855693875,1.2251235003528556,2.369520294212138,0.5563360679500869,0.9476744186046495,-0.05232558139535047,0.6237086026896088,-0.20363352331922346,0.0008350751227619302,-0.12898350740767073,0.034782380458480616,0.30035345161226473,False
sh.600561,2021-02-23,0.022167487684729415,timeout,0.2615384615384602,0.6633931305721978,7.3171,1.8260869565217381,1.4661749498787753,1.9522250093971263,-0.24871168288689272,0.8065200309577428,1.6128447253870997,0.696528732027952,1.1481481481481475,0.37037037037036785,0.832535554363961,-0.21786676540864025,-0.22236178399824558,-0.1527887504805453,0.041707997529283766,0.006622516556291442,True
sh.600562,2023-05-22,-0.04333223225930786,stop,0.23214285714285682,0.7836098228423617,5.0193,1.5374677002583959,1.7522955152894766,1.9242778212334837,-0.09983452840595697,2.3066884176182745,2.435505962778088,0.4695987486487177,0.9411764705882357,0.0,0.7741143071049751,-0.041691133294186944,-0.09333333333333338,-0.02818578801111548,0.028206699346405215,0.030303030303030158,False
sh.600563,2020-08-18,-0.057035928143712625,stop,0.39140811455847063,0.8772245124138369,6.2569,1.2741102961151891,1.868027066943441,2.0841330089566945,0.027815986550511873,1.480362537764344,1.3710485576399647,0.7236899137863398,0.8537313432835848,-0.04477611940298504,0.8705973104009231,0.3154389381071383,0.08901263157943284,0.23917627052928533,0.040382513661202185,0.2635051546391751,False
sh.600567,2021-05-12,-0.04134366925064598,stop,0.10204081632653049,0.8311183936018367,8.547,2.527777777777784,4.030711036422148,5.432396117552909,-0.10772833723653386,1.3582089552238863,1.436364254837627,0.5234491864424751,1.0769230769230758,0.23076923076922923,1.0147344121075572,0.2814569536423841,0.19808214915901323,0.14405010922704797,0.02928509905254091,0.14814814814814822,False
sh.600570,2019-08-22,0.039225148214531866,tp,0.18032786885245858,0.7718997967094534,7.5968,1.6284866468842725,1.9282778230850168,2.2645090948234534,0.0,1.2514574426739202,1.8011744913307575,0.4405621177790879,0.7219387755102047,-0.27040816326530437,0.7526471015505529,0.11147695202257779,0.07036529674724967,0.06471651663864356,0.0297785301170828,0.009033423667569864,True
sh.600570,2023-08-02,-0.03841418369859641,stop,0.04651162790697687,0.7936983873870103,7.8691,2.0637184973846865,1.9642394637243659,2.3704022040058734,-0.21906812842599854,1.3545673076923068,2.5383112362707982,0.5390159035456025,1.3000000000000023,0.3290322580645158,0.804810364508824,-0.12442019873556698,-0.12066717772714675,-0.08528083984753503,0.044113093783101145,0.11527854384997263,False
sh.600571,2023-08-02,0.06230116648992591,tp,0.08823529411764643,0.8938851291631915,5.0998,1.981927710843382,2.6316652340502844,2.8083099911655083,-0.09021113243761991,0.9949238578680274,1.1981377583673192,0.4827012913479477,0.872340425531912,0.0,0.9444139283545983,-0.03168206478672109,-0.1938917869270409,-0.05808649949074325,0.027707454289732758,0.11553784860557832,True
sh.600572,2023-01-19,-0.041501976284585025,stop,0.36470588235294155,0.4594622716417731,9.2105,2.0075471698113265,2.9865643786259883,3.095798612770563,-0.040462427745664775,1.9504643962848347,2.4037289867587592,0.36311329788549657,0.8684210526315768,0.10526315789473292,0.9050052034860372,0.21844660194174748,0.15668202764976935,0.14455084359325096,0.0391766268260292,0.09565217391304273,False
sh.600572,2023-05-31,-0.03421872429010666,stop,0.05263157894736797,0.6855564756403388,6.0748,1.3538461538461544,1.5400327152142914,1.9061058355638307,-0.08467741935483863,1.5587044534412942,2.075097214552181,0.6254677901396497,1.2500000000000004,0.31818181818181906,0.7039053823239462,0.3339731285988483,0.4631578947368422,0.24524076147816373,0.04791366906474819,0.009646302250803917,False
sh.600573,2023-06-06,-0.046836483155300104,stop,0.14469453376205768,1.0425407926343027,7.6106,1.6179757976556186,2.633949211156345,2.2141438604984307,-0.1116470706461663,2.226148409893994,2.6846440898449897,0.4986282841915016,0.890109890109891,0.043956043956043564,0.6301582165336264,0.04568129977541746,0.0905763824133603,0.04720004167084382,0.03846181044927434,0.026462511141824505,False
sh.600578,2022-11-09,0.03857566765578631,timeout,0.1428571428571433,0.9152018431280783,5.0955,1.448275862068963,1.4665297054408777,1.6064035156159295,-0.1406249999999999,1.1461988304093564,1.9417531549256877,0.46723236756628767,1.0555555555555565,0.3888888888888898,0.7381596226425982,0.018126888217522508,0.08012820512820507,0.014398234084181932,0.03521266073194856,0.11428571428571417,True
sh.600580,2021-06-24,-0.04783599088838273,stop,0.1442786069651745,0.9632975830544585,8.6379,2.4888888888888925,3.462391198669553,3.7861801072932484,0.05144694533762073,1.5258126195028634,2.193861154963185,0.5711524754456729,1.009615384615385,0.20192307692307612,0.9862642237723794,0.22038567493112948,-0.0959434695690804,0.09288729590544434,0.029069475796338135,0.5012594458438291,False
sh.600580,2021-10-27,0.05416666666666662,tp,0.2216748768472906,0.5002362823600214,6.1135,1.301859799713875,1.7362923363191531,3.305882677637517,-0.10276923076923083,2.075542965061378,1.9354205461944889,0.616430862048134,1.0461538461538473,0.7692307692307703,0.8891014533596012,0.11786508524833206,0.3992360471617966,0.1576268923735169,0.04093722369584439,0.08292682926829294,True
sh.600581,2020-12-30,-0.0920503772807468,stop,0.26530612244897883,0.9931911014698647,10.0287,1.9669421487603296,2.155898994806258,2.5031676243739645,-0.022900763358778664,1.1951219512195133,2.161101954935926,0.6899728083077296,0.8235294117647065,0.0,0.8482413838085415,0.18518518518518512,0.1394658753709197,0.047939597925952836,0.045572916666666664,0.019607843137255193,False
sh.600583,2020-04-08,-0.04044117647058836,stop,0.1111111111111108,0.9119821207221465,9.0535,1.7032640949554858,1.650302589161048,1.6556198309015056,-0.35365853658536583,0.888324873096446,1.8397797568724128,0.7477239309956484,0.8536585365853674,0.21951219512195266,0.8086697317297195,-0.32709113607990004,-0.08644995644794251,-0.1573996616132619,0.047680890538033406,0.10437710437710448,False
sh.600583,2023-09-07,0.05226904376012974,tp,0.24999999999999947,0.8068704457070615,5.8319,1.3108614232209783,1.9169508936860773,1.7841822253271817,-0.07634730538922163,1.8589211618257289,3.2968289227012995,0.648969536896894,0.9600000000000044,0.2799999999999995,0.955711356266952,0.040000000000000036,-0.09511572050819994,0.01470981873141636,0.02735042735042734,0.027932960893854483,True
sh.600584,2019-11-19,-0.07916872835230085,stop,0.11834319526627327,0.897488420225356,6.3492,1.3949090909090929,2.0021033160834905,2.2169843691719504,-0.0185546875,1.292307692307693,1.6005623109888574,0.6593650340956874,0.7810218978102198,0.25547445255474216,0.9618571417624716,0.3453947368421053,0.5586890243902438,0.323310541187636,0.04415647921760389,0.4538745387453881,False
sh.600584,2020-06-29,0.08690095846645357,tp,0.20496894409937857,0.943839728301436,7.8892,1.349584487534628,1.8147809632004137,2.1158189686093474,-0.07984449760765533,1.0911174785100373,1.3333742372062771,0.6148433391420557,0.9252873563218363,-0.011494252873564611,0.7828482888751861,0.45527685754850933,0.34640668589462154,0.19141235685196192,0.054113821138211365,0.12170087976539588,True
sh.600584,2021-04-08,-0.04894179894179888,stop,0.3481481481481496,0.9072947287639888,8.3428,1.9003436426116802,2.622334675701894,3.3287048643575736,-0.2204981625153123,1.234959349593493,1.5643077944578172,0.47316300953984064,0.8607594936708884,-0.13924050632911153,0.8735485009876938,-0.10715673234580225,-0.038179768338972075,-0.06193144216791569,0.038097754293262905,0.18405797101449262,False
sh.600584,2023-06-12,0.01834264865209342,tp,0.009140184750915457,0.8532993008481747,6.6667,1.319692364848257,1.777353094367036,2.1653472126607496,-0.18249603116278545,1.2317997181425306,1.314092152310878,0.7096277496045954,0.8724832214765116,0.7382550335570532,1.0795999235039404,0.12580585981293257,0.3355690318910993,0.12411188001936627,0.034119182823948636,0.35529308003527926,True
sh.600584,2024-07-12,0.07392473118279544,tp,0.04970903267658139,0.7520785596979603,6.0538,1.4290129193454975,1.2642829816890644,1.5043596813189495,0.00883607556368049,2.036529680365297,2.3747066039091975,0.6108365845146293,0.8333333333333385,0.23232323232323634,0.9975699330638187,0.308384697452023,0.20363910337437718,0.24736235739966175,0.03602742043619348,0.34523834318270236,True
sh.600585,2021-09-06,0.03161925601750546,tp,0.18518518518518454,0.9406402760109586,8.008,1.7303370786516894,2.55445802127751,3.0065131944566583,-0.08196412074937409,1.5578431372549035,2.0443114072701687,0.6162431667153874,1.062937062937063,0.8881118881118856,1.111123258186117,-0.004893695645999063,-0.11133403572174738,0.03543573551877401,0.03707512764405541,0.24044943820224662,True
sh.600587,2022-08-16,0.03558627752176141,tp,0.36619718309859345,0.9099836836468138,5.4692,1.8378378378378464,1.9347011711469455,2.1336725990116854,-0.14774696707105694,0.9936628643852948,1.2261338546079357,0.4359220200194619,0.8431372549019599,-0.14705882352941466,0.6226701140410785,-0.03550362418183495,-0.2344075460431686,-0.07632987775847744,0.02786885245901636,0.06849315068493235,True
sh.600587,2023-11-22,-0.0015325670498085758,timeout,0.03550295857988063,0.6977558642640515,6.8287,2.235504014272967,2.619532343348591,3.3750674156061335,-0.060427413411938136,1.2330623306233117,2.608367725224856,0.4982897096836325,1.268156424581007,0.3128491620111737,1.021888131054955,-0.02177177177177181,-0.25979761744284524,-0.07159358827394913,0.03433103095420824,0.3647058823529403,False
sh.600588,2023-03-06,0.043140303148076195,tp,0.23679060665361884,0.787631131791199,10.0086,2.2357779300891005,2.3820672026690524,2.6165332355350235,-0.04190048634493082,1.5852417302798993,1.9368673101630929,0.6207562114314555,1.0686695278969964,0.06866952789699649,0.7752721739326274,0.14127546501328614,0.26509572901325495,0.1360638934912548,0.04210322079937912,0.005937234944868712,True
sh.600589,2020-01-03,0.047793365170680537,tp,0.03797468354430315,0.794557660484541,5.9501,1.835205992509357,1.9125021417465595,1.8880170325629129,-0.014285714285714568,2.197674418604649,6.9194669588995135,0.5906982340361255,0.7714285714285736,-0.17106365914786723,0.7634777570028727,0.016783560390734698,0.17675166364186334,0.1005543691057167,0.026678288327138637,0.3646250656936333,True
sh.600592,2023-09-01,-0.03125000000000006,stop,0.3548387096774201,1.0415908814213388,5.0114,1.5669099756691087,1.7498801610512105,1.6320262103180974,-0.19122807017543852,2.214477211796251,2.0088873538928063,0.6088175000677672,0.8913043478260855,0.17391304347825848,0.6322980790670015,0.13138686131386845,0.15501120781922095,0.0598272245453867,0.02810035842293901,0.16205533596837898,False
sh.600594,2020-05-28,0.06669535283993132,tp,0.06329113924050607,0.7312849128714208,5.8608,1.7933884297520708,1.8837291045144617,2.1438238806773957,-0.017006802721088343,1.07692307692308,1.7966886411586938,0.7562115970627376,0.9677419354838687,0.1290322580645156,0.9058128553082303,0.10857142857142854,0.23828140342338422,0.10667159895361845,0.03258877434135167,0.37430167597765446,True
sh.600597,2023-05-08,0.02686703096539166,tp,0.2727272727272714,1.038923755552649,5.4688,1.8280254777070113,3.350779153101902,3.365381125546153,-0.04424778761061954,1.9116465863453853,2.2009293190601333,0.5836007422445488,1.1219512195121923,0.48780487804877437,0.9988491243008486,0.03578154425612046,0.10998990918264373,0.03917369945836999,0.016575757575757563,0.16455696202531567,True
sh.600598,2020-07-02,0.086343472750317,tp,0.08133971291866081,0.9829350090878469,8.6301,2.096153846153847,2.6695998492051785,2.6197267667760804,-0.10485089999063524,0.9576582770119376,1.6443049399895102,0.5633850420382376,1.0091743119266043,0.009174311926604275,0.9025983737987555,-0.014715142568506923,0.6775232705887433,0.15308644717964554,0.03334178386215854,0.1209677419354838,True
sh.600600,2021-06-10,-0.04510731174972706,stop,0.07831325301204888,1.0236073704749116,8.0214,1.9872825883672995,2.3712860956873545,2.6186660146568324,0.04613935969868144,1.2984732824427458,1.8781977813692543,0.5446004369634965,0.7984189723320163,-0.20158102766798372,0.8899157371490053,0.4229870129870128,0.11048828299401103,0.17743434433736088,0.03719692129840894,0.3127105666156211,False
sh.600600,2022-02-17,-0.02795160617438468,stop,0.2604340567612695,0.9126359837835277,5.4216,1.3562058526740643,1.5251108445077075,1.876966190350599,-0.1254377880184332,1.1962257557225235,2.497931550428055,0.4644785450412049,1.1541666666666663,0.312500000000002,0.9054803205574574,-0.012498719393504665,0.08706439607533567,0.038929776941054775,0.03530103399384449,0.2724505327245057,False
sh.600602,2023-10-10,-0.036340038935756006,stop,0.12820512820512764,0.7860444345871543,6.5621,1.2727272727272723,1.8049699115689464,2.531079249423549,-0.15354107648725202,0.8534759358288749,1.2491602060339015,0.7125741998755563,0.9565217391304371,0.5652173913043501,0.9524376680683386,0.12028985507246404,0.36595511846285267,0.19492446247434883,0.05664079344545064,0.03611457036114543,False
sh.600604,2024-05-07,0.07371007371007375,tp,0.03614457831325248,0.8701641242822162,5.1546,1.4392523364486018,1.9246280352705354,1.9503290335424697,-0.19207920792079192,1.602409638554216,1.5909555675454026,0.6933034702522493,0.909090909090908,-0.045454545454546004,0.7967350577377864,-0.1503131524008351,-0.10745614035087714,-0.07854272399675502,0.029565929565929582,0.03144654088050311,True
sh.600616,2021-05-27,0.08913308913308911,tp,0.3552631578947361,0.7890007214487822,6.6313,1.320284697508895,1.9730592637929716,2.2225633345688194,-0.06402793946449348,1.211538461538463,3.2842353111585205,0.744546847677833,0.943396226415095,0.35849056603773843,1.009724253713744,0.2899686520376177,0.1723659163895308,0.059054706380418445,0.05617658971243417,0.25064599483204186,True
sh.600619,2019-08-30,-0.03638368246968023,stop,0.38461538461538575,1.0018690702153117,8.799,2.472826086956524,4.792399435887868,6.801682670556601,-0.030860462764356167,1.1686452995426269,2.2203554593111736,0.4858771591040782,0.9230769230769218,0.04615384615384689,0.981043840815652,0.045268042730683966,0.015695715079979244,-0.004889060584983098,0.027270045792311546,0.1623931623931618,False
sh.600619,2024-03-05,0.05821917808219184,tp,0.33009708737864024,1.016745563443525,10.0186,1.3824057450628375,2.365823727487237,2.5171346348153016,-0.28554216867469895,1.3999999999999964,2.831120588802814,0.7416545759650284,0.8181818181818189,-0.05454545454545384,0.8003484357552512,-0.2236842105263157,-0.02960526315789469,-0.11312647968834158,0.056666666666666685,0.02588235294117637,True
sh.600620,2022-11-07,-0.03333333333333327,stop,0.1549295774647887,0.7791583351568836,6.4959,1.6044362292051868,3.1846608681681077,4.294076240995829,-0.11636935404792537,0.846153846153845,1.2428079333602087,0.4502937779266049,1.080645161290318,0.08064516129031812,0.9008903825812741,0.06636240549132211,0.28313115677152534,0.08615376406085869,0.03133732534930139,0.2925531914893616,False
sh.600621,2020-06-10,0.032782515991471035,tp,0.14761904761904743,0.8892568823917191,7.7151,1.5872093023255762,1.7919191232668203,2.1472393577199105,-0.06539649845520101,0.9485094850948536,1.4509788871718619,0.9108307940902356,0.991452991452994,0.6068376068376092,1.0245320296753475,0.1936708860759493,0.45300261941554565,0.2107916486081473,0.04158713326263698,0.16455696202531678,True
sh.600621,2020-12-04,0.03142565150740921,tp,0.22171945701357254,1.0335953067487844,5.2688,1.935802469135804,2.8111751548617323,3.256297281493104,-0.13245614035087716,1.0376884422110588,2.422468871308449,0.6625017990691352,0.8749999999999988,-0.12500000000000125,0.8304145886076533,-0.09074074074074068,0.0677292230475508,-0.03447839650643486,0.033061778682959946,0.18072289156626462,True
sh.600621,2021-05-19,0.055705604321404506,tp,0.2033898305084746,0.9850387488319504,5.5595,1.2923076923076922,2.4230822688598894,2.3407683416076246,-0.20382165605095537,1.215503875968997,1.774276344526392,0.6049186316280474,0.7121212121212135,-0.15151515151515152,0.5182863791311909,-0.17861080485115777,-0.19978572833485042,-0.18188824221128683,0.03174496644295304,0.05813953488372091,True
sh.600624,2024-10-29,0.028213166144200583,tp,0.15000000000000016,0.8844449527137855,10.0756,1.6279069767441832,1.9312384895593893,2.4186543324502976,-0.06823027718550112,2.1970802919708015,2.016837489076893,0.28333728840295525,2.1,3.6250000000000053,1.2393649252055603,0.4370370370370371,0.37264150943396235,0.6692957212938653,0.04135166093928981,0.6169154228855723,True
sh.600628,2019-11-19,0.06035407725321884,tp,0.0,0.7624009777599524,5.6689,1.9207317073170735,3.235881924262225,3.234733670047379,0.016357688113413316,1.0769230769230784,2.0794417720263256,0.347846421431367,0.7111111111111127,0.022222222222223035,1.0196723023085794,0.27785308457503066,0.3602361630934783,0.20658918437119092,0.022400857449088953,0.35164835164835373,True
sh.600629,2022-02-10,0.052083333333333176,tp,0.24444444444444355,0.9243181796041321,8.4507,2.153846153846148,3.1686658571662942,3.663763095415481,-0.023943661971831065,1.90243902439024,1.7559906454411467,0.8881131667113142,1.230769230769232,0.5769230769230788,0.9364301586503443,0.25520833333333326,0.31215970961887485,0.16620740641172127,0.03231904103273399,0.1598513011152415,True
sh.600633,2023-03-06,0.07396449704142018,tp,0.11029411764705954,0.8791712420857428,5.9979,1.3125000000000007,1.6573304938668898,1.9066527164837848,-0.023809523809523725,1.4736842105263162,1.5962668136232956,0.5450658926103248,0.733333333333334,-0.26666666666666605,0.8438143402017905,0.04020618556701039,0.4434907010014306,0.2629602586836341,0.044598612487611516,0.021077283372365235,True
sh.600637,2022-05-30,-0.013869625520111012,timeout,0.1627906976744191,0.9384152980882142,5.132,2.111111111111113,1.7732631643328693,1.948139320897059,-0.18891402714932126,2.0,1.6965015710146234,0.5778670835586082,1.026315789473681,0.15789473684210636,0.8288444145536286,-0.1246973365617432,-0.08248730964466988,-0.10366345021385612,0.027708621484555065,0.2292682926829274,False
sh.600639,2020-05-08,0.05383022774327127,tp,0.14285714285714157,0.9471663059585259,9.3415,2.3076923076923084,3.6216361232009575,4.123730470168511,0.04538799414348449,1.6108786610878663,2.078209397334181,0.5212749107880349,1.0285714285714287,0.02857142857142875,0.9330307647169741,0.1330166270783848,0.05227553026837084,0.09829336796552525,0.027440018634987195,0.5434782608695655,True
sh.600640,2021-04-09,-0.06410256410256417,stop,0.0729613733905578,1.0468040206862326,9.9907,2.621993127147766,2.272092264207389,2.9470509198043655,-0.11157204826176725,2.595505617977527,3.4372860488120134,0.783754583244768,0.7614678899082566,0.19266055045871663,0.990657811846808,-0.004152823920265725,-0.2482404684940357,-0.04456492968016294,0.03919933277731446,0.02758620689655176,False
sh.600640,2021-11-04,0.046362909672262344,tp,0.34806629834254,0.9782970487677841,10.0398,3.00650759219089,5.850179541635641,7.357131249428346,-0.13852140077821007,1.5247524752475252,1.625907577037889,0.7112592776535427,0.9393939393939373,0.7878787878787835,1.155651403206758,-0.032653061224489965,0.04221635883905006,0.008682328907047876,0.030604781997187094,0.3391304347826081,True
sh.600641,2021-11-03,0.09609494640122532,tp,0.20887245841035154,0.8988657724455444,7.9986,1.4845796366708937,1.4295939187600237,1.5065400560231679,0.020462046204620554,0.7684391080617533,1.172369899797843,0.8368023808826577,0.8007968127490033,0.6693227091633456,1.0759799042879663,0.3171717171717172,1.3009828531948178,0.4844259420099414,0.057392638036809794,0.4729288975864322,True
sh.600641,2024-05-07,-0.027397260273972646,stop,0.14917127071823194,0.7889938943013377,5.0725,1.5481832543443912,1.5318820563207947,1.6370693484890422,-0.14257555847568992,1.341176470588234,1.2314318275293294,0.5738289592434058,0.8571428571428545,0.12857142857142756,0.8693676465946567,-0.022321428571428714,-0.2192513368983957,-0.10333179794257653,0.035413495687468294,0.041575492341357254,False
sh.600643,2022-02-11,-0.025974025974025827,timeout,0.1150442477876115,0.8355069475943961,6.4024,2.1241379310344835,1.899365050326138,1.7657251429570318,-0.04120879120879117,1.7089201877934197,3.633127328499194,0.5176167607523019,0.9772727272727264,-0.022727272727273554,0.7384463721066423,0.07561728395061729,0.06412213740458017,0.02788462720133692,0.021903395504543267,0.005076142131979399,False
sh.600645,2020-04-14,0.03897058823529416,tp,0.13541666666666663,0.468758479924557,5.8824,1.2550937245313805,1.3719322534606064,2.15329087245621,-0.1954490044697278,0.8331008833100868,2.7317411761922754,0.6412658216592612,0.9636363636363655,-0.036363636363634544,0.8495722715707748,0.14418066010422703,0.13173590701864635,0.11246902648006209,0.06130229419703104,0.06060606060606084,True
sh.600645,2021-03-19,-0.04832904884318755,stop,0.2098092643051771,1.046369780405098,7.8178,1.8243992606284658,1.9490522173557772,2.33013858474097,-0.173706896551724,1.6951983298538627,1.8115212406634613,0.5801226908978152,0.8723404255319126,0.08510638297872158,0.8506679736627942,-0.09437118989940108,-0.2726284443762158,-0.09995429660783262,0.04140314498012789,0.045735475896168234,False
sh.600645,2021-11-08,0.050230414746543856,tp,0.3039215686274516,0.8982692336139029,7.5,1.7316087308003256,1.790069832025758,2.1274464171144,-0.1318289786223279,1.0243902439024402,1.2673507779694684,0.5372802919263836,0.8954248366013072,-0.10457516339869283,0.5869911055690283,0.10005053057099556,-0.03629924745462598,-0.016163776870584342,0.04591946103200123,0.1961414790996786,True
sh.600647,2022-03-23,0.07837492002559178,tp,0.10752688172043018,0.9325397449180098,7.109,1.32688588007737,1.7559443541792141,2.004883114559235,-0.0018927444794952786,1.0030706243602878,1.5036909727849275,0.6044545227842697,0.8571428571428567,-0.14285714285714338,0.8091449052486666,0.15634218289085533,0.3401709401709403,0.21329361241149852,0.04496173469387756,0.042735042735042576,True
sh.600648,2020-11-10,-0.09515469935785163,stop,0.13084112149532717,1.0052565218404779,9.9808,1.94202898550725,3.3033189865185997,2.982936684810429,0.02626865671641787,3.398663697104668,4.4818895692494785,0.6698202658532871,0.970149253731341,0.029850746268655817,0.8344389870746913,0.06423718344657181,0.2143228188642019,0.13664212324576622,0.027993809247436646,0.5630885122410539,False
sh.600657,2020-04-08,-0.029569892473118288,stop,0.19999999999999968,0.6409001801867211,5.0139,1.6065573770491766,1.660151349573931,2.3454093919133316,-0.08048780487804885,0.7903225806451615,3.9080473545243337,0.5698947946929706,0.7619047619047626,-0.23809523809523736,0.7760498155393537,-0.06532663316582932,-0.10144369949682275,-0.0048123975569830234,0.03987455197132615,0.01818181818181844,False
sh.600658,2020-07-03,0.047384907949512334,tp,0.14634146341463455,0.5710458200491482,7.9566,2.1381818181818257,1.9912073886215835,3.2394473048432357,-0.08715596330275222,0.5878693623639193,0.8449488328816265,0.646445804320606,0.9936702453896381,-0.006329754610361885,0.924982656581998,0.38453399143008093,0.13010765674879443,0.197325001174587,0.050015051952505135,0.0947546145246297,True
sh.600660,2020-08-06,0.04862119013062414,tp,0.1728918070410262,0.6201476508838311,9.877,1.7120122857302609,1.364810181687154,1.567414498772574,0.011961604865196485,1.7595628415300621,2.6162182520667416,0.7194984997530055,1.0535714285714297,0.5312500000000012,1.000179112437868,0.38947749627720585,0.17632223777038036,0.3290985873254262,0.037300181987023576,0.405101722460175,True
sh.600660,2021-04-22,0.05473251028806585,timeout,0.2571428571428576,0.7648156222976176,10.0067,1.9887111947318925,1.9651022517838563,2.398017602666611,-0.24661905485488522,1.9737263697532808,1.8435319023660415,0.5007635087331587,0.7174392935982323,-0.1876379690949232,0.8101914578972055,-0.13168210976478978,0.5304629272130807,0.03427736053742728,0.043402421506258976,0.30631808278867095,True
sh.600660,2022-04-20,-0.06583886803349699,stop,0.359288097886541,1.044842577924709,10.0031,2.4143518518518463,2.252478793272437,2.418861834531273,-0.3035537026007544,1.5207060420909682,2.657935664886175,0.5329361571858612,0.9026845637583903,-0.0973154362416096,0.5905601786495982,-0.2863589743589743,-0.29788092835519664,-0.20974324416412365,0.042071476477915135,0.035326086956521514,False
sh.600667,2021-04-08,-0.03452243958573061,stop,0.26315789473684237,0.7906875306817345,5.4217,2.088135593220332,2.529046581735521,3.2398809994829287,-0.10896130346232169,1.175308641975312,0.9074631613437556,0.5427059350585391,0.9090909090909095,-0.09090909090909051,0.680906806746484,-0.0762970309487997,-0.18745158599320721,-0.09008832509261216,0.028128587830080373,0.015384615384615566,False
sh.600668,2021-03-16,0.0007178750897344998,timeout,0.32394366197183283,0.8673604309198325,5.8378,1.9797979797979748,2.1196530087631853,2.32635775100595,-0.05552384304855873,2.1212121212121207,2.480034316370708,0.5379583672552656,0.9428571428571437,-0.04285714285714305,0.7423754658438443,-0.01974954396491102,-0.10823566067486456,-0.03320528224197587,0.02313950705910502,0.32937685459940635,True
sh.600668,2022-06-24,-0.04548408057179998,stop,0.13186813186813195,0.9748658293845949,9.9711,2.58558558558559,3.625027008765182,3.798260381305032,-0.3490162532078698,1.6888387824126234,1.5616396170328906,0.7248279964888074,1.0650406504065033,0.13821138211381934,0.9770589100848868,-0.3150867823765019,0.08227848101265822,-0.10032444440114185,0.036040719081654765,0.37106918238993736,False
sh.600673,2023-11-02,-0.03884892086330947,stop,0.06542056074766343,0.8625260657286378,6.8389,2.1363636363636385,2.5488424351672028,2.9518199998578334,-0.04742547425474253,1.4482758620689715,2.148528054677215,0.4089182708603313,0.8297872340425535,-0.17021276595744647,0.8541563499145857,-0.03472222222222221,-0.09385285492738948,0.00024315238264639992,0.025803357314148654,0.1689497716894977,False
sh.600673,2024-12-05,0.1107062780269057,tp,0.00584795321637518,0.7453466916461268,9.5181,2.0595903165735545,2.5646940271324543,3.255751796040089,0.03412969283276479,1.4066985645933023,1.7537693257199558,0.46555021914198874,0.721518987341771,-0.21518987341772167,0.8856841790906576,0.3765432098765431,0.13972666965724345,0.23069687092659896,0.03875186846038862,0.1722488038277513,True
sh.600674,2021-05-20,-0.02700421940928282,stop,0.07575757575757638,1.0493172390249792,5.1845,1.6048780487804915,1.9066559225795443,2.0150874622961754,-0.07281177381874504,0.9758713136729223,1.4284809311038478,0.4103224962061513,0.8085106382978737,-0.19148936170212627,0.7580530449730352,0.05788067675868214,0.16129032258064546,0.07698118909118387,0.025785634118967417,0.031847133757961964,False
sh.600676,2020-10-09,0.044626593806921695,tp,0.05555555555555562,0.6988802772733353,6.5764,1.8117647058823534,2.4087260296177053,2.863329015429804,-0.16435089413156367,1.4247787610619487,1.5346015166814895,0.5196257415257597,0.7575757575757575,-0.0606060606060593,0.7476158269215782,-0.02149211423523989,0.3321854348363602,0.06742386208467681,0.029265330904675178,0.16091954022988542,True
sh.600678,2022-02-10,0.02941176470588229,tp,0.21052631578947315,0.7222388479187396,6.2284,1.5119999999999976,2.0625228422623416,2.5387559544360965,-0.025396825396825418,1.3106382978723385,1.297267105468621,0.7420774243481448,1.296296296296297,0.592592592592594,0.835228958711788,0.15384615384615374,0.03960396039603964,0.05016044117851324,0.025820105820105823,0.0707070707070705,True
sh.600686,2021-07-26,-0.03034482758620678,stop,0.026086956521738723,0.8555095860895939,5.7269,1.579937304075234,1.9110224666723286,1.7982930877821124,-0.08045977011494254,1.462025316455699,2.0109360044492437,0.8266319110134798,0.8055555555555555,-0.1944444444444445,0.7336100818914271,0.09692307692307689,0.061011904761904656,0.05891089108910868,0.032538569424964935,0.10502283105022767,False
sh.600688,2020-01-08,-0.036764705882352915,stop,0.30825484213319143,0.8278956587725129,6.1224,3.1692985169388126,2.8987240217237438,4.354060135831476,-0.018815004783130695,1.247524752475244,3.627664272432669,0.677821983778131,0.8333333333333316,0.2916666666666656,1.0313652461653018,0.012016305105216896,-0.12822428971588617,0.015658752806820418,0.019149913706887504,0.38330327133960634,False
sh.600689,2021-10-13,-0.0514285714285715,stop,0.29192546583850987,0.9009043369515485,7.764,1.6690997566910006,1.7729100838539555,1.7881032250951199,-0.04275862068965497,1.7994858611825248,2.3334275499110815,0.60259425271433,1.1428571428571408,0.18367346938775322,0.6739366071903441,0.03687315634218291,0.09331259720062213,0.036541911385250564,0.033191085822664786,0.010676156583629802,False
sh.600690,2021-11-16,-0.03799283154121847,stop,0.16355140186915865,0.8481843697305596,6.1831,1.4591280653950907,1.5720839314610355,1.638443021184817,-0.09493243243243255,1.7285129604365639,2.3433641311393645,0.6232455801205169,1.4640522875817017,0.7647058823529432,0.9312663088642453,0.0261067255533034,-0.04573110646119927,0.044762249826335844,0.0365999046256557,0.15706806282722469,False
sh.600690,2023-02-23,-0.03173431734317368,stop,0.010526315789473916,0.7383326966442758,6.2066,2.2811501597444046,1.9769625595250004,2.559317968816871,0.0036429872495447047,1.2275574112734882,1.7773678168571923,0.42341194530766,0.7320261437908522,-0.26797385620914776,0.809577199876106,0.13083333333333358,0.11871393239901096,0.0923983591216002,0.02450257921886515,0.11470588235294182,False
sh.600690,2023-06-07,0.03854625550660791,tp,0.23595505617977383,0.940567107055241,6.0112,1.8985849056603752,2.2573509135561207,2.3996481446862328,-0.12196063296024706,1.3478260869565217,1.1923577319196295,0.32777407290591903,0.8956521739130443,-0.10434782608695571,0.6749911023112499,-0.06293995859213253,-0.07783211083944575,-0.06704457614017004,0.02857563705994992,0.0020040080160318523,True
sh.600699,2023-09-01,-0.0540540540540542,stop,0.11258278145695506,0.9608258682055005,6.6552,1.4439461883408085,1.5165497432290505,1.7180277916304953,-0.13855421686746983,1.6773584905660408,1.0553129331522983,0.44423302015137717,0.7826086956521725,-0.20869565217391245,0.503443476809429,0.15699873896595218,0.24381383840843318,0.09794260472392488,0.041961852861035404,0.18251928020565514,False
sh.600703,2019-10-31,-0.04087013843111393,stop,0.10526315789473749,0.6761014218467863,6.676,1.6960985626283336,1.494303295255028,1.9429485501441002,-0.07326007326007322,1.5373134328358211,1.5916734225127709,0.7236067560367783,0.7711864406779676,0.01694915254237374,0.8962333243535981,0.35207441897073344,0.3300044757057472,0.292032420201022,0.053377192982456134,0.1529709228824273,False
sh.600703,2020-05-11,0.04481327800829869,tp,0.169811320754717,0.9101078434501413,8.1967,1.9789029535865,1.7996810495923072,1.9962485998130035,-0.24881441669301285,1.2727272727272767,1.610900105025706,0.6859026405192369,0.7611940298507455,0.293532338308457,1.0323982126713247,0.06564551422319487,0.621141250488751,0.1590673768421852,0.043956194387405875,0.19282511210762326,True
sh.600703,2022-08-23,-0.07156380159030684,stop,0.3093525179856123,0.8516617598112772,8.6975,1.89336801040312,3.069930099388253,3.1038750123094103,0.03430255449131736,1.9219512195121973,2.7236842332874516,0.601711388989868,1.091346153846155,0.168269230769233,0.9347797731164166,0.3615907423672653,-0.06596883742772408,0.17178431729698546,0.03859363360579731,0.27079934747145207,False
sh.600703,2024-05-07,-0.03338632750397457,stop,0.07692307692307587,0.8381032288142842,6.5925,2.1322645290581157,2.3640974493175304,2.6409480393095763,-0.11702127659574457,1.2537313432835866,1.2125951429046655,0.5320110800654207,1.1052631578947372,0.18421052631578874,0.950236120411293,0.031122031122031046,-0.1623419827012642,-0.028555629143331054,0.027535080751919527,0.09289617486338736,False
sh.600704,2021-09-14,-0.03924418604651168,stop,0.08928571428571527,0.7540607507978645,6.1162,1.8372703412073523,1.6837110138456801,2.415711356080487,-0.4042918454935621,2.403269754768394,2.34981233009298,0.7246393827922467,0.8799999999999998,-0.12000000000000016,0.7899925805731303,-0.3384615384615385,0.4492104845111837,0.10668661663621298,0.04530038759689925,0.2165605095541405,False
sh.600706,2022-12-02,0.06442307692307692,tp,0.34883720930232526,0.5842552942976986,8.6393,1.427970557308097,1.5663991905141217,2.0061133866934853,-0.1221640488656196,1.5244055068836064,4.315284088874985,0.7331032332522393,0.948453608247422,0.13402061855669992,0.7100574924859776,0.05377456049638041,0.02825428859737622,0.03695663235019756,0.0581615963362774,0.08078994614003572,True
sh.600708,2024-05-07,0.05249999999999988,tp,0.13333333333333372,0.6949160101976862,6.8421,2.227272727272724,2.630995253755716,3.424586694630984,-0.27758007117437733,1.272727272727272,1.3048071849245553,0.7611734027856408,0.714285714285715,-0.14285714285714332,0.7783689343889229,-0.28469750889679724,-0.07798165137614699,-0.04603701945894657,0.029021558872305096,0.01449275362318877,True
sh.600711,2021-05-26,0.057840616966581146,tp,0.13868613138686162,0.9088175316463147,8.4699,1.3865814696485652,1.839654003379631,1.8072431091227446,-0.20281124497991976,1.0211132437619954,3.420966454029851,0.5369539105282614,0.7741935483870961,-0.17741935483870885,0.6608708145406271,-0.09164733178654261,0.17385410914202515,0.03901160940814802,0.04499787143465303,0.21443736730360966,True
sh.600715,2020-07-13,0.03076923076923072,tp,0.1372549019607846,0.9080661825672363,9.9315,2.04324324324324,2.7013633565157833,4.045420174626084,0.025559105431309792,1.1428571428571408,2.156839760164448,0.7860758329195807,1.148148148148149,0.444444444444447,1.0268603040364233,0.22426470588235303,-0.0926430517711172,0.16081803392981633,0.04934934934934934,0.40127388535031827,True
sh.600717,2022-02-11,-0.04740406320541767,stop,0.10204081632653081,0.952444512786729,7.3286,2.5859872611464905,3.911893493349868,5.0562029446645855,0.020224719101123778,1.4330708661417308,2.2441519178151816,0.3165374325986018,0.7241379310344819,-0.2758620689655182,0.8582338062714553,0.1406649616368285,0.17678100263852237,0.08169287360038811,0.022122571001494812,0.11711711711711732,False
sh.600717,2022-05-30,-0.02158273381294949,timeout,0.02325581395348958,0.62239811009733,5.8081,1.7610062893081788,1.7986566446266856,2.4537905535158826,-0.12159329140461195,1.2551724137931046,1.6010618522676658,0.4506746450473152,0.8499999999999972,-0.10000000000000267,0.8656283912182278,-0.05869074492099324,0.0692307692307692,-0.011809313164026987,0.033413269384492406,0.08910891089108831,False
sh.600717,2023-04-17,0.06838074398249461,tp,0.04761904761904612,0.6703662160520076,10.0244,2.8225806451612945,6.20547207383716,10.69256928574955,0.025056947608200986,1.5689655172413801,2.5437592378998795,0.549084590011867,1.079999999999993,0.319999999999998,0.9744030593003541,0.12807881773399044,0.11165048543689338,0.09988192679461289,0.019868995633187777,0.22772277227722915,True
sh.600718,2022-01-19,-0.08360763660302825,stop,0.3526011560693647,0.8925029675498822,9.9719,1.843416370106763,2.653808870941632,2.999603065450962,0.05882352941176472,1.7687074829931964,1.6999124373315617,0.7489761822974823,0.7297297297297299,-0.27027027027027006,0.8749417138832747,0.6286019210245466,0.623404255319149,0.41807283963045844,0.051900393184796854,0.2957317073170739,False
sh.600719,2019-09-06,0.040566037735849186,tp,0.0,0.6756422874750426,5.9289,1.99019607843137,2.9649683606638737,4.687523088214605,-0.10367892976588633,1.2049180327868843,2.0762012710124442,0.6101294035272161,0.7241379310344819,-0.27586206896551807,0.8350757913803096,0.04347826086956519,-0.034734917733089565,-0.028638008217329976,0.03042929292929294,0.06060606060606069,True
sh.600719,2021-11-18,-0.0423940149625935,stop,0.296296296296297,0.5009991044406938,6.1008,1.2290076335877864,0.9160710692791406,1.5136870117026107,-0.11504424778761058,0.7427055702917811,1.3775932837766462,0.45898759079670653,0.8260869565217389,0.13043478260869673,0.8071444364014093,0.1887905604719764,0.11038070867169747,0.10040886278947603,0.060711331679073596,0.07446808510638278,False
sh.600720,2022-02-10,-0.026556776556776455,stop,0.18085106382978716,0.7242941487002265,6.7404,1.5050709939147964,1.8319823677686853,2.1830680392395565,-0.047576301615799066,1.5917312661498653,2.3514538720934075,0.6961366366166556,1.2075471698113296,0.6037735849056703,0.806897977766529,0.12913223140495877,0.031132075471698384,0.03366748628711935,0.02702043305885944,0.013477088948787483,False
sh.600728,2023-06-05,-0.045161290322580525,stop,0.059523809523809285,0.7543194336981934,6.5574,1.3907284768211938,1.7999319484572316,2.181715774657448,-0.09378960709759177,1.6650485436893214,2.261715560324119,0.6101679866558047,1.1554315558612607,0.42209616159118174,0.7824771624493637,0.19933713606471115,0.23776446420169206,0.1500259655443395,0.04196215680943745,0.08126918758538927,False
sh.600729,2023-08-03,-0.02970297029702984,stop,0.1049723756906089,0.6625252380935582,5.3254,1.5354838709677479,1.7598427495106093,2.8126822455036433,0.01569186875891604,0.9245744857550035,3.467623397765169,0.5110356764326699,0.9542483660130696,-0.04575163398693039,0.8915274925559228,0.18076761156328947,0.5084049123247332,0.24471190830469258,0.03315401779001787,0.3575638506876218,False
sh.600730,2022-12-08,-0.10799438990182313,stop,0.033492822966506526,0.8850134803469214,10.0752,1.2364672364672367,1.7078135417810065,1.6472872145336606,-0.02399999999999991,1.2766615146831515,3.1137951548788436,0.6009555330299338,0.7096774193548372,-0.1935483870967743,0.8587558127469931,0.2972972972972976,0.20603018707892784,0.23720197608648974,0.05791666666666669,0.14511873350923443,False
sh.600731,2021-09-16,-0.07494407158836691,stop,0.36263736263736335,0.976679093667279,10.0372,2.95674300254453,4.404890992875875,5.014216288419587,0.0183486238532109,1.798882681564248,2.1386414941622607,0.6245134889699356,0.7590361445783114,0.012048192771082593,1.0181393543443633,0.148578811369509,0.07066098239387775,0.13261722773382462,0.03232095988001501,0.31448763250883394,False
sh.600735,2021-09-17,-0.05082212257100163,stop,0.3698630136986324,0.6474260948437822,7.6052,1.6770833333333333,2.106352741202101,2.563823288956969,0.003016591251885581,2.800000000000002,4.220094682184264,0.6306165507802689,0.9782608695652151,0.4565217391304321,0.9685449166186937,0.11726384364820852,0.3929460818227941,0.07983012859692493,0.03464528668610301,0.5407407407407399,False
sh.600735,2021-11-17,-0.041547277936962765,stop,0.13286713286713303,0.9570797766282886,7.4419,1.3715341959334582,1.9104629744488597,1.8209682744812385,-0.018413597733710985,1.1506849315068464,2.9362425504914533,0.7541911444324962,1.1320754716981136,0.13207547169811354,0.825974654877757,0.24777183600713015,-0.118320916446367,0.10941600332656806,0.043809523809523805,0.26182965299684585,False
sh.600738,2022-06-15,-0.04444444444444444,stop,0.1549295774647896,0.5515107391616811,8.8953,1.4722222222222265,1.6279028797158173,2.2384711253958067,0.003968253968254176,1.1376451077943628,2.1760495927934946,0.5509253063900379,1.132075471698113,0.13207547169811296,0.9139101137416815,0.5049115913555995,0.30050933786078127,0.24067000499399366,0.049782419495213205,0.1228070175438598,False
sh.600740,2020-08-06,-0.02835538752362959,stop,0.061728395061728746,0.4463712445468734,6.5041,1.3139158576051755,1.7023655819243693,2.902213905417359,-0.05244122965641962,1.763535876380344,3.4959427049791274,0.7416893003713317,0.7241379310344824,-0.06896551724138107,0.7544510519047066,0.19912636855696486,0.15108123859808797,0.1616777419034889,0.045913154533844175,0.09170305676855936,False
sh.600741,2021-09-01,0.04564755838641175,tp,0.2047619047619051,1.0309490391766505,6.7893,1.7811704834605602,1.9225940027406865,2.128957545931348,-0.16440357791736748,1.7363409926569735,1.4446523108431588,0.7559699926327031,1.1400000000000023,0.7466666666666706,1.1725180270002762,-0.018565820827537105,0.027994102778647223,0.0022374077275917753,0.03583225581030988,0.27848101265822883,True
sh.600741,2022-06-28,-0.07999999999999988,stop,0.1479820627802688,0.744790122367555,7.2383,1.5545023696682478,1.5264515882295835,1.637007667497005,-0.006387225548902031,1.4678168546781667,1.7346184273994725,0.708574031065313,1.1036585365853626,0.10365853658536262,0.9216842541018135,0.20538720538720545,-0.09985632183908055,0.0708333926816413,0.04108805533386537,0.2796697626418992,False
sh.600745,2021-01-08,0.076094097484341,tp,0.167694204685573,0.9128678384308246,6.8962,1.5941927584397424,1.8274727686523753,2.1429626899424896,-0.15628200078771182,1.2298804780876476,1.996699651235876,0.7832114410459242,0.8279650618360271,-0.17203493816397286,0.7547719157361379,-0.09572517231846656,-0.24103077298566045,-0.10362576163140427,0.039924730173627423,0.032229928611779854,True
sh.600745,2024-07-12,-0.0626051834399192,stop,0.3653634659700098,0.6921949094321935,10.0114,2.1153572547475425,1.692783250578773,2.041366089159331,-0.19147157190635455,1.6336375488917887,2.314245405719707,0.6597989864404471,0.9272727272727268,0.17818181818181855,0.6215084016519518,-0.158345221112696,-0.2287581699346405,-0.12407757702745563,0.03833924904408677,0.032595422515260215,False
sh.600748,2024-08-02,-0.03461538461538473,stop,0.15384615384615438,0.6844246570886365,7.6613,1.9999999999999922,3.4891804996455424,5.029456411422258,-0.24147727272727282,0.985911797120552,2.0132316646960158,0.46106657602441464,0.7200371301362011,-0.2799628698637989,0.8593199273233674,-0.1179775476685132,-0.30143821775346236,-0.10476424115265963,0.037811191890000234,0.0662007173167626,False
sh.600749,2021-02-18,0.08871851040525734,tp,0.1023622047244087,1.029707593015941,5.2326,1.686746987951809,2.752711778748105,2.8723556504525902,-0.07756046493715396,1.390566833673878,2.3297319784969184,0.5697529053092624,0.9399999999999977,0.259999999999998,1.0262169502607603,-0.0065888129713156385,-0.24761316654548804,-0.031149935067178794,0.03025019165656998,0.4462809917355366,True
sh.600749,2023-03-24,0.031148867313915914,tp,0.37719298245614097,0.8626619053557871,5.0,1.7276595744680854,1.9933644015132388,2.1432301149193447,-0.09375000000000011,1.6928104575163379,1.9873743993240467,0.5550966082309906,1.068965517241381,0.27586206896551746,0.7530759075416563,-0.012009607686148893,0.10474485228290065,0.06127714470006453,0.0223392760669908,0.08169014084507024,True
sh.600751,2024-05-07,0.025751072961373318,tp,0.10638297872340394,0.9138825922282071,5.4299,1.4,1.93399894730509,1.906143400109294,-0.07905138339920936,1.6923076923076978,1.368494731558923,0.6446282176022674,0.7272727272727247,0.09090909090908908,0.8268085027466573,-0.044897959183673564,-0.17894736842105274,-0.06800756745992248,0.028205128205128202,0.03703703703703732,True
sh.600754,2021-09-08,-0.12576144625663177,stop,0.017793594306048963,0.8503136861916732,9.9956,1.6450749464668137,1.522404735798533,2.0645819463037514,-0.19672202105513736,0.9641434262948189,1.7099218531820528,0.7977951739966892,0.822323462414577,0.23690205011389334,1.0731421023746817,-0.16170721079728145,-0.021378373971401743,-0.04817054665967019,0.0496420669009501,0.42195909580193813,False
sh.600754,2022-04-15,-0.07084982099114383,stop,0.034722222222221356,0.8614381883360356,10.0,2.338890779176587,1.6952631196882675,2.0009072059389266,-0.14514086736308962,0.8521739130434778,2.4450961601577967,0.5961130908808189,0.7026476578411402,0.018329938900203832,0.9527597609254083,-0.06336565096952906,0.08416833667334678,-0.012408782442417199,0.047874306839186705,0.21466905187835408,False
sh.600754,2023-02-15,-0.03144654088050309,stop,0.23702031602708665,0.7335950835926438,6.1647,1.7723905723905748,1.9269025054310076,2.0476610048411232,0.017761989342806483,1.3853073463268348,2.524938657731777,0.5653440369643784,1.1409574468085117,0.14095744680851166,0.9528751588119265,0.19518616021060553,0.08947548851559817,0.12380045882035727,0.030323054331864885,0.3966421825813218,False
sh.600755,2022-05-16,-0.05970149253731344,stop,0.05825242718446593,0.6986800734941339,7.5574,1.4210526315789476,3.039591057433725,3.8934639522191623,-0.03276699029126218,1.4693069306930708,1.5591424772571842,0.5317839182084407,0.8518518518518507,0.20370370370370253,0.8374704560400017,0.11756569847856135,0.21321321321321318,0.10714000251207502,0.041212871287128715,0.03916449086161872,False
sh.600756,2023-01-06,-0.03337969401947153,stop,0.1575091575091567,0.5924167564693154,6.706,1.526641883519208,1.6265811924867832,2.4959717094547687,-0.08585858585858563,1.0962962962962959,2.187441318720012,0.5769603504880255,0.784090909090905,-0.21590909090909507,0.6295255393790752,0.18001651527663087,0.11292834890965708,0.08843019270317587,0.040191275950548194,0.048859934853420176,False
sh.600756,2023-01-30,0.05098789037603572,tp,0.229166666666668,0.9187358140816649,7.4786,2.021390374331548,2.6931069676105843,2.968377009235997,-0.04734848484848475,1.526641883519208,1.6265811924867832,0.7841068975462364,0.9814814814814817,0.3611111111111101,0.9825738952398061,0.1449704142011834,0.1736163760424565,0.1659772654518977,0.03505598621877693,0.32764505119453896,True
sh.600757,2022-01-07,-0.03508771929824565,stop,0.14285714285714407,0.9750895470322642,8.0374,2.8717948717948776,3.6077022510490853,3.5982634233169115,0.039568345323741205,1.0956521739130463,3.765002271413882,0.49024910353630374,0.7000000000000005,-0.22500000000000028,0.8621712736599931,0.07156308851224114,0.08380952380952378,0.07918444760550017,0.021206795547744572,0.19047619047619033,False
sh.600760,2020-11-24,0.10980662983425434,tp,0.3600628930817614,1.0294461030139335,8.2702,1.79227053140097,2.258272827737262,2.47373830833386,-0.17487794052374606,2.1285676180314743,1.8748181191937578,0.6350491094477264,0.7987421383647794,-0.20125786163522066,0.6384521519993877,-0.0959920831271649,0.6556194280655085,0.029528117915411562,0.049139451438302006,0.08321479374110924,True
sh.600761,2020-12-07,-0.044978434996919336,stop,0.3800738007380082,0.7420229560610185,6.7708,1.6210526315789462,1.7030000284722049,2.00133696063451,-0.023228111971411503,1.2343387470997715,1.2693770425750746,0.39496948073516075,0.7090909090909063,-0.17272727272727179,0.8679059424534898,0.2753737214791503,0.7751847164878725,0.27783367812626475,0.04065391733497839,0.18874172185430493,False
sh.600761,2021-08-05,-0.03286384976525839,timeout,0.26605504587156,0.8847797905157692,8.9796,3.183462532299741,2.8332834280168155,3.2728674127605992,-0.1108313521241312,1.2659574468085069,1.7867761006677199,0.44746919742287905,0.8750000000000003,0.03409090909091328,0.9351434293178286,-0.01271263509152909,-0.16809144477968474,-0.09566091388886624,0.023778400248988467,0.20279720279720295,False
sh.600761,2021-11-11,0.06687612208258528,tp,0.25531914893617164,0.9571751695731654,5.5556,1.9782608695652129,3.9392427742380836,4.543395874582788,-0.0621276595744682,1.608695652173912,1.3612753811053624,0.6077385154253371,1.1346153846153881,0.3269230769230792,0.991311816565805,0.009017132551848439,0.014313064290518485,0.04140793775032816,0.022907357759904625,0.2788461538461531,True
sh.600761,2023-06-20,0.06731272396832748,tp,0.04054054054054098,0.9241204168724694,5.6837,1.5194942044257167,1.6673910521133966,1.6796162586903738,-0.12078651685393249,2.090277777777781,1.546994440772402,0.7892447028636556,0.9699945850022228,0.3469505322295354,1.0158067944825526,0.04690147966063596,0.42391064346699614,0.1026679722721677,0.032629890715374484,0.33123570760474075,True
sh.600763,2019-08-28,-0.0447486718430733,stop,0.07600950118764913,0.7946966147111437,5.218,1.530602171767028,1.3835282452895277,1.7287287571635785,0.02211097204839385,1.7806670435274217,2.238297690661429,0.5856933737174845,0.8871331828442441,-0.045146726862305996,0.8646647308467701,0.2503196113525952,0.6917488323819405,0.22920171015725305,0.026724608043626454,0.5832628909551969,False
sh.600763,2022-06-22,0.06580698308092013,tp,0.1779886148007585,0.8416317276668589,8.8299,2.121169212096693,2.105803145118835,2.4366953260918045,0.05249999999999999,1.557524160147261,1.706280251903678,0.5694315327898777,0.8544726301735657,-0.1455273698264343,0.8162306405478907,0.24762808349146126,-0.17382198952879557,0.05796397804735932,0.042256020278833954,0.47680412371134057,True
sh.600763,2023-01-18,-0.03977476937821965,stop,0.14765389582436464,0.8117647521324324,7.6943,2.001669449081797,2.071309193847382,2.3082609515434003,0.060257794145659904,1.0513904908368603,1.5696880850558557,0.47588059814011857,0.9766472060050057,-0.023352793994994302,0.8983176623991772,0.3619281045751632,0.08918654034629192,0.22744484198887288,0.03408518296340734,0.4177336747759278,False
sh.600764,2024-02-20,0.06323818897637801,tp,0.08863920099875136,0.876104979691874,8.547,1.4307783719548426,1.4815407516595993,1.664805672892152,-0.2597449908925319,1.37467700258398,1.2001894171521286,0.5891723829728284,1.0697674418604648,0.06976744186046473,0.5462700466408897,-0.10936819172113299,-0.14797832430179236,-0.09655129229851232,0.058953033268101744,0.19642857142857154,True
sh.600765,2023-05-22,-0.04327272727272726,stop,0.030701754385964675,0.6420797622091682,5.6523,1.4324324324324351,1.8811528259084735,2.034908929507753,-0.0981493721083938,1.5925297113752095,1.918800499795508,0.4707871393284449,0.70440251572327,0.006289308176099907,0.8646606989824321,-0.06282183316168899,-0.15740740740740744,-0.03564805275087577,0.0339194139194139,0.2777232580961726,False
sh.600766,2023-02-16,0.08600237247924088,tp,0.02158273381295295,0.6469293269062482,6.0701,1.5359999999999998,1.41014547116679,1.9986580863498071,-0.10174880763116068,1.2419354838709655,2.282990810907336,0.8241836499920185,0.760416666666666,-0.12500000000000117,0.8197034855738904,0.17692307692307674,0.5758426966292134,0.1616176140710107,0.04539512774806891,0.029032258064516626,True
sh.600768,2022-07-21,0.028511087645195256,tp,0.14285714285714254,0.9723642772006965,5.3933,1.4867256637168147,1.7776367560456534,1.8238535112023786,-0.07586206896551728,1.1290322580645187,1.825385808067281,0.4530296979462007,1.166666666666666,0.16666666666666605,0.7368171296550305,0.0327510917030569,-0.007345225603357708,0.01025202904741567,0.03037350246652572,0.05539358600583075,True
sh.600769,2022-05-13,0.036241610738255034,tp,0.18490566037735903,0.8756844859347914,5.4286,1.2203947368421064,1.8198138533938335,2.042986886647374,-0.29580152671755733,1.2090909090909088,1.153994027650868,0.5558858972424251,0.9811320754716986,0.24528301886792422,0.7399096107628403,0.0652482269503547,0.42234848484848464,0.08609718472811419,0.06165113182423433,0.12676056338028213,True
sh.600770,2022-08-10,0.05752487562189049,tp,0.3188405797101456,0.8650157044011398,5.7592,1.4191780821917783,1.7388174860840397,2.07980074106642,-0.26142595978062155,1.2294617563739376,1.2511178405180712,0.5112539470816855,0.8648648648648627,-0.13513513513513734,0.5642474149021989,-0.21658536585365862,0.2807017543859649,0.03747887035820777,0.034827729348277284,0.10469314079422432,True
sh.600771,2022-03-28,-0.06458988282366404,stop,0.03003337041156875,0.7934857217736749,10.0096,1.597422289613343,2.231600858265643,2.5150584025534615,-0.26949296974861525,1.2927419354838716,1.8927334611693611,0.8003642900232721,0.7840531561461798,0.31893687707641244,0.9136363281550319,-0.1723409250997887,0.2295081967213115,0.07000839817466184,0.051281323877068546,0.07716209218021762,False
sh.600771,2024-08-05,-0.030136986301369902,stop,0.21454545454545365,0.8358486594007023,5.8756,2.0487804878048723,1.4698278078573146,1.6346200839344895,-0.29847328244274807,1.118911501709644,1.2372527363079486,0.8340187584922412,0.75,-0.25,0.499686926894081,-0.2773343974461293,-0.24729842061512886,-0.2081500161020788,0.03346212294135298,0.06066536203522468,False
sh.600773,2021-03-16,0.18670212765957456,tp,0.08571428571428642,0.7142708317792109,9.9762,1.6021798365122624,1.545783838866732,1.6697146855811007,-0.06841046277665996,1.3372641509433985,1.394804392743105,0.662733766629892,0.8928571428571425,0.07142857142857097,0.8730353971780664,0.42075452701715355,0.4984163500373837,0.3146319564777417,0.06266094420600858,0.1461187214611871,True
sh.600774,2020-02-25,0.046089385474860224,tp,0.1315789473684202,0.8806001235953659,9.9701,1.4200260078023363,2.8500908399996385,2.7721778713088465,-0.06287170773152095,2.0788436268068353,2.465041428966779,0.6523905949883718,0.7692307692307699,-0.23076923076923006,0.7306874377319729,0.02848425704453894,-0.03465223204449408,-0.029678747217486548,0.0446390168970814,0.06752411575562677,True
sh.600775,2021-11-10,0.11245110821382,tp,0.21904761904761902,0.8545390294259269,9.2068,2.857988165680476,4.575939573604965,5.664371418268761,0.010484927916120546,1.5372549019607848,1.669578648782251,0.3663739250757934,0.9855072463768124,-0.014492753623187584,0.8896634532045421,0.13737075332348603,0.1976692123406123,0.07505323703337217,0.02818181818181817,0.26315789473684253,True
sh.600776,2023-06-01,-0.04382826475849723,stop,0.09999999999999845,0.6938287546845667,8.6576,2.2291262135922296,4.006969235202246,5.492418995421077,-0.09773828756058156,1.267716535433069,1.3568025320899753,0.43016404841318684,0.9024390243902428,-0.022968053652924605,0.9368958676268537,0.019302211700603644,0.12072022070398036,0.07215778890329344,0.036797481560824505,0.1921570967591168,False
sh.600779,2022-07-05,-0.06166630220861578,stop,0.1721377101681352,0.7933711018601535,9.2562,2.4187053474778093,1.7529451671052976,2.0058879458365078,0.0437626889239795,1.3841073271413744,2.2742749246833918,0.4886271036222114,0.8759398496240607,-0.07894736842105474,0.9209830362989938,0.11487142163998065,-0.23401950162513563,0.04453765675120479,0.03517934211003518,0.5034722222222233,False
sh.600780,2022-04-20,-0.0521091811414392,stop,0.19148936170212671,1.0250163062831217,5.4974,2.132450331125828,4.229171412650964,5.24141477146872,-0.02657004830917875,1.2419354838709717,1.2239343140035042,0.7423283881760804,1.0,0.2173913043478273,1.0072903072466166,0.04081632653061229,0.020000000000000018,0.05960264900662249,0.03366013071895426,0.2708333333333329,False
sh.600784,2022-05-30,0.04646017699115032,tp,0.07070707070707023,0.9173613369430514,6.9132,2.0521172638436527,1.6286940555663525,2.0831331388315335,-0.144144144144144,1.8247863247863247,1.444140551719125,0.8168688579884921,1.0222222222222204,0.4444444444444422,1.0341990461552197,0.1174551386623166,0.12295081967213117,0.08567881341381257,0.03819951338199515,0.45299145299145294,True
sh.600787,2021-04-15,-0.04270462633451944,stop,0.1764705882352931,0.7745471828873091,9.9404,2.6833333333333345,4.869691811920271,6.853733035556297,0.04536862003780717,1.086206896551728,2.4811991348552964,0.47069589716144,1.0,0.23913043478260634,1.0591343440356902,0.19999999999999973,0.20511240192980562,0.18526119655202203,0.03150118203309693,0.4337349397590358,False
sh.600791,2020-11-17,-0.0392156862745099,stop,0.2252252252252263,0.8686173508870196,6.3084,1.2444444444444434,1.6995047356958672,2.1956265957307535,-0.11132812500000011,2.149122807017541,3.7216259245723076,0.5743179446441743,1.0,0.0,0.7343065189413455,-0.06762295081967229,0.3786307699657061,0.07609843418202351,0.039853479853479826,0.18253968253968264,False
sh.600793,2022-08-17,-0.044999999999999936,timeout,0.17127071823204362,0.6755734956349542,10.0318,3.1807228915662655,4.711342779560688,7.174915912767175,-0.019858156028368712,1.4999999999999976,1.4028742889133714,0.5590515687880977,0.7727272727272723,-0.03787878787878975,0.9743218587465938,0.21966341895482722,0.08254716981132049,0.13053413701329347,0.030428467683369657,0.2061403508771927,False
sh.600794,2023-01-19,-0.009756097560975565,timeout,0.08196721311475424,0.7062994014897912,9.0667,2.7664670658682655,3.6362008306081997,4.482926796031091,-0.07882882882882913,1.2999999999999936,2.9164648146588408,0.5107005657327253,0.9696969696969716,0.030303030303029783,0.8626700614716852,0.12637362637362615,0.09042553191489366,0.08188934822763647,0.03544715447154471,0.006711409395973053,False
sh.600795,2022-10-14,0.04048140043763689,tp,0.037037037037035675,0.7192661268739801,7.7108,1.4551971326164868,1.3875876774429743,1.8223756340651645,-0.07068607068607058,0.7984790874524631,1.0225408339629318,0.7162706859924146,1.2413793103448292,0.48275862068965664,0.8293415393578804,0.12990196078431393,0.7662835249042148,0.20347205604020283,0.04085321764280551,0.06249999999999957,True
sh.600798,2022-05-30,0.04047619047619058,tp,0.027027027027026723,0.7507570642648275,6.3613,1.5252918287937767,1.5088349951740907,1.5901016677154522,-0.3192182410423451,1.2199170124481271,1.1812281563644476,0.6135188155636879,0.9642857142857139,0.17857142857142733,0.8877222185086492,-0.08639308855291572,0.057499999999999885,-0.023207481815032807,0.05342789598108751,0.13772455089820337,True
sh.600801,2020-04-10,0.0803212851405622,tp,0.17045454545454441,0.7503067846811983,9.2478,1.4913448735019958,1.9709436726500564,2.212546655823296,-0.11663685152057257,1.44049312470365,1.0483732749042245,0.5555673028130399,1.1062500000000008,0.20000000000000295,0.9416873024861662,-0.0059618441971383,0.2436867722873537,0.1071046965235656,0.050872984139677446,0.08008658008658055,True
sh.600801,2022-02-10,-0.028787163756489043,timeout,0.07342657342657381,0.5981407155706228,9.9946,1.4600127959053086,1.300495359455275,1.5814673359274858,-0.09704455227172482,1.7041602465331287,2.143376573757592,0.7139034014491077,1.1595092024539915,0.4662576687116596,0.7417361462198605,0.2929354445797807,0.1432417878298331,0.07928115706260655,0.04509342125922437,0.023539668700958978,False
sh.600807,2024-12-05,0.03563218390804604,tp,0.13043478260869523,0.4619358535592135,6.6502,1.231270358306192,1.1488563671103424,1.5286469592895315,-0.27470686767169183,0.9248291571753988,1.192290981486559,0.7242570170150711,0.7407407407407401,0.1851851851851842,0.8048644877930746,0.6404494382022472,0.4455445544554455,0.3478305467227407,0.07054794520547944,0.03664921465968599,True
sh.600809,2020-10-15,-0.06952636282394989,stop,0.19402985074627072,0.5948107661425986,8.4159,2.185346828860619,1.6301734160608583,2.1416723677302296,0.011443250817375183,1.5504062594041557,1.3400795646646784,0.514961345981451,1.163593099345626,0.3075550267697779,0.9756561528231923,0.2743993562478446,1.323549408332604,0.4213089313987748,0.037072283360394497,0.4850057670126873,False
sh.600809,2021-04-26,0.04442643391521197,tp,0.1083666303426571,0.8984427145491386,6.4291,1.3997346977449308,1.5725347695854803,1.6790440413862262,-0.17792545755640166,1.5632477269101928,1.2731565183692999,0.5379194613425414,1.218347232752085,0.35026535253980323,0.9798126389016958,0.04517300299017535,0.6977733860210849,0.19620635100482386,0.04650386567215015,0.3348102023709737,True
sh.600809,2022-06-30,-0.03468749999999999,stop,0.2938555782439194,0.8992593324668776,5.5152,1.3017197125256663,1.3567521381048073,1.514289903714708,0.04241435562805873,1.3160863352635939,1.608878399543983,0.7725928105882685,0.8778118667139316,0.4927313501167618,1.0212558673867196,0.2829523851657183,0.001962200193839969,0.18245821857434127,0.031918825878564164,0.5213043937654837,False
sh.600812,2020-04-21,0.09495412844036694,tp,0.1578947368421039,0.5830528212133055,7.7869,1.2402044293015315,1.40389037604598,1.884336137655753,-0.26467847157502344,1.0013003901170345,1.2926300896808816,0.22388075667456378,2.519230769230771,5.038461538461544,1.2118479889863847,0.1808988764044943,0.42422674893583356,0.2628460438592981,0.048017760862670476,0.19818456883509838,True
sh.600816,2024-06-06,-0.026315789473684233,stop,0.26666666666666705,0.7135734402537303,5.9649,1.79816513761468,3.1060303172279844,4.177552855302714,-0.06211180124223603,1.1546391752577343,0.8589758150644441,0.44692260373956705,0.9285714285714269,0.14285714285714285,0.8490939801577227,0.09747292418772568,-0.031847133757961776,0.057820564866902555,0.029934210526315775,0.08860759493670861,False
sh.600818,2022-10-28,0.051744356493696825,tp,0.2421307506053273,0.8841373979786873,9.9967,1.2059758423394786,2.100433579442209,2.587820458048021,0.010538994278831648,1.5319295823265462,1.849605046553502,0.5749573481472326,0.9261992619926188,-0.07380073800738118,0.8643285529245728,0.5005352891920682,1.1704692794348603,0.47797670757044103,0.060691446842526,0.24243752740026292,True
sh.600820,2022-02-10,-0.025817555938037803,stop,0.12328767123287761,0.80275660864885,6.3551,1.7584541062802008,1.919428865323355,2.157161832425919,-0.017271157167530138,1.4923857868020296,1.7183142222625858,0.7151999388627762,1.1153846153846136,0.538461538461533,0.9997408151722391,0.16367265469061865,0.16600000000000015,0.08667287977632812,0.021669525443110373,0.1927710843373487,False
sh.600820,2024-04-08,0.05551301684532928,tp,0.019607843137256626,0.8632091791919654,5.082,2.360465116279073,2.542083465852415,3.02900861322105,0.007861635220125729,1.166666666666671,0.9454195188322799,0.5029958440561181,1.1379310344827591,0.3448275862068963,0.9923250237938751,0.09780775716694778,0.18855760733057347,0.13001444628564138,0.02002048131080387,0.2535211267605638,True
sh.600821,2023-05-30,-0.0431654676258993,stop,0.2459016393442626,0.8085203558968603,5.2632,1.6057347670250888,2.2413241743343444,2.6482030589250583,-0.10171730515191557,1.1150442477876061,2.1797277699869153,0.6146349340641243,0.9687500000000022,0.4062500000000008,1.0168632501233066,-0.07352941176470607,-0.03481894150417841,-0.01583469431229147,0.02780182780182779,0.20212765957446774,False
sh.600824,2020-07-14,-0.12295081967213083,stop,0.1515151515151527,0.9916545873352128,9.9537,1.9090909090909092,2.1336479578642553,2.2317120432893884,-0.0812379110251451,1.3827160493827126,8.46946094212483,0.7346183875466694,0.8222222222222232,0.3555555555555558,0.8859343347265193,0.529595015576324,0.4483720453558424,0.42992341648475474,0.044534962661235564,0.34500000000000025,False
sh.600825,2019-11-11,0.043967280163599194,tp,0.13043478260869565,0.6990303051145345,7.1429,2.1397379912663794,3.9882305607270077,5.8209741606972605,-0.02366863905325467,1.058823529411764,1.6903847309528122,0.5673775776348139,0.8285714285714298,-0.11428571428571341,0.9426241796747462,0.18313253012048158,-0.11833159537049809,0.023553734942372333,0.032518669382213164,0.24409448818897764,True
sh.600825,2021-09-03,-0.06264501160092802,stop,0.30434782608696026,0.9992982138365724,6.7164,2.822580645161285,4.676397327210196,5.415340697345714,-0.1875000000000001,1.0400000000000025,2.0087556600201992,0.45473108345192825,1.1200000000000017,0.15999999999999973,0.9952086506004223,-0.13745019920318713,0.016431924882629234,-0.04864785689437357,0.024865280985373377,0.4246575342465759,False
sh.600827,2022-10-21,-0.08098271155595992,stop,0.04444444444444435,0.8026623427766616,7.0588,1.6569468267581453,2.4541936032201255,2.9886031473932366,-0.07379134860050884,1.451403887688986,1.649826735269869,0.4139466874224989,1.0144927536231898,0.01449275362318974,0.7276156489427782,-0.035304501323918824,-0.02945894728700149,-0.03694335020645571,0.03284537968892952,0.0025445292620867484,False
sh.600827,2023-03-31,-0.03323029366306023,stop,0.2333333333333319,0.8176879427279397,5.6281,1.9739696312364379,2.011404470596339,3.0588711875279477,-0.021903323262839836,2.0923913043478235,2.7815446312478627,0.6246831252135776,1.0307692307692307,0.12307692307692003,0.834531759608772,0.08312551953449687,0.27370478983382185,0.12255007538229569,0.02325402916346893,0.13461538461538405,False
sh.600827,2024-05-07,-0.03433001107419684,stop,0.3257142857142877,0.976219097859644,5.3254,1.6100000000000028,1.7720944414091975,1.6140730820853582,-0.10191725529767914,1.1232091690544386,2.082218470825708,0.6071925819532865,0.9347826086956511,0.34782608695652334,0.7474120975148668,-0.02265372168284785,-0.11695906432748537,-0.024626564392409886,0.026085356880058835,0.04207119741100332,False
sh.600830,2024-12-06,0.03649956024626222,tp,0.1752577319587634,0.7246186772703881,6.0634,1.2313937753721236,1.496623525796393,2.127786511618785,-0.11928737412858248,1.1113561190738712,1.4787099460894932,0.6864935386873511,0.8307692307692326,0.04615384615384991,0.7278480115621392,0.4652956298200517,0.5789473684210531,0.28034716857738584,0.05002923976608183,0.13432835820895492,True
sh.600831,2023-03-06,0.04961240310077526,tp,0.05882352941176656,0.9199565815254346,6.0261,1.9930555555555607,2.8070396789231986,3.1779352683467983,0.009302325581395321,1.1822222222222234,1.6212433690805674,0.41311973277325315,0.7073170731707284,-0.12195121951219628,0.9535960373390328,0.08389261744966436,0.12347826086956526,0.12993032679357483,0.026315789473684223,0.18435754189944115,True
sh.600834,2021-08-25,0.08674749163879579,tp,0.2934782608695663,0.5205082546077433,6.1372,1.6597938144329851,1.520231721541105,2.4166545688133243,-0.16354068053460813,1.3874278537818343,1.9440995458954635,0.5874541512729908,1.028985507246376,0.04347826086956671,0.6676623090227923,0.053463985493811705,0.17703133170481555,0.11696704788456191,0.04257359160934891,0.21904761904761938,True
sh.600835,2020-10-29,0.062079668908432147,tp,0.07017543859649049,0.8438701115890674,7.3803,1.56643356643356,3.008617293931197,2.9118875427783943,-0.005738132498696147,2.076788830715534,2.3724091952210995,0.6491589834789566,0.989583333333334,0.1145833333333388,0.826381164560927,0.11194895591647347,0.337197394946944,0.15902479695604,0.027056164145366008,0.46181818181818174,True
sh.600837,2019-08-22,0.0886627906976742,tp,0.3086419753086396,0.8643902712681254,8.2095,2.0279232111692895,2.747538107412167,2.937273198607158,-0.052225520010027116,1.3409556553615511,1.4044336734617227,0.3800873363500954,0.8795180722891577,-0.08433734939759298,0.7615901477210134,0.12974001189650042,0.09507450405703244,0.029083481503911983,0.023796271830986968,0.030845403942553418,True
sh.600837,2020-01-03,-0.06430868167202557,stop,0.012820512820511923,0.897359275869928,6.3136,2.1165354330708674,2.7306883161595135,2.509866956418061,0.0,0.8985507246376877,3.038386358150542,0.5074525422846573,0.7916666666666664,0.06257274544646807,0.9371686139292521,0.08414274728473181,0.16066342972543324,0.10396585499069373,0.021989029190059677,0.4648749650792415,False
sh.600843,2024-09-27,0.1176470588235293,tp,0.21637426900584802,0.697148415262961,6.9364,1.3846153846153848,1.522952750579822,1.708199940213051,-0.23946557040082228,0.7898832684824905,1.0582102209182178,0.7748878653605732,1.088888888888891,1.2222222222222276,1.1972356027616842,0.13898777568240206,0.22619970337630724,0.0891254578459086,0.05815513626834379,0.24858757062146908,True
sh.600845,2020-04-17,0.08725910064239846,tp,0.017364657814095803,0.6535292015135984,10.0,1.6506329113924112,1.831173362709176,2.4687857712634584,-0.14366303121474222,1.0178505020453683,1.2127710322793404,0.6568385625255307,1.0092024539877282,0.27300613496932397,0.8603386077267403,0.33381212295317453,0.2832605704871489,0.18488726813365117,0.05299734367147675,0.09420610349402961,True
sh.600845,2021-05-27,-0.03718258766626347,stop,0.2640545144804087,0.8591755775718899,5.8339,1.8602015113350112,1.9428867086920685,2.0289882622584576,-0.009827638342909006,1.3797634691195821,2.1487612985878637,0.3886220646274616,1.0545023696682465,0.163507109004742,0.9060522066969383,0.15962852637112346,0.10019176484112191,0.07300111667892097,0.031555354084819145,0.05185185185185238,False
sh.600845,2021-07-06,-0.0286203941730934,stop,0.25055432372505304,0.9596180008667283,8.4872,1.3751010509296724,3.0302966916951597,3.6919941001886003,0.06705314009661834,1.0857637154800976,2.593595193903458,0.6810340196250176,1.2016460905349773,1.0452674897119263,1.0642930890402067,0.29761163131002366,0.09120077826456519,0.22070073989533942,0.02878667778244247,0.5382988801927712,False
sh.600845,2024-04-29,-0.036624597871813894,stop,0.34368932038835115,0.5347221525379037,8.645,1.9087493290391908,1.641751356195306,2.3533979664613,-0.15635521885521886,1.479613733905577,1.971134802014566,0.45398972244055846,0.8740157480314966,0.12598425196849986,0.9786184216276248,-0.06717451523545703,-0.05296461213967674,-0.059018034905517665,0.03268992823558525,0.13072776280323448,False
sh.600850,2022-10-18,0.0991854965843406,tp,0.0982142857142859,0.8622128499733585,8.264,1.984976525821601,4.081835993706565,5.00301446280889,-0.13491686460807595,1.4845360824742266,1.5583092754151846,0.5966814348038568,1.0,0.509933774834435,0.9366375187854046,0.03320631464344026,0.07953053019143463,0.029854147000502457,0.032665964172813484,0.05882352941176454,True
sh.600850,2023-01-06,-0.03399433427762024,stop,0.16964285714285737,0.6419231397663382,5.8267,1.7218390804597676,1.6233471317723847,2.1780595878076774,-0.1340668296658517,1.1275167785234916,1.1106833110722245,0.5943738935253389,0.8411214953271,-0.15887850467289993,0.7353488738578382,0.1576057111477207,0.1889452904681328,0.07078454778655423,0.03360215053763442,0.028380634390651516,False
sh.600850,2024-05-06,-0.041211519364449126,stop,0.1294765840220391,0.9326758752163735,7.3801,1.8701787394167475,3.3248044641074976,3.6109406531767236,-0.05343866171003708,1.9732685297691361,1.5376246625498042,0.5945496610486845,0.8098591549295777,-0.18309859154929614,0.8878161872565422,0.05287958115183233,-0.11759543659499783,-0.029338653494976205,0.03504060997845185,0.016774193548386673,False
sh.600855,2022-10-19,-0.049645390070921884,stop,0.09952606635071194,0.8404908899272903,7.5713,1.7387096774193547,5.681508963729054,7.569205273346779,-0.07912457912457926,1.764705882352941,1.850588848017495,0.596637000499974,1.1558441558441563,0.3246753246753245,1.0066000379897735,0.010840108401083848,-0.013235455083960068,0.03268999122046457,0.03330354483169496,0.08928571428571412,False
sh.600858,2020-10-15,-0.03466666666666662,stop,0.07407407407407382,0.7029917757637659,8.2386,1.3304535637149,1.933587492278426,2.223998245128422,-0.10634086517151431,1.352480417754571,1.888652001872254,0.540351688437189,0.7045454545454546,-0.29545454545454547,0.7703771502726279,0.04724444604156086,0.7128052671021428,0.21642354199325345,0.042857142857142864,0.07964601769911513,False
sh.600859,2021-03-22,-0.03392621870882729,stop,0.3941267387944356,0.8942554680475584,5.9441,1.4496124031007755,1.6027628713100257,1.860730006676944,-0.2150259067357514,1.1630231105559057,1.47137884020818,0.48243885917502793,0.7219251336898426,0.11764705882352906,0.6333954308046282,-0.10609281322710207,-0.3911015292013821,-0.1867528047876103,0.053604193971166475,0.13636363636363732,False
sh.600860,2023-04-03,-0.05173587474472429,stop,0.034883720930232905,0.9217795983371311,9.9927,3.454205607476639,5.115607287773343,7.737053963792922,-0.09211318482841657,0.933333333333332,1.2969182805039678,0.5473369837069078,0.7045454545454541,-0.20454545454545417,0.9250609433761434,0.0708604483007953,0.09218289085545717,0.01423883578256534,0.026176007202340795,0.06493506493506554,False
sh.600861,2020-09-18,-0.05009727626459123,stop,0.15789473684210525,0.7864655361041296,8.4318,1.2743823146944075,2.17143829791243,3.096696964807932,-0.05652801906760074,1.589529441071968,1.2585360132269432,0.4741161563487839,0.75,0.32857142857142685,0.9412797149803279,0.5131483593343531,1.1397108269676255,0.3690929223279452,0.0565778853914447,0.22514868309260858,False
sh.600861,2020-12-16,-0.08054342552159148,stop,0.15035799522673274,0.43610465565319056,7.6371,2.1513513513513476,1.31291406310049,1.9821877886335695,-0.09909909909909898,2.5223315669947026,2.2720391404373617,0.4951845067081423,0.7889447236180892,-0.21105527638191085,0.7289893585184661,0.019316493313521477,0.37056155192916673,0.08308234563704255,0.0457240038872692,0.08048511576626226,False
sh.600861,2023-02-24,0.06571027287319416,tp,0.2549019607843144,0.9947841453127576,5.2405,1.455555555555554,2.4895768471818713,2.67767279800836,0.012396694214876103,1.5741056218057936,1.9428022448503608,0.583717445276845,1.137404580152671,0.13740458015267107,0.8987081150056796,0.2358537806710066,0.3605292171995589,0.24254769266915338,0.03884386817936251,0.3020833333333338,True
sh.600862,2019-12-31,0.06026367564995892,tp,0.042016806722689676,0.8630771472730702,6.1716,1.6688741721854305,2.563078160002125,2.7294337717902724,-0.0036199095022626526,1.1256281407035162,2.171553276853589,0.7107297247863891,1.0185185185185195,0.01851851851851947,0.8787166418587052,0.15756302521008414,0.2192249419790444,0.10592865834123792,0.02740471869328492,0.4620689655172411,True
sh.600862,2020-11-24,0.04566401340594898,tp,0.19367588932806304,0.9334969456177012,5.9754,1.6610169491525457,1.7014768880448943,1.8880861772007418,-0.1545741324921136,1.1478626489138035,1.7151418025616016,0.6327497380865783,0.8376623376623376,-0.16233766233766242,0.7131809251512001,-0.08333333333333326,0.48987226477921775,0.05799889799618307,0.04098589582460552,0.12843029637760714,True
sh.600862,2023-05-22,0.03644337741629923,tp,0.14381270903009913,0.8408738544483477,5.39,1.6982248520710044,3.0740105482960627,3.7042763496678988,-0.010288065843621408,1.69401947148818,1.632460184568192,0.49070859853494997,0.7967479674796747,-0.1300813008130051,0.9178555119817063,0.03464703334776975,-0.045926517571884706,0.03595936819054037,0.0255895074647691,0.25946704067321136,True
sh.600863,2022-05-30,-0.04884318766066841,stop,0.28125000000000033,0.6794866787015643,9.9715,1.8260869565217364,1.4160251802368047,1.9788313514662614,-0.044554455445544705,1.8260869565217364,2.5384056387530336,0.7077000169890661,0.888888888888888,0.11111111111111208,0.9945754078688055,-0.007633587786259666,0.13372093023255816,0.08418662836491685,0.049658119658119663,0.21290322580645163,False
sh.600863,2024-08-29,0.02447552447552449,tp,0.22222222222222252,0.8428019017745877,5.4321,1.5789473684210464,2.4277288476221317,2.982858671071089,-0.08598082293589826,1.2031250000000049,1.1479176981283064,0.4104812252634009,1.1333333333333324,0.1333333333333325,0.89371104604782,-0.032008128137700376,-0.02355405065418681,-0.012136733971798179,0.023648247387291273,0.03296703296703266,True
sh.600872,2021-01-08,-0.036597023077973585,stop,0.2475247524752487,0.8659721561722993,5.7249,1.4874346852450842,1.3964992525270328,1.5273471789375448,-0.02229822161422723,0.822256568778981,2.5402178814877887,0.7813525818271992,1.1241217798594878,0.38204223713716157,0.8799525855073033,0.09580753039387901,0.055462321001670034,0.08247701321112541,0.03847633140907236,0.16395488819785548,False
sh.600872,2022-04-06,-0.05932504440497323,stop,0.3346379647749505,1.0248865306555526,9.375,1.452569169960478,2.127092493095739,2.2556625087693853,-0.27853192559074924,1.2984113353370552,1.5860274996208001,0.527548863321579,0.7380952380952378,-0.19523809523809688,0.39241329638071826,-0.2549381090334475,-0.15426008968609883,-0.17749872195880734,0.050901378579003155,0.21286173633440514,False
sh.600875,2022-10-21,0.02417962003454231,tp,0.09141274238227193,0.9076763576190542,7.2356,1.309993634627628,1.3651159009546592,1.7428796740769348,-0.07185869128863909,0.7842323651452259,1.1200145413936093,0.701266507484249,0.8639455782312909,0.16326530612244936,0.952845415274512,0.3262915188446742,0.9405166894571673,0.34827279027545194,0.05155536529680364,0.1681643132220786,True
sh.600875,2023-01-06,-0.036954585930543495,stop,0.17959183673469342,1.037525302183763,7.3264,1.9789875835721127,1.458468684557413,1.7335559879033189,-0.1346375143843499,2.035169988276674,1.7276741751924534,0.7392881755816473,0.9324324324324356,-0.06756756756756445,0.8717644007852627,0.020909090909090988,0.2823771442975529,0.0694960018879226,0.034090234490946864,0.09648127128263355,False
sh.600875,2024-05-30,-0.029063509149623155,stop,0.15830115830115835,0.7744595606870184,5.0396,1.7276595744680876,2.0683566146171715,2.609695518619717,-0.0016146393972010786,1.143902439024393,1.2160770184321716,0.5295707930387739,1.0,0.03448275862068566,0.8979540745737077,0.13639143730886816,0.257104194857916,0.19005935351637535,0.029135270900609956,0.24285714285714372,False
sh.600876,2024-01-03,-0.04506437768240336,stop,0.18399999999999814,0.9821737354740498,6.049,2.4523281596452264,2.5693480403354663,2.813176069443147,-0.03417015341701535,0.9056603773584911,1.3698586174270937,0.5316230938932747,1.0632911392405073,0.1645569620253176,0.9889128707044992,0.007204610951008661,-0.13005600497822023,-0.03758225241092072,0.02072007629947544,0.19488817891373747,False
sh.600877,2021-10-21,0.053447185325743184,tp,0.3731343283582104,0.40552624766862444,10.0,2.2857142857142856,1.8197083868037525,3.4819236397982194,-0.030375223347230418,1.32688588007737,2.2941011506203655,0.6804630451746313,0.7499999999999997,-0.2500000000000003,0.6803832822447407,0.12926136363636376,-0.03519417475728159,0.05497130345353826,0.043417190775681354,0.03311258278145677,True
sh.600880,2020-07-14,-0.10800744878957173,stop,0.17948717948717913,0.6912139439910306,7.5356,1.8947368421052657,1.8521954653538477,3.100048560720481,0.009560229445506607,1.574999999999997,2.0814111966417492,0.614387342840452,0.9722222222222229,0.3055555555555554,1.0414756255423236,0.382051282051282,0.30193236714975846,0.30748549596717156,0.045021645021645,0.2484848484848484,False
sh.600880,2022-05-30,0.09476534296028899,tp,0.023622047244093867,0.8620780642494449,6.8311,1.3303167420814521,1.989106392007645,2.228799203346982,-0.29182389937106923,1.9814385150812093,2.0190917086134137,0.6960370972411569,0.8809523809523809,-0.11904761904761904,0.8022852235352507,-0.07768595041322313,0.49597855227882026,-0.07652843095339874,0.06439665471923536,0.2595155709342559,True
sh.600882,2019-10-08,-0.03491436100131748,stop,0.38028169014084395,0.8917396394609065,5.8212,1.2035573122529586,1.6810032828904298,1.5539267172247635,-0.036593059936908645,0.9659863945578223,2.423515415178826,0.42847982893079933,1.0344827586206953,0.057471264367819234,0.6712765701395783,0.3629893238434163,0.32182916307161347,0.2846870392240446,0.04508268059181896,0.06588579795021975,False
sh.600882,2021-04-07,0.12055837563451756,tp,0.1202830188679244,0.7504143510633797,10.0018,2.5250667457727674,1.2032647316723495,1.652822063410296,-0.1060000000000001,0.8233641107988763,1.5045175449440689,0.6069283018073808,1.0032894736842122,0.2138157894736852,0.9920675149630934,0.08491666587780755,0.6306978676249129,0.28693214544677786,0.0438269672302233,0.5785953177257528,True
sh.600882,2023-01-10,0.04008941877794344,tp,0.04235727440147289,0.8581332913897799,5.888,1.228308288899663,1.5537269585372881,1.7872840609106095,-0.06074368435992039,1.4044892349977092,1.585242687682686,0.6066130627749617,0.87845303867403,0.23204419889502434,0.7093845660778604,0.021023765996343702,-0.28397435897435896,0.03310074093865914,0.044583706356311516,0.10834371108343682,True
sh.600883,2020-04-23,-0.07597765363128496,stop,0.38255033557046975,0.64169778289526,9.9757,2.2823061630218664,1.4934303051949205,2.243795776466489,-0.27506014434643145,0.9988492520138115,2.7010489497492625,0.6336256946577775,0.8536585365853648,-0.09756097560975605,0.9281977436102218,-0.09586276488395551,0.31183153766542304,0.09480100213275348,0.05238095238095234,0.04136253041362536,False
sh.600883,2020-07-06,0.09146341463414624,tp,0.21008403361344496,0.8875971838243248,8.2979,2.1472392638036815,3.0666802224810956,3.7333656693067385,-0.06338284877864442,0.9255593108580288,0.9239312371137303,0.7347345244218699,0.8000000000000005,0.0933333333333354,0.9438133587692988,0.3273565434622536,0.2214840572575263,0.08551682480270577,0.03211860378288844,0.10036711945466346,True
sh.600883,2021-03-18,0.04176201372997702,tp,0.07058823529411871,0.734426420264007,5.1008,1.4482758620689649,1.7047959553779841,2.4349535189045644,-0.04106441050997667,1.0056338028169005,1.2399710110992035,0.4459176771585597,0.7647058823529448,-0.23529411764705518,0.6494861856031448,0.03316278919519711,0.04677331695705034,0.0793547921995436,0.04416475972540041,0.10215053763440916,True
sh.600883,2021-10-13,-0.0256410256410256,stop,0.1523178807947018,0.8059575578181464,5.3416,1.305856832971802,1.4528699592150345,1.8169455092217635,-0.030857142857142694,1.35483870967742,2.2032629376524895,0.5218589722788769,0.9302325581395329,-0.06976744186046711,0.6822116507356735,0.06022584692597244,0.04033488119852202,0.02897876676710793,0.03183431952662721,0.11418685121107244,False
sh.600884,2020-01-09,-0.04344827586206886,stop,0.24293959007011112,1.0388841134511007,6.6912,1.446072247189327,2.211956360896335,2.0607825755431923,0.02833767045795832,1.7861163227016927,1.8458503519646954,0.5308514653426831,0.8021978021978048,0.0,0.8584064937087713,0.3740383077804723,0.28519437822513627,0.2845599811559188,0.034022782248059324,0.4794872355622053,False
sh.600884,2020-11-25,-0.04180945853324177,stop,0.07177033492822991,0.7672989497243838,8.749,1.713958810068648,1.8285294826827216,2.2417446756695623,0.039618488628026416,1.2827225130890034,2.1618662039565297,0.7083701586887908,1.1495327102803745,0.2897196261682257,0.9894671552628669,0.2701754385964914,0.8454470714325637,0.2464339191229733,0.04371546961325968,0.36363636363636415,False
sh.600884,2024-03-14,0.07361702127659585,tp,0.046153846153846025,0.7034175877093608,6.4,2.0000000000000053,2.029842493439824,2.565023246955052,-0.14193548387096777,1.6610169491525424,2.829707326341896,0.453578164008688,0.750000000000002,-0.249999999999998,0.8002748574277709,-0.09090909090909094,-0.16725476358503866,-0.08042991200441603,0.04206214689265535,0.1345029239766085,True
sh.600884,2024-05-07,-0.03361344537815122,stop,0.27083333333333354,0.8046065715365504,5.0532,1.5360501567398102,1.4936929141468362,1.8235165096665427,-0.08564814814814814,1.3620414673046266,1.7113511898419067,0.4741709057274845,1.0,0.15714285714286103,0.6280237243365384,0.08628519527702094,-0.14080459770114928,-0.02926017612921547,0.03514492753623188,0.06635071090047338,False
sh.600884,2024-10-30,0.0435520361990951,tp,0.04040404040404047,1.0347339106274767,7.4468,1.3493975903614477,1.7893562838381816,2.1276301744996062,-0.11317073170731695,2.3037974683544316,3.573023424077863,0.5125364445873329,0.7343750000000003,-0.25,0.6800440368907483,0.23684210526315796,-0.2315925072618693,0.053682055892465205,0.04509145203434116,0.21013412816691515,True
sh.600885,2020-06-24,-0.026649746192893356,timeout,0.05976095617530025,0.7751664099115938,9.9746,2.137743543271413,1.452485160106782,1.7816267465889315,0.04595538833646895,1.2565853658536625,2.671147670854406,0.7098505368019217,1.0326409495548956,0.0504451038575657,0.9697714943549886,0.41681768756795945,0.13220292392560684,0.17100841244088244,0.03955828430118533,0.3516572352465647,False
sh.600893,2021-11-03,0.06663837011884538,tp,0.25969447708578075,1.0484562988164574,6.0215,1.3933438985736881,1.9388045017475124,2.110798650610436,-0.1608510638297873,0.7800369685767102,1.3384434508244822,0.7338034512378124,0.9522292993630583,-0.04777070063694162,0.8548558622717543,0.0010178117048345037,0.5355806458036867,0.07684509010190498,0.043015308139863324,0.2708427219468231,True
sh.600894,2024-03-11,0.08136094674556216,tp,0.3622047244094488,0.9319238340424174,6.4356,1.287625418060201,1.5983282358645257,1.6190715794322992,0.029940119760479167,1.225589225589224,2.27734277936822,0.6495872279654122,0.8,-0.2,0.7633854169533653,0.15510204081632684,0.08985879332477542,0.14116737793608675,0.04844915586965054,0.3947895791583169,True
sh.600900,2021-09-27,-0.0297812936249417,stop,0.14619883040935688,1.0417496849334604,5.1699,2.1135734072022148,2.6403493752357057,2.634106341907274,0.031691843098925476,1.200000000000004,1.6010614351812402,0.8070097036592329,0.7522935779816543,0.20183486238532344,1.0236979465328337,0.07025938647755581,0.033643947457981715,0.10270540045163024,0.02205746061167749,0.41935483870967766,False
sh.600909,2022-08-16,0.09319196428571438,tp,0.17948717948717474,0.8583526791672175,5.1402,2.370967741935484,3.0721473389797107,3.4688450982216517,-0.10733503022062318,1.4108527131783086,1.6964037227383821,0.5077257065984452,0.8095238095238091,-0.09523809523809545,0.8241183550904276,0.06934403856437088,-0.10258970881264551,-0.0009869700253847175,0.019047619047619046,0.06976744186046496,True
sh.600909,2022-11-10,-0.004008016032064333,timeout,0.311475409836065,0.8579891796791925,6.3181,1.4498381877022661,2.1440479231312652,1.9980865963004335,-0.0757575757575758,1.4559999999999997,2.8460876300842712,0.38236723394815586,0.7187500000000037,-0.06249999999999722,0.5867549380014712,0.13551401869158886,0.18214346712211782,0.06644530586684912,0.03971193415637861,0.021978021978021546,False
sh.600916,2024-05-07,-0.030973451327433656,stop,0.25471698113207486,0.5946559038623289,6.8803,1.3548387096774224,1.6192786110514228,2.2404573882289487,-0.041420118343195256,0.9417040358744332,2.621899502362606,0.4014940136018301,0.7192982456140332,-0.05263157894736771,0.7445277025555107,0.16959669079627715,0.08126195028680705,0.10472593484949604,0.03486590038314175,0.0480167014613778,False
sh.600919,2021-05-25,0.04200000000000008,tp,0.0,0.6884220452725378,5.3748,1.8278931750741807,1.4127551761986745,1.5935481318504563,0.0026917900403766737,1.5749999999999948,4.4398745307544845,0.6160954235095718,0.8409090909090914,0.09090909090909419,0.8022413051850816,0.2759795570698469,0.31519899235842064,0.2339696526978785,0.02599020916777929,0.5661375661375669,True
sh.600919,2021-08-13,-0.03142857142857138,stop,0.36448598130841126,0.7641478450641676,6.9659,1.4642857142857133,1.5992622002001031,1.760749844954236,-0.09530303856854516,1.4651162790697667,1.8902022126830913,0.4817213492876965,0.9512195121951236,-0.04878048780487645,0.6830445175603861,-0.03495768894076445,0.2289855072463769,0.04499439406682158,0.038171262699564584,0.023809523809523458,False
sh.600926,2022-04-08,0.039597315436241544,timeout,0.2887029288702923,0.7278396761628598,5.7488,1.7477477477477499,1.271232426884009,1.529305551547349,-0.041800643086816636,1.3966346153846159,2.4117650745399883,0.5433574204981085,0.9278350515463892,0.11340206185566881,0.9728127576554402,0.15284178187403996,-0.024691358024691357,0.05991596935352902,0.036908727514990004,0.2198795180722892,True
sh.600933,2020-05-29,0.08686440677966101,tp,0.28678714178375686,0.7877153738837579,8.2255,1.7223560105199982,1.1492229867045183,1.6312570621075038,-0.26451043733572743,1.100436681222706,1.7157997021706533,0.6310375106375332,0.8780487804878022,0.10975609756097615,0.9089381302314047,-0.16838717761027688,0.062209718583907,-0.028837205168791246,0.04051454880236247,0.34971999378276897,True
sh.600933,2021-08-05,0.03256302521008414,tp,0.241666666666667,0.6946131348901398,6.5266,1.7106741573033704,1.1701541126157358,1.6888270621484156,-0.03393145675652687,1.8019801980198038,2.811480031134763,0.7904954272255483,0.9195402298850587,0.057471264367817396,0.7569131866590626,0.11907979073554387,-0.11349180391609726,-0.02528064635595128,0.040467836257309965,0.2833638025594149,True
sh.600935,2024-05-07,-0.0491228070175439,stop,0.36000000000000026,0.9651864833337922,6.0837,1.3658536585365875,1.7187214527719439,1.7285759215200192,-0.18895348837209303,1.6153846153846145,1.780495496154133,0.46891686830228946,0.875,0.3124999999999986,0.6326195298534294,-0.10410094637223977,-0.19088319088319083,-0.0895976919378107,0.03286384976525821,0.0940170940170943,False
sh.600958,2022-08-16,-0.03243847874720352,stop,0.02413490139622478,0.9557701546753882,5.0,1.9177355171113715,2.476490679090433,2.667903539737614,-0.16378269728813388,1.786585767987872,1.4403998618697524,0.45375525134053873,0.7692307692307704,-0.23076923076922964,0.8238392010243469,-0.033846728875599585,-0.27474941950464415,-0.07652195107593752,0.021693375790457114,0.11374064390443787,False
sh.600963,2023-07-05,-0.030219780219780213,stop,0.20987654320987634,0.6859995299683629,8.542,1.538028169014084,2.793993930201958,4.300630558160236,0.011895599136748425,1.710023024490642,2.737976504499494,0.4634061282381789,0.7948717948717955,-0.20512820512820454,0.8150760248385492,0.032840878467440326,0.3393494125450083,0.07881844566647975,0.033973960503502744,0.29850746268656736,False
sh.600965,2021-10-13,0.06250000000000001,tp,0.26760563380281893,0.9392842969246299,5.625,1.4222222222222227,2.1784599865556973,2.8710264718722285,-0.001477104874445967,1.6041666666666723,3.282092192781662,0.577010139550388,1.1874999999999984,0.21874999999999928,0.9162109085734137,0.19824561403508767,0.27123640812126215,0.15207201630730274,0.03318692044899949,0.16763005780346787,True
sh.600966,2024-05-09,-0.04817275747508288,stop,0.385826771653544,1.0051968704921723,9.3066,1.712765957446813,3.0602986844558426,3.845589045759699,-0.0033277870216305017,1.4807692307692364,3.1072974499703676,0.44316270354501397,0.7391304347826101,0.04347826086956335,0.8941504069658961,0.15576923076923088,-0.1213450292397662,0.017594852764804485,0.03771491957848027,0.07236842105263167,False
sh.600967,2023-04-07,-0.033763654419066626,stop,0.08256880733944941,0.7145786450264948,6.178,2.5756676557863587,3.124471393180119,4.020895624754453,0.014000000000000234,1.2255892255892236,1.6232155755318043,0.4131867868119857,0.822580645161289,-0.1774193548387109,0.8524288126781066,0.1897983392645315,0.25062344139650894,0.12720904314599588,0.02193419740777665,0.12727272727272748,False
sh.600970,2022-05-30,0.08430389201775391,tp,0.37373737373737376,0.6746850333174056,5.5696,1.57746478873239,1.2337822478700322,1.6900886411698355,-0.20343839541547293,1.4566473988439352,1.6760337076951553,0.6157816441766997,1.1000000000000045,0.37500000000000383,0.8598661681444639,-0.15522388059701497,-0.2610966057441253,-0.1432679936426247,0.035531998429524925,0.29927007299270064,True
sh.600970,2023-04-10,0.08300000000000016,tp,0.031390134529147816,0.6325420874060119,7.0547,1.6840579710144963,1.3878742496516907,1.5682789529258416,-0.0016447368421050879,1.7035398230088485,2.4592891124271037,0.6301771873794899,1.0722891566265005,0.48192771084337127,1.0413586852162027,0.45813953488372117,0.48051948051948057,0.3109041649606679,0.03617756512493351,0.429616087751371,True
sh.600971,2022-03-23,0.08905440414507783,tp,0.29696969696969794,0.8825114413956376,8.7083,1.5277777777777788,1.567971695021884,1.5486493491563398,-0.03727506426735239,1.5657894736842048,1.4876433766570245,0.6826840558819933,1.2000000000000004,0.2727272727272727,0.8492742414566025,0.13859910581222068,-0.08502994011976028,0.09818765497167092,0.037609075043630036,0.1591591591591595,True
sh.600975,2019-10-24,-0.04242424242424257,stop,0.023529411764705733,0.781985409374534,10.0462,1.8222222222222164,2.5796315930906846,2.787465328602726,-0.28774289985052326,2.6954813359528504,1.8740197127001479,0.9172248441429456,1.2195121951219552,0.5609756097561007,0.8644180881753593,-0.2133858267716534,-0.3504551365409623,-0.10738484907149554,0.03957290623957292,0.11320754716981131,False
sh.600976,2021-12-07,0.09814049586776878,tp,0.08163265306122511,0.922492661362559,8.463,1.5454334185452039,2.2254873705657245,2.3137493167337104,0.008089500860585241,1.0422943221320953,1.6676158451316838,0.5540411962556162,0.9494736842105244,0.3936842105263133,1.0062060162260067,0.48866995073891606,0.4657903208851275,0.25108420292105077,0.04681778071917056,0.5378900445765226,True
sh.600976,2021-12-23,0.022805330402527774,tp,0.3972602739726018,0.9002074918326616,9.0098,1.3782658084059052,1.8931425295926179,2.1122429870584534,0.07587253414264028,1.5454334185452039,2.2254873705657245,0.5633006479263105,1.226923076923077,0.3115384615384617,0.9278909241091079,0.6557077625570777,0.34495548961424327,0.43764568668297754,0.04709965067107926,0.7045091141669325,True
sh.600976,2023-05-31,-0.045884827767552025,stop,0.042057473076589344,0.8547036386542798,10.0045,1.6308372618181721,1.4439547069309648,1.8806904914698035,-0.11671805494854182,1.4891678929009482,1.2209111112614008,0.6677197994679984,1.1424100156494508,0.34585289514866724,0.9860298428409575,0.2000752944645403,0.4047426810477657,0.21032943188822895,0.05180620058105312,0.22436891667601894,False
sh.600985,2022-02-23,0.07676269901440515,tp,0.22259136212624586,0.9648029451126093,7.4554,1.536585365853662,2.605953515522737,2.7564211431241348,0.00990099009900991,1.3358778625954184,1.7102959544025902,0.6228141427645086,0.9876543209876537,-0.012345679012346312,0.8294867501545117,0.20235934664246824,0.073743922204214,0.03973215453427862,0.03438993710691827,0.21383647798742156,True
sh.600985,2022-10-12,-0.04142011834319513,stop,0.1363636363636362,0.9174753326107445,5.4443,1.4659685863874414,1.8252058920588774,2.1327315206960558,0.04984423676012484,1.3737596471885354,1.7918747689779249,0.5637770992341468,1.0499999999999965,0.0899999999999985,0.9498228651502135,0.24193548387096797,0.11080078436206087,0.184322550193369,0.03638331365604092,0.24671532846715333,False
sh.600986,2022-08-16,-0.05685618729097012,stop,0.3333333333333333,0.8731730755177891,5.3604,1.374545454545453,1.4945968517017814,1.6140468414807492,-0.17151162790697683,1.478873239436616,1.4085142251320812,0.7515265976956593,1.1851851851851878,0.7407407407407445,0.7456386864968715,0.15234375,-0.05144694533762051,0.033833214082327104,0.03418079096045198,0.018691588785047224,False
sh.600987,2023-11-01,0.088443396226415,tp,0.03759398496240611,0.8531556200387329,8.0255,2.216358839050131,2.510589885401204,3.063254394622193,-0.038548752834467126,1.2679245283018885,2.877192393366621,0.5820510743296726,0.9666666666666679,0.016666666666667735,0.9393470633133224,-0.01736111111111116,0.07984745305027818,0.09352531006097971,0.02858264625049076,0.40636042402826894,True
sh.600988,2022-04-13,-0.056744186046511644,stop,0.30503978779840785,0.6032959035233805,10.0053,2.038520801232667,1.3770295239593209,1.6229597227455907,0.038786673296867136,1.4685314685314728,1.9128328294730077,0.7330223035669806,1.1269841269841268,0.37566137566137686,0.9615857547008284,0.4516129032258067,0.32515337423312896,0.3151886016987853,0.04495370370370369,0.3369175627240144,False
sh.600992,2020-08-06,-0.028263795423956937,stop,0.12995530758594678,0.4143860900259915,6.0,1.3753940753773886,1.4087757966135241,1.5133958612555756,-0.01163347567716666,2.4347826086956617,4.909436879767754,0.44367260817376963,0.8571428571428553,0.0,0.8900218880925551,0.23545815540354154,0.205519750991501,0.15756201110899462,0.03213153897284267,0.1875946326752195,False
sh.600996,2019-09-03,0.10389610389610397,tp,0.31506849315068614,0.7528828461143267,7.2767,1.9917525773195892,2.8596296179228515,3.033183033901849,-0.12985214803151768,1.0593047034764802,2.379748882802655,0.6902087382392413,0.8405797101449267,0.4492753623188383,1.058732171441986,0.098479872087055,-0.09084520461017542,0.029786187406722352,0.036885790172642756,0.3831775700934573,True
sh.600997,2024-11-21,-0.02496532593619974,stop,0.07894736842105138,0.8836308659298706,5.0798,1.6153846153846163,2.347355885252619,2.4530272905954678,-0.1017369727047146,1.4403292181069993,1.4113079422228785,0.4775209612272362,0.8666666666666656,-0.13333333333333436,0.8315220376255681,0.19999999999999996,-0.12182913021550201,0.0742936041456724,0.02685185185185185,0.18435754189944084,False
sh.600998,2020-01-06,0.08707570658105199,tp,0.14285714285714166,0.8886050145192617,5.0483,2.280542986425335,1.910021793083024,1.895477176613521,-0.022790055248618768,1.4110671936758878,2.095270298580502,0.7931639128602447,0.7676300578034682,-0.09345429244273255,0.9713326561187693,-0.011739444951492484,0.13845698540349494,0.05578900109694056,0.0237411925068446,0.21311630561502556,True
sh.600998,2023-09-01,0.061386138613861344,tp,0.19424460431654783,0.8795636579940136,5.9322,1.9814385150812035,2.1836949066109193,2.3600386419662027,-0.0840898664374452,1.4318181818181823,1.8301794466631833,0.6240704698776888,1.0819672131147533,0.08196721311475337,0.804484734186018,-0.06787957968729952,0.0686951135538274,0.01202083368878106,0.02786069651741294,0.11178247734138912,True
sh.600999,2019-08-22,-0.031428313274370616,stop,0.16666666666666405,0.8192441715009036,8.2113,2.2187004754358215,3.1756679410928883,3.4667870280357267,-0.040632054176072074,1.2188235294117804,1.7392013715242987,0.3627744928996942,0.839999999999999,-0.12999999999999862,0.7704838124767239,0.0834938985228002,-0.03874643874643868,0.004500503639602647,0.021655799249160224,0.035629453681709986,False
sh.600999,2020-01-03,0.040938864628821,tp,0.09189189189189428,0.8703312567681757,5.8186,2.086350974930368,2.7163315435799764,2.465316361112465,0.005420054200542035,1.5198329853862111,3.161712137861209,0.4929848702089482,0.7570093457943898,-0.04672897196261654,0.9441695086430926,0.1097780443911216,0.12427097422183353,0.10658247290630662,0.02126126126126124,0.35831381733021217,True
sh.600999,2021-05-19,0.05648535564853555,tp,0.2258064516129021,0.8696232637292476,8.6957,2.7403462050599163,3.586008828148404,3.7392347863156417,-0.18952618453865333,1.2748735244519365,2.2886588108647694,0.38137220142417083,0.7210884353741509,-0.23129251700680384,0.7727075884318574,-0.1705627705627708,-0.10930113261735175,-0.10976873356324804,0.02533054975643701,0.12592592592592605,True
sh.601000,2021-11-03,-0.033333333333333444,stop,0.19047619047619066,0.8510018753327624,5.9524,2.0000000000000018,1.774743868813877,2.2046629275803418,-0.12171052631578938,0.7716535433070865,1.2558268826541457,0.5771502388526735,0.8749999999999983,0.12499999999999976,0.7011023657055944,0.10699588477366229,0.043790514188052576,0.05719610090882951,0.037422552664188376,0.08888888888888867,False
sh.601001,2022-08-12,0.0469266358228685,tp,0.09720865885416635,0.9164152792864069,7.7439,1.429827226795748,1.639871470021518,1.7963611250978107,-0.2136873393023213,1.2862853497767366,1.1281474494876622,0.5625731240616733,0.701030927835052,0.4845360824742234,0.9381821980861181,0.1052655097936992,0.18457854406130259,0.04367521618306233,0.05328038477549274,0.1251586466983352,True
sh.601005,2022-02-11,-0.03720930232558143,stop,0.11764705882352941,0.8743516854416195,5.3398,1.4432989690721645,2.2937399818669557,2.587117399393164,-0.022522522522522626,1.3023255813953483,2.085375566533133,0.5590447268178688,0.9000000000000022,-0.09999999999999779,0.6579917474259137,0.04854368932038833,-0.11111111111111116,-0.07767853965768773,0.02716049382716051,0.04761904761904732,False
sh.601009,2021-08-13,-0.03429796355841372,stop,0.34104046242774627,0.8825694166270822,5.5363,1.3765690376569035,1.766418702685784,1.818157320755584,-0.17493237150586116,1.6014760147601468,1.6584561452781468,0.6141521177138862,1.191489361702129,0.19148936170212888,0.5312662305835063,-0.05067922373798872,0.09312449293951408,-0.03681433918168452,0.038131313131313134,0.26344086021505386,False
sh.601012,2021-04-02,-0.07701630674305869,stop,0.1291028446389492,0.7638735361627755,9.2519,1.7642469470827702,1.30385859912674,1.6544978111797308,-0.3028325907065563,1.3436928702010964,1.5380705665709733,0.6476810690634153,1.0511440107671586,0.1709286675639276,0.790531193331548,-0.03590021691973966,0.1881845018479713,0.01175605111333705,0.06503168710391123,0.19012434672914041,False
sh.601019,2021-04-19,-0.025396825396825612,stop,0.2682926829268278,0.7050771241355089,6.1538,3.5284552845528356,5.586737319882252,10.74613679620336,0.026446280991735627,0.9333333333333453,2.003448562256536,0.3973332101956779,1.1935483870967736,0.2580645161290349,1.01455012688722,0.09581881533101044,0.019539814591564175,0.06386074196175966,0.0162162162162162,0.4363636363636369,False
sh.601020,2023-07-10,0.04715969989281897,tp,0.2857142857142848,0.9444826168585265,6.7738,1.8312147099378377,3.6091605898170385,3.3822690269724407,-0.16897512085619248,1.3956399049837394,3.112003142186162,0.7496349203780401,0.949152542372879,0.135593220338981,0.7166334636425157,-0.08843537414965985,0.04939319727891167,-0.07649805005279002,0.03340611051759962,0.045118927546064856,True
sh.601021,2020-12-21,-0.055073557148245855,stop,0.24223602484472198,0.8057191495337238,5.6545,1.8299817184643445,1.3622896028358866,1.8212470545739123,0.004277478147665992,0.9430740037950623,1.6510636664450893,0.8404181134261568,0.755244755244754,-0.13986013986013837,0.8906872197791752,0.0956663941128375,0.4882776973040288,0.19318380558535886,0.03322761194029854,0.15991471215351907,False
sh.601021,2023-07-06,-0.0071162865922690536,timeout,0.09049255441007988,0.6649119690047774,6.1423,2.2463139635732894,1.5551873080457597,1.8798935264352143,-0.07379289401761313,1.3320493066255794,1.9210697191590314,0.7816511039843408,1.2135135135135149,0.2837837837837835,0.9016569247839904,-0.030923004841480806,-0.01788540677429573,0.03096066537531204,0.027687348912167575,0.4562899786780381,False
sh.601028,2020-04-10,-0.029079159935379677,stop,0.34374999999999867,0.5196985433729453,6.644,1.465116279069768,1.2545853170537713,1.6909878497040003,-0.07805596465390285,1.3125000000000018,1.3199051389559266,0.4416144527946435,0.8055555555555566,-0.19444444444444342,0.6612424898228365,0.16135084427767343,0.170083324625649,0.11410724832040794,0.04394184168012922,0.173553719008265,False
sh.601058,2021-05-28,-0.05786618444846285,stop,0.22429906542056124,0.8234437644037398,9.9794,1.5062068965517212,2.465217263857583,3.0247831625868247,0.0028142589118198558,1.7393939393939373,1.4164843593092675,0.7374027929449235,1.2179487179487187,0.43589743589743735,0.9420724945687251,0.08669950738916254,0.8567197526780568,0.28088868979552434,0.04436385614989427,0.13448275862068945,False
sh.601058,2024-09-18,0.08357245337159251,tp,0.21991701244813305,0.9792005369157707,5.1262,1.536842105263157,1.8283324186861503,1.765225877540993,-0.06973595125253884,1.2751423149905177,2.012938030337537,0.45757029272111077,0.8219178082191756,0.21917808219178153,0.9651921688868234,-0.004881116300791133,-0.0005517806835015904,-0.017198566567375045,0.029232613908872898,0.25910064239828673,True
sh.601066,2021-05-19,0.12363636363636356,tp,0.39603960396039567,0.9746174785575876,10.0,2.598232494901426,3.0702177889928266,3.3485855814237904,-0.2204273058884837,1.4263322884012586,1.7010919162710638,0.6228821495874012,1.0989010989010988,0.20879120879120786,0.742060337529626,-0.17169247487095907,-0.29261646930564766,-0.168509011623302,0.03160599103531213,0.045955882352940854,True
sh.601068,2021-07-26,-0.04819277108433739,stop,0.3131313131313129,1.0152786742055662,8.2011,1.7364341085271318,2.8134212641998544,1.9356257679427133,0.002450980392156854,3.1733333333333347,4.276688616110313,0.7024147684296849,1.1250000000000002,0.218750000000001,0.889407367988292,0.29595015576324,0.21994134897360706,0.21129768028729495,0.035737179487179464,0.3631284916201121,False
sh.601108,2022-08-16,0.01070950468540845,timeout,0.2195121951219515,0.8571229442106305,5.2039,2.119266055045867,2.827758885696918,3.053528363483922,-0.12622519890396489,1.302325581395348,1.6519802165733073,0.4364791848563276,0.8181818181818198,-0.09090909090908728,0.7664775675878637,0.05754027752983215,-0.19563328978860128,-0.027282782268962802,0.020268456375838937,0.012345679012346714,True
sh.601108,2024-05-06,-0.0220779220779221,stop,0.0843373493975876,0.7686470880885912,5.8904,1.6333333333333326,3.2592334872327386,3.604467244984034,-0.05385556915544676,1.06598984771574,1.312304487301839,0.6152919404548217,0.785714285714284,-0.07142857142857308,0.912404008432988,0.002600780234070177,-0.010269576379974388,-0.0017048274671444825,0.02070903588413317,0.07027027027026961,False
sh.601111,2020-09-18,-0.05955334987593068,stop,0.24444444444444344,1.0428086250898798,6.5596,2.3097643097643124,2.061151193348972,2.0961298474460057,0.02182284980744531,1.3888888888888908,1.6644719664471481,0.5359278842357466,1.2244897959183696,0.2857142857142844,0.9718503486002068,0.2247817331054789,0.1769940065247737,0.1639774209276817,0.026296296296296314,0.408163265306122,False
sh.601111,2022-04-15,-0.049610894941634225,stop,0.07210031347962392,0.8890005864055427,8.0084,1.274382314694407,1.3703603549400358,1.6480705814763539,-0.09929701230228483,1.331707317073169,1.6667389735302227,0.5732063812913781,0.771428571428571,0.1142857142857145,0.9433076645536022,0.06604747162022706,0.2597560975609756,0.12336538374400753,0.05495321071313327,0.19999999999999987,False
sh.601111,2022-08-17,-0.029732408325074403,stop,0.36363636363636387,0.9596511561821,5.6962,1.3079584775086484,1.715295671257469,1.7253718094617472,-0.14940577249575548,1.1460674157303405,1.6179542337739081,0.630537720426905,0.7037037037037029,0.2222222222222244,0.6964807058794724,0.14835787089467734,-0.0009852216748768017,0.04445455403816284,0.04089414858645628,0.021276595744680944,False
sh.601111,2023-07-06,0.06069364161849715,tp,0.014925373134328042,0.8062719519595751,6.9175,2.220963172804537,3.080597613845653,3.424569146765046,-0.22241835834068835,2.179419525065961,3.1456267931178554,0.3090340236061808,0.7499999999999992,-0.2500000000000008,0.8168470815327127,-0.2175090252707581,-0.18667917448405258,-0.13695562007465775,0.028258362168396774,0.2208835341365466,True
sh.601116,2021-10-13,-0.03878787878787892,stop,0.3999999999999959,0.7065243206759513,6.2262,2.301369863013695,2.1921181266841328,3.010388668536877,-0.08131868131868136,1.27777777777777,2.2398912741819386,0.31535005291241175,0.7708333333333361,-0.22916666666666385,0.6293370478243379,-0.07718120805369111,-0.13457937968562028,-0.05247605899823645,0.022828282828282837,0.011764705882351907,False
sh.601126,2021-07-21,0.030033370411568314,tp,0.027027027027026564,0.7451460739809403,6.8884,1.2971246006389743,1.0676323851929643,1.5558546228325751,-0.036402569593147804,2.23361823361824,3.4726256074710853,0.6246532269805136,1.017241379310345,0.17241379310345017,0.8746619491840243,0.29705843095130624,0.5423417953520828,0.31698693142661644,0.049633699633699645,0.10471204188481713,True
sh.601126,2022-07-19,-0.07894736842105252,stop,0.23752495009979957,1.0005892515107808,9.9761,1.7256461232604343,2.20234093853558,2.697116733791438,0.055619266055045635,1.2394149345650465,1.7275453628098716,0.653128448168018,1.1344086021505382,0.1344086021505382,0.9161770795357057,0.6812792110810346,0.05963747110186479,0.32548475763177154,0.05485887817077528,0.38139145012573333,False
sh.601127,2024-06-21,-0.1429000000000001,stop,0.27781665500349867,1.0229394692994416,8.0194,2.2406285072951735,2.514760408548181,2.605486585890735,-0.05915994749671849,1.575447570332481,2.2037945116618234,0.5630675641218299,0.9018232819074353,-0.09817671809256467,0.9418005665788528,-0.003300660132026345,0.10808406538418769,0.19437033870457082,0.029299213915370437,0.41128563118091954,False
sh.601128,2019-12-16,0.05494610413573501,tp,0.013698630136983882,0.9111684004892493,5.0725,1.652173913043469,2.2149560781655664,2.6003979546299205,-0.057421451787649236,0.9508196721311558,1.104690651983922,0.6184608486594815,0.8421052631578996,0.34210526315790346,1.0238956501464982,0.191632928475034,0.16490765171503985,0.09223601203974795,0.029747074367685887,0.1004784688995225,True
sh.601128,2021-10-08,0.11419753086419748,tp,0.39285714285714307,0.9261146942308828,6.8333,2.4580152671755764,1.7783560081938452,1.9579562368564989,-0.05317577548005914,1.2618025751073008,1.4627457826979113,0.7389696571770291,0.7391304347826084,0.17391304347826206,0.7561799603664513,-0.016666666666666607,-0.09326528284671531,-0.005695591872217991,0.02788906009244989,0.059907834101382854,True
sh.601128,2024-11-18,0.02807486631016063,timeout,0.030303030303029353,1.0150591879555,5.791,2.417670682730928,2.6010563507980713,2.8816766134302516,-0.07187112763320946,1.0867579908675813,1.3874926698344532,0.6356394714806598,0.9069767441860467,0.09302325581395597,0.9780111124813733,0.1409090909090911,-0.03222872964280099,0.05365455699639655,0.031429836210712714,0.1409395973154373,True
sh.601138,2020-08-17,-0.029411764705882464,stop,0.0241545893719803,0.7391238988958594,6.9209,1.5375722543352608,2.2849776821449588,2.8562921817087505,-0.11410181392627261,1.8503855169465329,1.1561867961247803,0.5444473139905879,0.8552631578947343,0.1842105263157871,0.8433769225180422,0.13853054623095407,-0.2099992128193381,0.04668051142642447,0.036954624781849923,0.0019120458891008357,False
sh.601139,2020-05-07,-0.03552631578947359,stop,0.0,0.7366548414414122,5.4242,2.04379562043796,1.7938616416565483,2.1404952694508164,-0.01558441558441559,1.2059925093632986,0.9151138765862659,0.6443794304140663,0.7000000000000005,-0.12499999999999936,0.8807848907550271,0.10248901903367513,-0.08270439575442934,0.03015373859345527,0.030500221336874748,0.12437810945273689,False
sh.601155,2023-04-12,-0.07282110091743116,stop,0.38461538461538514,0.8575751366058895,7.5015,2.057788944723617,2.2385253767297315,2.232955223489809,-0.2535514421007319,0.9887005649717517,2.517765790283386,0.6144049434326826,1.0769230769230769,0.07692307692307693,0.8123319780762607,-0.2176840215439857,0.04621848739495804,-0.08903232550239135,0.031248804742780627,0.048169556840077024,False
sh.601156,2024-01-19,0.07568664169787774,tp,0.05306122448979616,0.7063018948305801,6.5728,1.9235127478753542,2.3960561239315306,3.4381475125126597,-0.021551724137930828,0.8943089430894348,1.099505198963504,0.6839842252685487,0.9175257731958758,-0.05154639175257953,0.9360681574299728,0.4017699115044244,0.21846153846153826,0.2158272460949993,0.036026936026936,0.159474671669793,True
sh.601168,2023-01-12,0.054800724637681174,tp,0.08823529411764687,0.6651448167764408,6.4202,1.5516372795969684,2.5581924689699167,4.061680433216273,-0.06893617021276599,2.0487804878048825,2.593604859052795,0.47271818406811467,0.8181818181818196,-0.11363636363636218,0.8747909662022393,0.141509433962264,-0.0555073720728535,0.02536740762826899,0.028282828282828295,0.009966777408637864,True
sh.601168,2023-03-30,0.034744408945687,tp,0.094117647058824,0.6960226778095122,10.0352,1.7684210526315824,3.503837328283194,4.606915676825928,0.020408163265306145,1.4400000000000068,1.9340451302770916,0.5320391554277164,1.0333333333333283,0.09999999999999963,0.9718729383848052,0.19391634980988592,0.3390191897654584,0.15554465161923453,0.02826433121019108,0.21428571428571458,True
sh.601177,2021-08-26,0.08518930957683736,tp,0.054054054054054584,0.8866533007229394,6.1538,1.904000000000001,1.8706259318324114,2.3327987325395143,-0.006644518272425071,3.116981132075463,3.098365482105124,0.5604347712418901,1.0,0.19607843137254902,0.9310904735900751,0.10690381387220937,0.2068632552311871,0.13513160128303064,0.028298419698640196,0.5435684647302924,True
sh.601179,2021-03-05,-0.027713625866050636,stop,0.3809523809523812,1.0232217722679566,6.1728,1.6799999999999993,2.71069543963834,2.496625366837012,-0.1870007670534708,1.4968553459119502,1.9405486907448664,0.5422931991548741,0.9523809523809494,0.047619047619041704,0.8726302364036138,-0.05465620097625623,-0.09816574821165869,-0.03428643332585378,0.028074245939675203,0.12068965517241362,False
sh.601186,2022-02-10,-0.03815028901734102,stop,0.085365853658537,0.9145460293297947,8.5608,1.8377088305489282,1.8507453387934638,1.9101404691937152,0.01744186046511631,2.240000000000004,2.6456109420595513,0.5693345791758639,0.7454545454545461,-0.07272727272726882,0.8913901819284845,0.1964285714285714,0.1866485013623982,0.11100481520456662,0.02694221201683887,0.1641791044776124,False
sh.601188,2023-03-14,0.06559766763848411,tp,0.11111111111111227,0.7055627311369138,5.5215,2.2105263157894792,3.1914946774712916,4.824860943805446,0.02686567164179099,1.2857142857142847,2.991658336016447,0.6033066624492064,0.8888888888888886,0.05555555555555308,0.9804295404244248,0.13114754098360648,0.13861386138613851,0.13028284372611115,0.022028985507246364,0.5254237288135595,True
sh.601200,2022-07-21,-0.06499944266628466,stop,0.3636363636363639,0.9788189364986186,6.3136,2.613333333333323,3.531387132075361,4.365677956522883,-0.01602262016965139,1.3999999999999988,1.4619357130234967,0.5404356453583492,0.8035714285714282,-0.19642857142857184,0.7674092735541547,0.017733990147783096,-0.16961414790996798,-0.0264590156209506,0.020393675379154572,0.17073170731707213,False
sh.601211,2019-08-22,-0.026270702455739637,stop,0.2974390085366351,0.8895966455451508,6.3598,1.863472686343241,2.3143919744826396,2.4150048402817834,-0.06045694882367214,0.9393939393939491,1.4649041310267699,0.4381924043776762,0.8395061728395108,-0.16049382716048918,0.681422886654206,0.07715266202568882,-0.09179081033713055,-0.025685005326681592,0.02170933875813229,0.09609890292002218,False
sh.601211,2020-01-03,-0.0584137191854235,stop,0.10752688172043023,0.9109363842602003,5.1802,2.0126382306477106,2.5608453000852465,2.3014275203341543,-0.010593220338983134,1.3632958801498192,3.1460208710588264,0.5213394321661431,0.7912087912087907,0.17233917487770478,0.9760702635358598,0.07639020852221212,0.06208147710804557,0.07381068929335834,0.018522179614255226,0.36483691209911756,False
sh.601212,2021-08-11,0.0805084745762712,tp,0.12727272727272784,0.8578342104155422,6.5217,1.5287356321839078,1.9978108947762252,1.7385740445353741,-0.023255813953488302,1.866666666666668,2.825985240913874,0.453815320688481,0.894736842105263,0.0,0.8640588364981906,0.006849315068493178,0.16205533596837962,0.06322705081068052,0.030952380952380953,0.287128712871287,True
sh.601216,2024-09-04,-0.052219321148825264,stop,0.3793103448275873,0.9858075630894652,6.0606,2.087719298245604,3.48787106665178,4.141168096836709,-0.05172953257472224,0.7706422018348708,1.0672337974864226,0.6127960357120639,0.8823529411764752,-0.11764705882352483,0.8209438025577586,-0.02296474195801823,0.06372919704915292,0.024059647688136974,0.021845082680591838,0.18072289156626523,False
sh.601218,2020-07-30,-0.04833836858006044,stop,0.018867924528302518,0.9578079178742737,8.8235,2.400000000000004,2.820205836884725,3.038933515515301,0.03738317757009346,1.6877406074111478,2.855878287375294,0.7130265188117744,0.7666666666666647,0.03333333333333268,0.9800176313059672,0.22342752881667338,0.2942824050029673,0.1625159429704032,0.0309218040212678,0.36296296296296343,False
sh.601218,2021-08-26,-0.02743142144638402,stop,0.10526315789473734,0.7570040477330088,6.5274,1.3867924528301843,1.8498169829906743,2.386780485373263,-0.01686746987951815,1.601990049751238,3.0545084767054864,0.3955706911930954,0.7142857142857121,-0.285714285714288,0.6729871085278846,0.09239130434782572,-0.07875314769281294,0.021844633211319894,0.03689883913764512,0.148648648648648,False
sh.601218,2022-10-17,-0.039735099337748506,stop,0.3783783783783777,0.6596200611140323,5.7416,1.4482758620689622,1.1272320389405261,1.554864154201091,-0.24701873935264052,1.8394160583941614,1.3833154899827154,0.9063777287130808,1.1250000000000027,0.4166666666666652,0.6020589915432891,-0.1645101663585954,0.011652999568407152,-0.044989795633441354,0.03886430678466079,0.28078817733990175,False
sh.601222,2021-12-02,0.11530612244897934,tp,0.02074688796680601,0.9433823447745957,8.3784,2.01016518424396,2.6107496597691147,3.045985639612879,-0.14741318214032606,1.2286023835319575,1.219587057629018,0.6288594399492659,1.17699115044248,0.17699115044247996,0.8824487549088286,0.07092819614711043,0.8232166756563102,0.16443918595673945,0.05140365222131372,0.05820105820105817,True
sh.601222,2023-06-20,0.03207547169811326,tp,0.02802405135418024,0.8227378269626303,5.4161,1.8134968354563559,2.797892396540441,3.2753129546890447,-0.0024271894333347532,1.3142857142857176,1.2197816789132385,0.5364910483964943,0.9166666666666635,-0.08333333333333652,0.8122479885627452,0.025114178430977185,-0.009804552707790792,-0.008305052305502776,0.02213276556729414,0.08459222115228085,True
sh.601225,2022-08-11,0.04987531172069816,tp,0.02295081967213164,0.9839738455613682,7.2776,1.8276762402088795,1.3417367896774643,1.5549383778529642,-0.08243319570090757,0.9651714300430765,1.4376546167943998,0.5181143866147548,1.0799999999999987,0.08666666666666743,0.7807022959569169,0.25108404275910945,0.5366086227120521,0.17932889721464848,0.046954926962477384,0.010169491525423775,True
sh.601225,2023-04-04,-0.03994082840236703,stop,0.11111111111111188,0.8215610541791843,6.423,1.8960096735187402,1.8709557451047811,2.087794882076882,-0.005368472425573367,1.050477489768078,1.4412357068103576,0.5579766262332091,0.8392857142857134,-0.044642857142858726,0.9228701700057024,0.08832976445396157,-0.12067474048442917,0.03221984810340796,0.027463518609608144,0.1151079136690638,False
sh.601231,2020-06-24,0.08207368918280608,tp,0.10851643137470973,1.0027924028206794,7.2854,1.560004420581726,1.7063529728203057,1.8759700706502895,0.058157244669070796,2.175502742230343,2.2675290921709492,0.5493795121455063,0.8992805755395686,-0.1007194244604314,0.8772024241532207,0.2114093214000361,0.04693660385143694,0.11452729373490682,0.039014207473731195,0.3840583238221369,True
sh.601231,2021-06-28,-0.06242774566473998,stop,0.23741007194244615,0.9337093329118327,7.2158,2.0103492884864136,2.6563305927556824,3.1607647614135983,-0.14361766314061108,1.4165563803724976,1.449506338350009,0.6715318783775786,0.9459459459459486,0.17117117117117328,0.9952122688637093,-0.0011023652707053966,-0.07334265394005124,-0.030148931257799622,0.02913552581766896,0.19596104402025813,False
sh.601231,2021-12-27,-0.06416464891041156,stop,0.12149532710280406,0.49499367270215916,8.2129,2.0381861575178983,1.5776785792428312,2.4748347896987655,-0.04797687861271693,2.4581395348837254,3.3251701825949094,0.6428314507216066,0.9836065573770499,-0.016393442622950016,0.666334166487707,0.13762102351313965,0.014180024660912505,0.11432877779471284,0.0384802431610942,0.1696750902527081,False
sh.601233,2020-01-03,-0.030303030303030134,stop,0.397435897435898,0.8711209283623018,6.1922,2.2851782363977438,2.351759591425413,2.4692099587902643,0.04044630404463034,1.1869565217391285,2.1131972875065332,0.6480785764119303,1.080459770114944,0.13566011739614553,0.96552873854146,0.16034138133754983,0.09927078231978403,0.14851354743219022,0.023717474095515247,0.6549770286337584,False
sh.601238,2021-10-18,-0.06906392694063941,stop,0.2650019476753918,1.0164501617594652,8.0,1.5002211470611067,1.7852116776033469,2.053746552910655,-0.1618335010060361,0.7806372549019627,1.2059852609077912,0.5816403325425068,0.8769230769230772,0.11538461538461528,0.6716774870379949,0.22090348141116323,0.6071605040597019,0.2524932913716519,0.05833046274349049,0.1195871041975524,False
sh.601279,2023-09-01,-0.02380952380952367,stop,0.11111111111111269,0.5126138802503426,5.4307,1.4736842105263164,1.1301322950034416,2.091191954564304,-0.12713178294573646,0.8270042194092886,1.9602169777221772,0.8394815925922318,1.1538461538461504,0.8076923076923077,1.0212566664013565,0.2505353319057817,0.10661280806063611,0.10635250024539171,0.036244292237442924,0.04819277108433796,False
sh.601311,2020-12-28,0.04645093945720257,tp,0.2896174863387984,0.9298541282616388,7.7703,1.8064516129032293,2.3768967926403994,3.1176195039236014,-0.006230529595015577,2.606896551724142,3.031861551468123,0.5485334271467619,0.7777777777777787,0.11111111111110925,0.9491961415097908,0.274768824306473,0.37110457161525834,0.17191438328900854,0.03927461139896371,0.27433628318584086,True
sh.601311,2021-08-30,-0.049125168236877494,stop,0.09655172413793113,0.7328104516088958,7.9646,1.5744211686879857,1.7454959438006652,1.8759549518272742,-0.003403675970047537,1.3275862068965543,1.5549352502764366,0.6606278879714603,1.2156862745098023,0.25490196078431177,0.9368466305319267,0.192295335489703,0.351977746492788,0.24471248531800574,0.0474496644295302,0.16944444444444443,False
sh.601311,2023-03-27,-0.03787103377686787,stop,0.3061224489795899,0.5905234492783128,6.9119,2.487106017191975,3.3899279111045173,4.868027017879493,-0.006217616580310947,0.929889298892986,3.328855140978924,0.3709615203423143,0.8064516129032244,0.1935483870967756,1.0072234638018283,0.1972872996300865,0.086129753914989,0.0963183199570959,0.02385856505320972,0.29629629629629656,False
sh.601326,2022-05-30,0.04370629370629371,tp,0.09090909090909305,0.8621409715240639,6.25,2.034188034188035,2.6436970927500396,3.2198863031239084,-0.052459016393442526,1.7099236641221316,1.5930008342895225,0.4568105005941648,0.8823529411764677,-0.11764705882353227,0.8447531310845714,0.010563380281690238,0.09125475285171092,0.034234234234234155,0.0305458768873403,0.31707317073170843,True
sh.601333,2024-01-30,-0.07291666666666656,stop,0.11111111111111016,0.8840803051154826,10.0,2.3636363636363695,2.1281848428447803,2.5925159932593207,0.03846153846153855,1.6923076923076918,2.268815195787713,0.8365963729254217,0.7307692307692304,-0.26923076923076966,0.8278641267721591,0.09022556390977421,-0.13946587537091992,0.03108056057598289,0.03310344827586204,0.17857142857142824,False
sh.601336,2020-08-13,0.11380020597322361,tp,0.3241657374646136,1.0432732615529228,7.4418,1.7869955928718246,1.4588285685640445,1.8632648229675768,-0.015173954482393781,1.2976415094339622,1.7555698420067785,0.6820363918294852,0.7101769911504413,-0.06637168141592993,0.8667110189244627,0.33592422106851294,0.28461925845013614,0.28719566067896524,0.05271979615020798,0.16706050366967717,True
sh.601336,2021-10-13,-0.023781492818459777,stop,0.36465324384787623,0.6999141193848448,5.0299,1.3845089903181187,1.8568638746081476,2.607922549991469,-0.07615138656881504,1.7454780361757087,2.5484004426915696,0.6328736244701011,1.202797202797202,0.20279720279720212,0.6727634392022199,-0.008345605880134555,-0.0586499918832184,-0.02959875208249563,0.025492504512989577,0.05806451612903308,False
sh.601336,2023-07-06,0.08919469928644269,tp,0.35329341317365537,0.6979133701275975,7.6965,2.2260079500284013,2.013926909959258,2.470884568544207,-0.08669735756108132,0.926523481656572,1.5920371402368176,0.5333205421677999,0.8357142857142849,-0.06428571428571292,0.831995377280457,0.2481763355728397,0.2629689442903911,0.16004201597438653,0.02852072158901619,0.19241192411924157,True
sh.601336,2024-09-04,0.11018775007694664,tp,0.23456790123456694,1.0131199955665744,9.6913,2.3905429071803805,4.50347820108756,5.759085668068759,0.041597285576814746,1.4945255474452475,1.7148243974311197,0.45729937217735384,0.7538461538461566,-0.24615384615384342,0.9019536741205048,0.07899904757525777,0.03726795817336814,0.07411552817318738,0.02415225062853615,0.4153794286911268,True
sh.601368,2022-04-07,0.026548672566371844,tp,0.20000000000000098,0.3226706211316098,5.3309,1.2923076923076995,1.2921074090599693,2.914753492219044,-0.09335443037974667,2.5000000000000013,5.660453717750647,0.4457020745569456,0.7333333333333317,-0.26666666666666833,0.6158780138143674,0.01618705035971235,0.08863198458574173,0.06556861758974035,0.03923303834808259,0.04635761589403969,True
sh.601369,2020-12-02,-0.03085553997194958,stop,0.2413793103448277,0.8709419603641975,5.0946,1.8499999999999963,1.8961668208072249,1.9799699522359313,-0.00687757909215958,1.6231884057971029,2.820705651983972,0.7775209209984923,0.8108108108108137,-0.1891891891891863,0.7595914828083359,0.04227405247813398,0.18968386023294492,0.06299944248280996,0.0261072261072261,0.3865030674846641,False
sh.601369,2021-07-14,0.08023648648648629,tp,0.07317073170731583,0.7023354413427276,6.7584,2.4108761329305106,2.065767526044322,2.5167930636869627,-0.08356504202880433,1.566786633332424,1.2153832589096878,0.8150918789836971,1.0526315789473717,0.31578947368421456,1.0055268245691324,0.1024654127343616,0.019780506779284446,0.055786360314253804,0.03344914288039192,0.2807881773399016,True
sh.601377,2019-08-22,-0.035034160095017294,stop,0.3230769230769258,0.8297995711782942,5.3068,1.657894736842107,2.4949321928652926,2.7474594745670924,-0.09025787965616061,1.5151515151515147,1.5313091282779197,0.48188422728183133,0.8148148148148147,-0.18518518518518534,0.608094265062869,0.01123595505617958,-0.07894736842105265,-0.04974986802081506,0.02354497354497353,0.18620689655172554,False
sh.601377,2021-04-22,-0.10386740331491728,stop,0.28767123287671137,0.8583687102356105,5.4147,2.0914634146341506,2.9784204724378953,3.801169995675535,-0.05572755417956632,1.037037037037043,1.632052665968699,0.4472902477991436,0.8571428571428535,-0.04081632653061177,0.9791488062961744,0.053056516724336866,0.13571363186559227,0.06159016220947442,0.026980649872216156,0.24999999999999956,False
sh.601500,2020-07-09,-0.03405572755417959,stop,0.09523809523809242,0.8654597772280823,7.6923,2.705314009661834,4.349803367299002,5.77511501552568,0.03087669218459399,0.9333333333333338,1.7640169733537012,0.645611685266724,0.9000000000000011,0.025000000000000425,1.0047851858694792,0.06632915148459873,-0.005411647697851407,0.08827103571056555,0.022772091427437278,0.2783210009337526,False
sh.601519,2019-12-05,0.08471867007672652,tp,0.051282051282051426,0.5832483997684229,8.815,2.4090909090909114,3.571298827038744,5.37478846164958,-0.2808022922636103,0.8638297872340462,0.9898716949392515,0.5641825662558245,0.7547169811320779,0.3207547169811312,1.1083540116539505,0.11271676300578037,0.15097159940209237,0.06959299902764278,0.036969696969696965,0.14056224899598438,True
sh.601519,2021-05-19,0.0661057692307692,tp,0.2857142857142834,0.8789577279749574,10.0257,3.6791808873720107,5.459798631308161,7.2612131062578555,-0.04143337066069419,1.1529411764705852,1.463460847932443,0.5640560230160424,0.7142857142857136,-0.20779220779220786,0.831562874765567,-0.004739336492890933,-0.17644229700537306,-0.05970003926603969,0.02547619047619047,0.1355932203389829,True
sh.601566,2021-10-12,-0.0673575129533678,stop,0.35313531353135297,0.5460240938349374,6.0503,1.5931034482758597,1.6403614054006792,2.3839404299745706,-0.20408163265306123,1.4898278560250358,1.4165572915109295,0.2699011388324169,0.7777777777777795,-0.15151515151515205,0.5934412736453104,-0.09064155385520889,0.4903206189995526,0.10968859218132333,0.047680690399137034,0.0013351134846465603,False
sh.601567,2022-12-30,0.06902985074626847,tp,0.1299435028248585,0.7546051542396771,5.4742,1.4757834757834714,1.3770608615044397,1.8420940306266596,-0.07878787878787885,1.2966714905933459,2.0358506128032863,0.5308514130796046,0.729729729729732,-0.27027027027026795,0.6500174975132188,0.17832167832167856,0.11589403973509937,0.05908233815210567,0.036770524233432224,0.1252955082742316,True
sh.601595,2020-04-22,0.04157386785449145,tp,0.1982758620689656,0.6001465251324631,6.8538,1.3543123543123536,1.898715748597553,1.9286125681647277,-0.17316293929712456,1.167947310647639,2.5398868936756758,0.4963757442099238,1.1927710843373507,0.6265060240963874,0.9595014175449686,-0.09845947756195572,-0.06565751284363464,-0.013135203503901637,0.04593858345715702,0.17443868739205529,True
sh.601595,2022-04-15,0.02844744455159115,tp,0.09554140127388497,1.0106365541920173,5.9296,1.738947368421054,1.7214578243812872,2.1829343704677857,-0.12312811980033267,1.3720508166969152,1.2990844728309119,0.719488662965982,0.7627118644067805,-0.23728813559321946,0.6054631905691683,-0.050228310502282936,0.0186092066601371,0.004685311307539895,0.03650641025641027,0.07909604519774029,True
sh.601595,2022-05-30,-0.041626331074540064,stop,0.006451612903225866,0.6778633024420339,8.7527,1.992606284658044,2.6382714794358484,2.8364726482529212,-0.09800362976406529,1.408945686900956,1.736312851878659,0.5989862144232344,1.0519480519480524,0.4805194805194827,0.9663540087038714,-0.011505273250239645,0.03931451612903247,0.0010275662861167502,0.04151309408341413,0.3482587064676615,False
sh.601595,2022-12-02,0.027001862197392857,tp,0.09316770186335406,0.9357811201156526,5.1653,1.4449541284403629,2.370931529814079,2.5305175516186864,0.009920634920634885,1.3784615384615422,2.347242897201488,0.6871539355808051,1.0,0.7777777777777791,1.1123543861279703,0.11310782241014805,0.08444902162718826,0.10506707711682108,0.02874327318771765,0.42545454545454653,True
sh.601598,2021-07-12,-0.04307116104868912,stop,0.07246376811594184,1.0038958569160819,6.8687,1.5806451612903236,1.9540944800006215,2.0483239137793796,-0.011214953271027839,1.30232558139535,2.0164414554979664,0.8025680560135213,0.8285714285714308,0.11428571428571278,0.8690605675908084,0.16630196936542663,0.260047281323877,0.15149878476910605,0.0357098186366479,0.38271604938271586,False
sh.601598,2021-08-30,0.06873727087576391,tp,0.015873015873016268,1.0429171708733083,5.8315,2.0543478260869645,2.3364038995955654,2.4085432543273515,-0.10193032015065884,1.2513966480446945,1.2554616732756583,0.6799469311570536,1.0740740740740695,0.18518518518518112,0.9992882886264789,0.11414659530181392,0.13657907708641415,0.05542887634235611,0.030028109844623594,0.20833333333333293,True
sh.601600,2022-09-13,-0.07613168724279847,stop,0.06666666666666625,0.7393088176526231,7.8775,2.6599999999999993,3.74606887638044,3.9345373392079583,-0.04385065262895149,1.5969384173435892,2.5743185105456203,0.487688140346339,0.8684210526315783,0.05263157894736816,0.946582825674386,0.025215352742340214,-0.16679822502880048,0.010637938764111865,0.02633660382709814,0.2300494064619267,False
sh.601600,2024-01-30,0.06991150442477864,tp,0.2727272727272731,0.9620603883671021,7.0209,2.1162790697674434,1.9211881000211426,2.2953581420233964,-0.1132075471698114,1.4860335195530665,1.4891346243154655,0.858505976955107,1.102564102564103,0.10256410256410306,0.7575356904292584,-0.03236797274275982,-0.09370008927937024,-0.029187920144905392,0.028403755868544607,0.019108280254776577,True
sh.601601,2021-05-19,0.03479419603198096,tp,0.12105263157894815,0.7943570347933367,5.4726,1.9171974522292983,1.6862179918120597,1.8835351815579962,-0.28044123886296146,1.1254019292604522,1.3585553895577938,0.5483038818459529,0.9069767441860431,-0.09302325581395687,0.6420716679286443,-0.17918794067590582,0.020249845992557525,-0.10608779933295544,0.027813981042654062,0.11316397228637476,True
sh.601601,2021-10-13,-0.0535405872193438,stop,0.15999999999999948,0.8609001928800318,7.9587,1.645784996133023,2.3381004637714318,3.0856336076307986,-0.004755434782608647,1.589063794531895,1.9472981384063024,0.5437805070056194,0.874999999999998,-0.12500000000000203,0.8161072884060284,0.06047358834244054,-0.11963228410596838,-0.0071703622765219525,0.030287415550211798,0.07673267326732706,False
sh.601606,2022-04-13,0.06125226860254083,tp,0.174311926605503,0.6826174477171767,5.7971,1.5794871794871765,2.4760255693514037,3.7783764913940576,-0.1924778761061947,1.0470914127423794,0.9838427177778031,0.6575393701586245,0.9545454545454491,0.1363636363636362,0.9678150746376478,-0.07478991596638651,-0.058974358974358876,-0.07093834383438341,0.03660308810172573,0.06875000000000009,True
sh.601608,2024-04-08,0.061797752808988846,tp,0.1538461538461553,0.7189610916413497,5.1765,1.8666666666666711,1.843265898614462,2.151371714563339,0.004494382022471877,0.8917197452229375,1.3287818277764343,0.6937135212792019,0.8181818181818148,-0.13636363636363172,0.8715706179841335,0.13554987212276237,0.19676549865229132,0.1432985708767866,0.028603603603603554,0.16504854368932156,True
sh.601615,2022-05-24,0.09957541447634431,tp,0.2574850299401192,0.753404597557567,7.1924,1.82407407407407,2.080444303505413,2.232775097374986,-0.12393767705382441,1.3615384615384651,1.3737428149588535,0.7030711684737179,0.9847715736040619,-0.01522842639593812,0.8328498755221081,0.02361226180613074,-0.2641453245979749,-0.011194589781810526,0.04664778092540131,0.29927007299270075,True
sh.601615,2022-10-17,-0.04496402877697848,stop,0.18518518518518545,1.038109897783311,8.4426,1.704797047970482,1.7711858207075724,1.8430790550777036,-0.2645914396887159,1.3425925925925926,1.6153183802485067,0.7657657417608844,1.0101010101010097,0.5959595959595941,0.9922790593436787,-0.2080229226361031,0.21041046205716318,0.0087473675757494,0.04383743367100818,0.012558869701727095,False
sh.601615,2023-06-20,-0.047674418604651145,stop,0.312211424588448,1.0309039059281635,5.3659,1.6631484376329648,1.7381466862454715,1.6225272033237879,-0.2353303663129066,1.3584651239097285,1.6329413463603195,0.5766869878401832,0.8522727272727256,-0.1477272727272744,0.44475770814862536,-0.2130257462932854,-0.3037459534417659,-0.2293088796369533,0.02799609231057688,0.24192700748870286,False
sh.601618,2022-02-10,-0.03827751196172259,stop,0.19999999999999962,0.9716260803823463,10.0817,1.607407407407406,1.9450231767065316,1.886917378843135,-0.05164319248826299,1.5200000000000002,2.5479983976647196,0.7410545408092217,1.2258064516129041,0.5806451612903223,0.9028922037559097,0.12234042553191471,0.14673913043478226,0.010637236314287398,0.03593996840442342,0.1470588235294115,False
sh.601628,2020-04-22,0.03304751697034648,tp,0.12162162162162232,0.7461071123216271,5.8469,1.9804134929270902,2.602281837260475,3.7662916559484727,-0.19942938659058496,1.0452054794520582,1.3140062955691427,0.41701852821273544,0.8153846153846173,-0.09999999999999787,0.9305743534962632,-0.18285547103569333,-0.084566526877621,-0.11178026190831011,0.031387993794008855,0.3243606998654112,True
sh.601628,2021-09-06,-0.04166666666666667,stop,0.03486238532110147,0.8642125648665646,6.8655,2.0437235543018404,2.462680912195043,2.403275132376659,-0.1252472145572986,1.5110132158590233,2.075800156006156,0.5791030593452567,1.0531400966183548,0.11111111111110906,0.9690313151098158,-0.04779330717340502,-0.0031913589712162516,-0.013627457301301188,0.03263553408480945,0.28411633109619616,False
sh.601628,2022-11-09,0.07633265856950071,tp,0.3558718861209968,0.9645791309615487,5.9331,1.6649145860709602,1.5451163492453068,1.7197987006969522,-0.0977029096477795,1.3204247345409108,1.3880080245305777,0.40881387281507836,1.132596685082872,0.13259668508287195,0.5824124240720869,0.12970711297071125,0.21194468738286898,0.04651782897541956,0.035443322109988795,0.19122257053291608,True
sh.601633,2020-02-20,0.07936507936507925,tp,0.27941176470588175,0.8575576493060734,8.6575,1.6788008565310468,1.95992579867277,1.962595154544535,-0.1226906693087485,1.1840110708551552,1.6242956113581866,0.5600273445196066,0.8214285714285728,-0.10714285714285701,0.7138318131611037,-0.1023956447017843,0.022479158591784287,0.0001978296251785022,0.03298070539294677,0.060606060606060934,True
sh.601633,2021-09-01,-0.04938271604938271,stop,0.12756756756756749,0.9488742703184663,8.0474,1.2644343891402723,1.3407719215461296,1.515172265380086,-0.03449862005519777,1.2498104624715707,1.3662993818781743,0.6941054946962972,1.3907815631262523,0.39078156312625223,0.8793828982632592,0.6340297004782283,1.1125935567849008,0.5341261542278856,0.06656397617580613,0.09315491507977369,False
sh.601633,2023-05-15,-0.053721910112359474,stop,0.33066132264529047,0.6386652734778754,6.7496,1.4923439340400484,1.570882420875251,2.125787991772431,-0.21295524047817627,1.8930163447251087,2.7683800990356238,0.4855654196968078,0.7016574585635365,-0.09392265193369881,0.6485192840745666,-0.1415497254423428,-0.06759443339960225,-0.05667018655403016,0.037822790807865415,0.12703101920236332,False
sh.601636,2019-11-07,-0.03002309468822166,stop,0.22448979591836649,0.7217268916972329,6.1728,2.06711409395973,2.082669866273435,2.3843954627452284,0.04622871046228716,1.0838709677419314,2.724652771443476,0.4881004714670596,0.9090909090909098,-0.0909090909090902,0.887591307927324,0.27380952380952395,0.19050768333009138,0.15789939183511983,0.024610591900311538,0.4260869565217398,False
sh.601636,2021-06-28,0.060876623376623334,tp,0.15249218865138223,0.9511885025543947,9.9278,1.958632021654417,1.7997773580173146,2.008557700211089,0.014767745642092711,1.0270270270270265,1.1272896184574726,0.6066525161588131,0.8447204968944099,-0.006211180124222131,0.8782342495148786,0.42516990751664374,0.38287999928172867,0.29927946374532827,0.0411678129232996,0.2783423156384902,True
sh.601636,2023-02-23,-0.04616724738675958,stop,0.3306122448979586,0.9233966778328869,6.6298,1.6633663366336628,1.541776600110585,1.6388922710653697,-0.0988326848249027,0.8993055555555621,1.867334818195513,0.4700241134609897,0.7361111111111129,-0.13888888888888806,0.4509138358275887,0.23308270676691745,-0.03367003367003363,0.08400742815775396,0.03754355400696867,0.19745222929936235,False
sh.601665,2024-05-16,-0.031189083820662808,stop,0.32467532467532373,0.8616688311351748,5.3942,1.7416267942583772,1.6859621691737907,1.6303816477628625,0.04526748971193406,1.4358974358974315,2.4319242736162785,0.6142525014065465,0.7692307692307666,0.1538461538461518,1.0026937231754824,0.19347319347319325,0.3094629156010227,0.2148054413160392,0.02636718750000001,0.3825503355704691,False
sh.601666,2022-08-11,0.0858059342421813,tp,0.011111111111111419,0.9488074848142936,5.6522,1.4161849710982655,1.5059810706030103,1.5364331038689296,-0.2702702702702702,0.799347471451876,1.546920360250151,0.5921453310585814,1.228571428571428,0.342857142857142,0.8282337642968126,-0.058406270085998524,0.19078840751944703,-0.0786317978928498,0.044713478611783715,0.03333333333333327,True
sh.601668,2023-04-10,0.06290584415584427,tp,0.30337078651685506,0.6889346530148841,5.2991,1.4662162162162176,1.6871644092086067,2.007777761026421,-0.05810397553516822,1.0632911392405073,1.92389636130489,0.38663338131140673,0.8387096774193542,0.032258064516128504,0.7501621271244914,0.11775362318840576,0.19805825242718433,0.11207906515665836,0.032252836304700175,0.146666666666667,True
sh.601669,2023-04-18,-0.031088082901554206,stop,0.09333333333333496,0.6073151791886938,6.1392,2.0909090909090877,2.501959585037836,3.711983411819626,-0.04539877300613493,1.0204081632653035,1.3537475422900207,0.5478182143965669,0.9565217391304345,-0.04347826086956549,0.8545010547229548,0.11174785100286533,0.018372703412073532,0.06393674877747829,0.031228522336769756,0.04000000000000019,False
sh.601677,2020-10-12,0.05769230769230772,tp,0.12345679012345814,0.8849231422785317,5.7252,1.6912751677852338,1.6750011437896157,1.9332298974828632,-0.06339814032121727,1.3233830845771088,1.155948648427574,0.8082868012121411,1.1481481481481506,0.31481481481481555,0.8986106325696566,0.1306532663316584,0.11317166253854327,0.12470715069056944,0.028177777777777795,0.09677419354838707,True
sh.601677,2023-07-28,0.05942622950819663,tp,0.270142180094788,0.7014659471229073,10.0233,2.772277227722774,4.147973098255868,5.2086182747377645,-0.013240418118466879,1.3951890034364274,1.5438184949509453,0.5413070217520916,0.8999999999999988,0.1500000000000003,0.9287368528868891,0.04785416925992014,-0.3010943798872717,-0.044983385929892865,0.03152022315202229,0.09623430962343103,True
sh.601678,2021-11-24,0.009411764705882163,timeout,0.024390243902438852,0.8296784022225656,9.3872,2.144680851063833,2.184450794764188,2.756511512834418,-0.4091549295774647,1.468911917098446,1.300508225940604,0.606973951680377,1.1666666666666665,0.20833333333333307,0.8967649804603041,-0.16682926829268285,0.25958702064896766,-0.04058418761409927,0.04855581576893051,0.1742243436754175,True
sh.601689,2019-12-02,0.11966738973246577,tp,0.26399999999999924,0.9205403341531745,9.7978,1.7537473233404741,2.416114229319775,3.130939154517702,0.010014306151645336,1.2046169989506819,1.690308581530246,0.34258422144501677,0.8888888888888878,-0.11111111111111213,0.8448361300064741,0.26149684400360673,0.4555981433532452,0.24349928418218558,0.045913747915177494,0.20672268907562985,True
sh.601689,2020-06-24,0.14678899082568803,tp,0.09216589861751188,0.9423239506708333,9.9918,1.9066147859922205,1.6299725974116899,1.8042844118866241,-0.004062038404726742,1.278223318938929,1.3156562467250426,0.5203392014414319,1.1142857142857139,0.11428571428571398,0.9047795737857086,0.6615853658536586,0.5056231979242973,0.24147470906362337,0.04560244648318042,0.2601260126012596,True
sh.601696,2022-08-16,-0.02983506082423028,stop,0.3125000000000009,0.7963589786798891,5.2545,1.555555555555559,2.3212435347690503,2.475754159154704,-0.18963337547408343,1.3432835820895541,1.6121217289446745,0.5444267395158643,0.8749999999999992,-0.03571428571428411,0.8021025821153597,0.013460015835312644,0.058726220016542596,-0.002273465410847639,0.02526041666666667,0.06709265175718894,False
sh.601699,2023-11-30,-0.029558890404729227,stop,0.26966292134831704,0.9158614802595668,6.2106,1.5860566448801692,2.0908655346973815,2.3895843473796896,0.04238095238095241,1.5501730103806222,2.1455874918633024,0.4696050751830162,0.8942307692307685,-0.019230769230770408,0.8917891052788801,0.34336609336609314,0.3069507290891529,0.2261086928603058,0.02734339277549154,0.46165884194053186,False
sh.601702,2022-12-30,0.057046979865771785,tp,0.2444444444444442,0.7640692271068275,9.9855,1.9739696312364448,2.4102882683554685,3.400356258143828,-0.19320594479830155,1.1764705882352995,1.3990154384812923,0.62821616946597,0.7076923076923081,-0.19230769230769182,0.7347640801636881,-0.1267523364485983,-0.015151515151515138,-0.11428839441320378,0.041270903010033416,0.08082408874801923,True
sh.601702,2024-12-10,0.0842028985507248,tp,0.22957198443579815,0.9353732828689932,7.1429,1.6479166666666691,1.926680768667655,2.3710097941457158,-0.19114106884930193,1.1228426395939108,1.7646801536017547,0.5405290068980843,0.9557522123893792,0.27433628318583797,0.9274632208321439,0.16791808873720138,-0.10345573439877642,0.030209493191340316,0.03674264562633936,0.01931649331352127,True
sh.601717,2020-10-19,0.0364238410596025,tp,0.10280373831775652,0.7050177216777944,8.5427,1.629733520336603,1.656280225170065,2.365475287590865,0.022727272727272707,1.283456269757641,1.6363680403259764,0.5117779227497038,0.7831325301204806,-0.21686746987951938,0.8847756357612027,0.6542056074766354,0.988142347460875,0.5461021877678449,0.05332705586942877,0.19561243144424095,True
sh.601717,2023-12-14,-0.026208026208026085,stop,0.0896551724137952,0.8199829207872332,5.7391,1.6227272727272677,1.9869936799643269,2.389224671576094,-0.09321401938851592,0.9722222222222284,2.7276316908322844,0.48416319087690696,1.0980392156862755,0.17647058823529735,0.8969537542904968,-0.040720438527799385,0.014913007456503813,-0.001684233402151381,0.02557823129251699,0.008219178082191176,False
sh.601718,2020-03-04,0.0691823899371071,tp,0.3478260869565218,0.9874460327542727,10.0233,1.9127906976744187,1.9506065924311913,2.4745124468950697,0.012875536480686511,1.1957295373665506,4.151624340593089,0.6802767697890184,1.021276595744683,0.02127659574468288,0.8659736407031328,0.5110452261888228,0.17068602920074638,0.3203523428168306,0.05947850599013388,0.13513513513513536,True
sh.601718,2022-07-25,0.03582089552238808,tp,0.03703703703703745,0.9153052053755817,5.6426,1.3125000000000013,2.142486326588052,2.030512731976161,-0.031609195402298784,1.229729729729725,2.1391411095337793,0.5303629121657141,0.777777777777778,-0.22222222222222193,0.8343891153288174,0.37037037037037024,0.14432989690721643,0.13047414280864558,0.03693693693693699,0.2366412213740455,True
sh.601727,2020-07-09,-0.050761421319796926,stop,0.31372549019607665,0.6922002735850117,8.785,2.371335504885993,1.904147177658068,2.6211102549738636,0.07182320441988943,3.5209580838323453,6.44094546878613,0.6781449583177912,0.8461538461538463,0.23076923076923145,1.0114756610522706,0.2665245202558635,0.15339805825242703,0.23402929261452157,0.03468013468013465,0.4782608695652169,False
sh.601800,2022-01-11,-0.07480748074807488,stop,0.13333333333333328,0.6790710213167155,6.933,1.9418344519015645,1.6292504339960174,2.209199248479523,0.040000000000000036,1.219917012448133,2.429877578482691,0.6747320829499477,0.9838709677419369,0.032258064516129295,0.8962007434015471,0.18750000000000022,0.4430379746835442,0.18850589691796443,0.035233918128654965,0.3417721518987342,False
sh.601800,2023-02-23,0.07483731019522767,tp,0.01298701298701332,0.9099031740981657,5.5745,1.4583333333333313,1.6429168179068288,1.7721761869178132,-0.05977710233029376,1.8762886597938189,1.96483867587291,0.6943864204098484,0.9111111111111131,-0.08888888888888695,0.7750673570345151,0.07692307692307687,0.16962025316455676,0.14454411263767464,0.02792207792207792,0.26647564469914015,True
sh.601808,2019-10-30,0.04707903780068724,tp,0.2039473684210535,0.7344000846259627,7.3574,1.519630484988454,1.4828183936243748,1.5960470004054457,0.022158684774839177,1.8728476821192082,1.6048774625569946,0.5611786288130751,0.8723404255319142,-0.12765957446808585,0.8179781808024542,0.3727008712487898,0.5572846912673184,0.3126674993067616,0.04174894217207333,0.35315985130111577,True
sh.601808,2019-11-21,0.041201982651796816,tp,0.015772870662460713,0.769185412918986,6.9736,1.4471910112359547,1.4531286201678015,1.612467585696792,-0.007537688442211032,1.519630484988454,2.5812240811909732,0.7041104602554278,1.1630434782608692,0.19565217391304185,0.8665634676131257,0.572834645669291,0.7397873204769756,0.3758894459747737,0.03990404672507297,0.39233038348082533,True
sh.601808,2022-03-01,-0.04980192416525184,stop,0.12110726643598561,0.8540062445917681,8.7891,1.6350364963503643,2.632062622237581,3.0516397699068003,-0.015321154979375362,1.699885452462768,2.5403142864234187,0.556449105094413,0.8281249999999984,0.09374999999999954,0.8759414579416976,0.24206642066420647,0.30061823802163823,0.12518176398816638,0.046761734997029125,0.33108866442199736,False
sh.601857,2022-01-12,-0.027573529411764885,stop,0.2432432432432467,0.9737235216741758,5.8233,2.366197183098587,3.1925168777009825,3.638555058950088,-0.13322368421052644,1.107913669064742,1.6318033200810829,0.5365560328026389,0.8750000000000046,0.2500000000000046,1.0527810454196052,-0.10570469798657711,0.13079916543591907,0.054558429459673784,0.020762976860537852,0.4159292035398238,False
sh.601857,2022-02-10,0.057272727272727336,tp,0.2195121951219523,0.877801659987954,9.1633,1.292993630573245,1.7181053447881856,1.7939592016484236,-0.017921146953404854,2.366197183098587,3.1925168777009825,0.533602558455644,1.0,0.13793103448275626,0.8261478329776184,0.13814432989690717,0.24333607108190836,0.06939865146010056,0.030434782608695667,0.20454545454545423,True
sh.601857,2023-04-04,0.061274509803921524,tp,0.03636363636363633,0.7065969332605075,6.9519,1.44329896907216,2.272354129786723,2.4028478821991213,0.0016694490818029983,1.8383838383838338,3.6192954101987866,0.4896058103600356,0.7333333333333333,0.5666666666666684,1.1206845441714564,0.2315369261477047,0.17077798861480087,0.18282318359000577,0.02712047541869262,0.21285140562249028,True
sh.601857,2024-07-03,-0.046313799621928185,stop,0.007752526210619321,0.8687702595840474,6.5015,2.537383700735187,1.5743852004902399,1.7740998887870123,-0.044993372480033766,1.0370370370370396,1.4284280676052235,0.604376781075945,1.1803278688524574,0.4098360655737729,1.025691051043353,0.0861691512651348,0.5323292842210683,0.16324815493671416,0.02325039572088232,0.2814969478765377,False
sh.601865,2024-01-15,-0.04237288135593229,stop,0.03499079189686966,0.9945831214322993,7.3248,1.5555555555555542,2.2428787898821563,2.118041995523463,-0.053518453727012916,2.4551831644583,3.1643983471966672,0.5920220153108812,1.1336898395721946,0.1336898395721945,0.8329865461683971,0.027447630816947344,-0.19720329810765858,-0.03718614968428772,0.03435011637878233,0.2742230347349182,False
sh.601866,2020-08-06,0.03301886792452832,tp,0.16365238185136174,0.5116057702822856,5.3659,1.4450513941590872,1.4034974438338346,1.9895148119485893,-0.029412374912689443,2.138888888888891,3.753104353625149,0.5994215359140108,0.7272727272727264,-0.2727272727272736,0.7044091592255706,0.13750441779611577,-0.016907946610596913,0.06975484901459618,0.03622086501308737,0.10118103567743975,True
sh.601869,2021-03-03,-0.04918032786885253,stop,0.3597122302158294,0.9213452933033544,7.3414,2.272497897392765,2.6659942671520582,3.2434002083321647,-0.16897127321797323,1.2537313432835784,1.5976729245559491,0.37903521676587054,0.7564766839378237,-0.18652849740932603,0.8045450584000288,-0.15727596934822685,-0.23364617728646175,-0.12143557237679721,0.03144421629021216,0.07749999999999979,False
sh.601869,2022-07-12,0.03700159489633182,tp,0.08823529411764722,0.9944940395505883,7.3269,1.7340182648401823,3.2989820315121516,3.6239261877207416,0.013265950726468745,1.1771019677996477,1.624472572791624,0.6128983658759319,0.7142857142857147,-0.2857142857142852,0.8041399094005983,0.27886178861788613,-0.018102372034956127,0.11164113708238375,0.03385251112523841,0.25773195876288646,True
sh.601872,2019-11-20,0.03074433656957943,tp,0.03529411764705954,0.6053744013341505,6.4982,1.4498381877022688,1.1822741329584152,1.702724609513389,-0.2091152815013405,0.8262295081967194,1.8408922626788644,0.685175187157398,1.1562500000000013,0.24999999999999903,0.9759148560392127,0.37788018433179715,0.5197688941826513,0.2716029150668607,0.05234113712374583,0.18857142857142858,True
sh.601872,2023-03-06,0.03561827956989243,tp,0.23232323232323096,0.8114614658576325,8.2386,1.7958115183246053,2.1528745735690964,2.816975976597247,0.0311231393775373,1.1666666666666674,1.7697572823485987,0.4213530644653676,0.7959183673469371,-0.20408163265306292,0.8548873264061179,0.23684210526315774,0.07275320970042798,0.0850979401897478,0.03306737588652484,0.25088339222614875,True
sh.601877,2019-12-17,-0.02923310554290062,stop,0.2282157676348542,0.9506956513061406,6.3171,2.11352657004831,4.001838792829799,4.969876581809332,0.05662700041034041,1.0871934604904634,1.7075541147930464,0.5383178564005131,1.368000000000002,0.4640000000000005,1.015297897415421,0.16349977905435242,0.13204346819206214,0.14074243757401125,0.021129256867957944,0.42015503875969035,False
sh.601877,2020-02-17,0.0340425531914892,tp,0.13711151736745947,1.0141203178251994,7.5472,1.6635397123201958,2.781828754265033,2.6336733185742442,0.007779349363507659,0.9621513944223171,2.1275763048495286,0.5985669269360443,0.842105263157896,-0.11578947368420976,0.7821996979910101,0.2278947708792125,0.24464861678469485,0.16943205599956168,0.03432360658253918,0.05971769815418039,True
sh.601880,2024-12-05,0.07530120481927705,tp,0.0,0.5608347315560702,5.0633,1.3827160493827158,1.1038299657990087,1.6813201665711204,-0.08791208791208793,2.0588235294117583,3.408140119205539,0.6173324919025478,0.7499999999999972,0.0,0.7048999904657444,0.3495934959349596,0.2776878070320692,0.21924752999934904,0.040160642570281097,0.16000000000000036,True
sh.601881,2023-06-20,-0.10655737704918022,stop,0.03119684898398058,0.8164738098108604,6.3269,2.1473658610282977,2.478048709652135,2.779494697062446,-0.17085938995104544,0.7300230187438326,0.9156755298217453,0.585465420155323,0.9466666666666671,0.2133333333333341,1.0665527985978147,0.21320722168806516,0.2993140901765188,0.17821286273138942,0.0345207074937907,0.22468397115534228,False
sh.601881,2024-05-06,-0.029339853300733444,stop,0.081967213114753,0.7431347974363436,10.0089,1.8631178707224407,3.3339965479381153,3.7627364250228648,-0.06102212051868794,1.212598425196856,1.2365986512270424,0.6514315799429957,1.0428571428571403,0.042857142857140165,0.8908003976195386,0.019834710743801498,0.0283333333333331,0.026430160743621152,0.029983792544570485,0.051094890510948524,False
sh.601882,2021-03-29,-0.04889807162534439,stop,0.36811594202898573,1.0188890608297405,10.0223,1.4496268656716411,1.9413186060611622,2.2993413249959476,0.027027027027026973,1.26229508196721,2.4264850198707677,0.6638860284678257,0.8828828828828822,-0.11711711711711782,0.8691868138970283,0.21807628524046407,0.20212765957446788,0.1963433752519528,0.050102110279101414,0.21666666666666642,False
sh.601882,2023-06-16,0.0336787564766838,tp,0.012765941255409046,0.6690840635086803,5.1948,1.5236582273795067,1.961109594832287,2.9360357949830207,-0.1376042173512001,1.1655482400240167,1.3278195579299217,0.7948598764098181,1.1104651162790717,0.1104651162790718,0.8741715527788244,0.10982532758040686,0.19958169287106298,0.08298118325124335,0.03858630640861301,0.31391926566156625,True
sh.601882,2024-11-08,-0.028837998303647056,stop,0.14736842105263084,0.8466581223997148,5.1832,1.5853455453788508,1.896759414920744,2.0273786508682896,-0.11537016159338598,2.0511402902557068,3.5883575253102813,0.588369151413686,0.8382352941176494,0.044117647058827064,0.8519015575676622,0.06162843004948271,-0.1325125524823615,0.06375222842633164,0.04389830508474574,0.24644549763033288,False
sh.601886,2022-09-23,-0.04581005586592178,stop,0.23809523809523928,0.7708257318047003,10.0,1.5280235988200588,1.3238845116287699,1.5691683384815294,-0.15700934579439252,1.1351351351351378,1.0436812817189247,0.7029790212105612,0.9054054054054053,0.06756756756756996,0.7184782612337313,0.07337278106508904,0.4470793495229404,0.21546690985787664,0.05913267181183387,0.019900497512437477,False
sh.601888,2021-05-28,-0.025860812268579406,stop,0.3746498599439784,0.7091017881765808,5.929,1.201961193407047,1.3998927633716434,1.6027699079964859,-0.0009422850412251771,1.6806636096656196,1.231208223817919,0.6232914786815562,1.0431348724179836,0.30437424058323487,0.9298405091704904,0.06078999260537343,0.7817121176178083,0.17797067686740875,0.03852275697812891,0.3070529174553533,False
sh.601890,2021-08-10,0.06186006825938586,tp,0.21649484536082472,0.8115621932601248,5.2441,1.4981549815498227,2.4223469491698326,2.2639979516403756,-0.10838468882909447,1.6305220883534142,2.019933040304945,0.5737394922502872,0.7241379310344807,0.1379310344827549,0.8363164698702835,-0.0018312322818024862,0.16387267382161386,0.032081560477569875,0.02986348122866893,0.1,True
sh.601898,2024-01-30,0.10699152542372899,tp,0.2867132867132856,0.9680924564777162,10.0091,2.7403100775193843,2.3409296927904224,2.867936157737135,0.09709618874773152,1.2907801418439708,1.8030970506968313,0.6741006287008745,0.9009900990099022,-0.09900990099009781,0.9153983251777467,0.4324970131421746,0.451573849878935,0.3087614612137974,0.03138726716708366,0.46766169154228826,True
sh.601899,2022-06-09,-0.03811434302908742,stop,0.11111111111111142,0.7949757717006547,5.3698,1.5135135135135154,1.6313749208513455,1.9896093721619659,-0.19442292796281946,0.751341681574235,1.7517566538920726,0.48929197634510035,0.7272727272727265,-0.27272727272727354,0.8411561780077246,-0.08784383318544797,0.0029268292682926855,-0.026123202993628986,0.03712710765239949,0.15789473684210525,False
sh.601908,2022-06-15,0.07007575757575771,tp,0.10416666666666634,1.0315323025712015,5.3712,1.2853598014888348,1.5897517307377083,1.8616821776421892,-0.22979214780600443,1.3365155131264945,2.1562357505215477,0.7461674155455835,0.8108108108108106,-0.1891891891891893,0.7474059551181749,-0.11290322580645162,-0.37794533459000934,-0.1317788667083237,0.040202020202020225,0.28787878787878773,True
sh.601918,2021-08-16,-0.048096192384769636,stop,0.02083333333333239,0.6852941082491976,9.8081,1.4470284237726125,1.9569631280663684,2.4340687396293004,-0.040046599679627204,0.9135244439157862,1.348241090135565,0.5420677256441385,0.75,-0.25,0.8324303773749774,0.35188645046150424,0.7057359240722334,0.26687412485382483,0.05258302392739274,0.10697674418604661,False
sh.601918,2021-08-30,0.028828828828828975,tp,0.2923076923076913,0.8692158641410587,6.9034,1.5602409638554215,1.7506306160624714,1.6336336498165784,0.010281054317751614,1.4470284237726125,1.9569631280663684,0.791762894585825,0.8918918918918942,0.27027027027026834,0.9556240770935702,0.31351607595995623,0.815742810885822,0.32588677829027796,0.04673913043478263,0.31086142322097304,True
sh.601919,2022-03-03,-0.035557986870897236,stop,0.273333333333333,1.0437529808156536,7.8154,1.8581235697940495,2.255997670766749,2.394978455677779,-0.12312312312312323,1.1178188899707906,1.4027778340329613,0.6132290322984311,1.24137931034483,0.8189655172413816,1.1430754633358342,0.08074897600936226,-0.1600727603456117,0.04717582858897728,0.03811586356253381,0.30303030303030304,False
sh.601928,2024-06-17,-0.02719298245614029,stop,0.2647058823529416,0.8935402095398876,5.3604,1.5673624288425054,1.3670234959408352,1.6595447678726598,-0.06710310965630129,1.309941520467832,1.2066010804749623,0.8801555685181123,1.0,0.0,0.7515250927034537,0.017857142857143016,0.10894941634241251,0.09915715215452464,0.03388888888888888,0.1348837209302327,False
sh.601933,2020-03-09,-0.06435137895812053,stop,0.0982658959537578,0.8867161599833229,9.6916,2.6322314049586826,2.092827361461702,2.570648359322356,0.032124352331606376,1.2344086021505336,1.9235501348165407,0.5223753380892683,0.8131868131868121,-0.18681318681318795,0.8911828994915302,0.33377257991922926,0.04704713760504187,0.16741356878678773,0.041164453524004066,0.11049723756906091,False
sh.601949,2020-12-04,-0.034645669291338624,stop,0.39534883720930214,0.9453731040455144,6.9847,2.049999999999995,2.511144059888769,2.252127034558485,-0.014128728414442904,2.4744186046511607,3.7444894107633973,0.6693857328746857,1.0975609756097593,0.14634146341463428,0.9106738038881849,0.022580645161290214,0.17977880019742187,0.1323387848146388,0.025552050473186136,0.627329192546583,False
sh.601949,2021-03-25,0.04249667994687924,tp,0.24812030075187932,0.36935933176488916,7.2961,1.2196007259528152,1.163971290779502,2.033590048247189,-0.11137440758293826,1.143564356435641,2.990071346721116,0.6331785573297397,1.1041666666666634,0.22916666666666446,0.7162582092389267,0.3941678421701089,0.40705294237500844,0.2677139212087214,0.059001314060446786,0.05670103092783509,True
sh.601952,2020-07-02,0.07446808510638298,tp,0.11981200909910222,1.043149239505888,6.6441,2.034616527692886,2.5203379970511266,2.734009375023725,-0.1695390766373912,1.0139275766016826,1.326123863964711,0.44738877055030263,0.9642857142857123,0.0,0.9451622716063529,-0.06613226282100448,0.39006749384689576,0.07748540748141453,0.029425817232966934,0.14984538111535273,True
sh.601952,2020-10-15,-0.04367373153500327,stop,0.3236994219653178,0.8589734285877595,9.1223,1.6340257171117694,1.9902410515891715,2.248865610996386,-0.08516801853997691,1.6050955414012766,1.4154583021228067,0.36228255731882386,0.8050847457627128,-0.19491525423728717,0.9140780424579338,0.3197625106022053,0.5661692710882025,0.307856921683988,0.04260925449871463,0.40669856459330134,False
sh.601952,2024-11-11,-0.0428979980934223,stop,0.021647973663136928,0.8328372163189078,5.1383,1.9240511593208427,2.2423419856711884,2.431528936912673,-0.08366459242330726,1.381578947368421,2.3348307638105696,0.5898172912062479,0.7169811320754695,-0.24528301886792322,0.8098956460671191,0.0932813130370902,0.041209010517178735,0.0986921516149793,0.03583165713362003,0.14223299442090662,False
sh.601965,2020-11-03,0.08665191740412986,tp,0.06227106227106211,1.005072582904752,7.7299,1.6429463171036207,2.4624157476212725,2.3758908699739134,-0.09065934065934067,1.5375722543352635,2.2438163536158338,0.6390536916817305,0.8510638297872334,0.39361702127659426,1.003230977874779,0.17428817946505615,0.5671506191594549,0.25867360106175064,0.03894195444526085,0.310463121783876,True
sh.601965,2021-08-05,0.04064616988014586,tp,0.04663212435233128,1.0200780024806932,8.6306,1.596972086280798,3.1000350888183297,3.1946081033811806,-0.019730010384216068,1.4719297044150734,1.477610427163968,0.5808521669629921,1.0758620689655185,0.22068965517241454,0.9246564379670802,0.09548137261763134,0.2893974940585329,0.16875468578466232,0.04164318332386903,0.30798133719978993,True
sh.601965,2022-12-29,-0.029008438818565505,stop,0.012048192771085466,0.9581697225866964,5.6018,1.6813317479191336,1.591807492714731,1.8342696176339681,-0.10526315789473684,1.1972413793103465,1.4816319768911932,0.5720112001186767,0.7524752475247546,-0.2475247524752454,0.7351229258971715,-0.053400503778337494,0.17109930038084076,0.06631004128271706,0.032020578321802405,0.0500927643784793,False
sh.601965,2024-05-07,-0.04017216642754656,stop,0.25850340136054517,0.9051742450169936,6.0714,1.7853347502656767,2.846546327564839,2.9795439739513934,0.013157894736842257,1.4831199068684544,1.5820193696332578,0.5178294574644338,0.7916666666666682,0.04166666666666512,0.9746043200887907,0.12892741061755109,0.10439851616322193,0.04976387868611612,0.03069417786308382,0.171821305841924,False
sh.601966,2020-01-14,-0.03296703296703286,stop,0.044658794523129014,0.9134842468451725,5.2679,1.4813769337287082,1.8118466517385616,2.09690434913584,0.0046868342564976295,1.0546780072904034,2.0557503960540484,0.4876886578009264,0.7956989247311856,0.06451612903226227,0.9615829421287435,0.11320818205007166,0.2576883929118894,0.13530586318530002,0.025814458955446196,0.22079352653551831,False
sh.601966,2020-04-17,-0.044824399260628416,stop,0.07058823529411787,0.6023287423150904,6.9779,1.9241706161137395,1.963455665704975,2.768524133426905,-0.12878168438266568,1.5339663988312626,1.577729629438207,0.5065426033699351,0.9482758620689686,0.16379310344827772,0.9855187553292701,-0.09473684210526312,-0.003053748557630409,-0.00508462328799624,0.036744186046511626,0.19770773638968495,False
sh.601966,2023-01-10,0.0637576041179221,tp,0.26815642458100636,1.0416718196248316,5.7286,1.392335766423354,1.410502157294907,1.5315979540903144,-0.04493871992737186,0.9206963249516456,1.3980839006739865,0.5653625245805465,1.1559633027522962,0.46788990825688526,0.820100794477882,0.16109913793103448,-0.25329175329175324,-0.002418729530488702,0.037169373549884,0.15608465608465633,True
sh.601968,2021-08-11,-0.03928905519176803,stop,0.006289308176102369,0.8876794963963057,7.0408,1.3315217391304386,2.0920714498320585,2.407668098927462,0.028431372549019507,1.0311614730878205,1.5058130731974788,0.5905203878227867,1.2571428571428571,0.4428571428571421,1.0018799078021232,0.37046550736421957,0.4743167501414811,0.2890080822664641,0.04654320987654323,0.2857142857142849,False
sh.601975,2022-02-11,-0.03902439024390238,stop,0.26666666666666683,1.0460633835331206,5.1282,1.891891891891895,2.2107907804423075,2.464513043173555,-0.03301886792452835,1.531249999999999,1.8124298724594665,0.5416748773653837,1.0,0.0,0.6563601550835083,0.05670103092783507,0.04060913705583746,0.017075288378054318,0.021788617886178866,0.03703703703703701,False
sh.601985,2022-10-14,-0.03650793650793642,stop,0.3548387096774179,0.6431726596084734,7.3379,2.185873605947954,1.8747339364488929,2.695105593444091,-0.08475547275267814,1.415730337078653,2.2755226861409055,0.44115034044892815,0.9761904761904766,0.0714285714285724,0.6608834664738142,-0.03365371641731818,-0.15159361716953523,-0.04131322495758123,0.028322784810126587,0.19318181818181832,False
sh.601985,2024-12-26,-0.03140333660451426,stop,0.16190476190476083,1.0497418627509905,5.9487,2.5659163987138274,2.5031198706717213,2.7467501671834538,-0.1500555011212824,1.4505362235355306,1.4608150411566478,0.4171667129549659,0.7543859649122809,-0.24561403508771906,0.7759595784799281,-0.03660175050929748,-0.05586083147621612,-0.02911687161600929,0.02287914979357809,0.325189942492548,False
sh.601990,2024-05-06,-0.025609756097560794,stop,0.01010101010100866,0.7369599867232246,5.9524,1.4462809917355317,4.048007517705808,4.874417978153811,-0.07612456747404861,1.4271844660194193,1.1425769134042572,0.7482957297234538,1.6400000000000012,0.8400000000000071,1.028608153236661,0.051150895140664954,0.03787878787878807,0.038589102395367246,0.018450932684509338,0.17999999999999972,False
sh.601995,2022-08-16,-0.03306861026117033,stop,0.24422442244224515,0.8405968253955635,5.9454,1.9255255255255208,2.4666043313521238,2.8661238138264475,-0.0888516345347864,1.4807692307692326,1.3792092628519252,0.4093754913834276,0.9606986899563337,-0.03493449781659372,0.7106297621646227,0.15425531914893598,-0.020758122743682494,0.058840033424212825,0.027073732718894017,0.08010801080108043,False
sh.603000,2023-10-09,-0.045000000000000026,stop,0.18537414965986254,0.6774148007818527,7.9798,1.4493691362018772,1.5793902497094583,2.063253268121147,-0.10105263157894728,1.273631840796022,1.3748332670159007,0.5183898295180767,0.8156250000000003,-0.18437499999999973,0.6879066235529314,0.45693362851299213,0.6854693245648453,0.3099105108087983,0.07015503875968987,0.0966824644549759,False
sh.603005,2019-11-19,-0.08627450980392143,stop,0.3766937669376689,0.9592718633401962,8.1814,1.8452459016393428,2.7557141161059544,2.961487071157807,-0.01808387841477488,1.5691768826619985,1.8579699363421573,0.605164076075704,0.7562189054726374,-0.014925373134328176,0.9566110169155256,0.409845132743363,0.42402234636871494,0.27568000400370346,0.037923368641297237,0.46513849092645665,False
sh.603005,2023-03-13,0.15833722559551627,tp,0.15755627009646214,1.047869676407828,6.439,1.9221032132424594,2.0920940653661124,2.696093836442504,-0.03451327433628315,1.4968553459119467,1.8476629610516568,0.6759620714795808,0.7021276595744682,-0.2978723404255318,0.6329675380336724,0.045943304007820096,-0.12688698490412076,0.041518800468845665,0.03168224299065419,0.04043126684636086,True
sh.603008,2019-10-15,-0.04609375000000003,stop,0.11538461538461697,0.8174355078307363,5.0407,1.25951557093426,1.4048814233919342,1.5192594029257092,0.020537124802527673,0.9506172839506211,1.788626917437768,0.7636636008538237,0.7307692307692293,-0.17307692307692293,0.8277365890105816,0.23484119345524546,-0.03678678678678682,0.1477218511450384,0.02894258248895817,0.43448275862068897,False
sh.603008,2019-11-07,-0.0485883125410374,stop,0.33150684931506996,0.9677839693350704,9.6307,2.0976163450624306,1.6845215505137556,1.63482238736673,0.06694855532064836,2.0148367952522253,2.2428419572806146,0.3965086184578746,0.7575757575757578,-0.030303030303031202,0.9443505924780963,0.41385767790262173,0.41651031894934354,0.31573214830305396,0.03357615894039732,0.35389610389610415,False
sh.603008,2023-02-16,0.075,tp,0.07017543859649211,0.8885067571740448,6.4718,1.5917704385489972,1.9517983883793089,2.3600836500098605,0.01854493580599148,0.8674454037582507,1.8794882659785026,0.5465175477736625,1.0761904761904735,0.07619047619047341,0.8872186616574573,0.29505236547490044,0.1878105332891684,0.17978637071480255,0.03852946644357686,0.27319148936170234,True
sh.603010,2020-04-21,0.053929121725732,tp,0.2000000000000007,0.6455862740121172,5.868,1.5845974329054902,1.9071838113202169,2.5451490121037943,-0.2928688078388677,0.6719118804091281,1.4000770740755262,0.7226930939015288,1.0515463917525765,0.05154639175257648,0.7371650181132733,0.06275468622656888,0.01944978955036336,0.028253526330961575,0.058461145194273985,0.023255813953488177,True
sh.603016,2021-04-09,-0.16224604966139936,stop,0.07915057915057887,0.75589030498045,10.0031,1.6104513064133044,1.8694141816208167,1.9669047635560193,-0.1384577482138457,1.3880914407230196,1.4311672970959137,0.6164188956447871,1.091445427728612,0.09144542772861201,0.7754630848241728,0.48235294117647065,0.4685742477940502,0.34782658561300484,0.0724395313681028,0.08538587848932667,False
sh.603017,2020-05-13,0.03591160220994484,tp,0.0857142857142862,0.816942529026249,5.2331,1.3369369369369455,2.2039669357815956,1.9809869853671243,-0.03658536585365846,1.0655391120507383,1.800253169998849,0.5061509991556432,0.867924528301887,-0.1320754716981129,0.7850999655731404,0.12372188139059315,0.09343049594866182,0.06672846867349722,0.03290870488322714,0.2024169184290036,True
sh.603018,2021-02-04,0.0784910965323335,tp,0.13953488372093148,0.7858212746341452,6.5347,1.978902953586497,1.880785177122235,2.3014717233988633,-0.186754313314891,1.4956411883016314,1.6052285125846624,0.48499695576414537,0.9552238805970155,0.014925373134328169,0.9767396260998562,-0.11364282066432763,-0.23131764961253243,-0.10781401693331293,0.03110792760260284,0.16444444444444473,True
sh.603018,2021-02-23,-0.0017699115044247542,timeout,0.016759776536312665,0.8960716290843665,7.0125,1.6320582877959928,2.0888669250923697,2.1195837639847683,-0.15803374073679244,1.978902953586497,1.880785177122235,0.6030750241949558,0.9687500000000004,0.29687499999999795,1.011044493554115,-0.09727488464889578,-0.23862901897470723,-0.042095867760860654,0.03039362400456851,0.3105590062111804,False
sh.603019,2020-03-18,-0.11716676872831193,stop,0.3337236533957848,0.7700665107510215,8.9162,1.7920476291728709,1.898792512365447,2.197076341877856,-0.13084457586398057,1.0321167883211673,1.1296746576706356,0.8806296146723215,1.0448504983388682,0.3272425249169417,0.5902690604878963,0.33875049014210723,0.25027476241901336,0.26630071991945337,0.0651700680272109,0.013833384568091089,False
sh.603019,2023-09-27,-0.03108003108003094,stop,0.3303437967115111,0.6558131101113175,5.1316,1.447064726542896,1.5907465269564325,1.9401927022856498,-0.2421073019562271,1.05322128851541,1.5296708772791658,0.5910832796173011,0.7038834951456339,-0.29611650485436614,0.3936349605581168,-0.19850187265917585,-0.05994743769654609,-0.15812094283454517,0.040308065074420196,0.12046632124352318,False
sh.603020,2020-06-03,-0.0651785714285712,stop,0.028112449799196942,0.8714116742566302,8.2621,1.2365930599369062,2.3623269070581574,2.69581628009092,-0.006102877070619073,1.369738339021615,1.9461875980098031,0.5732860750147596,0.782840645412237,0.024110188625258537,0.8651077908263969,0.3644268289659758,0.4910345799776903,0.3102210290943861,0.05410932568194032,0.2440869684099094,False
sh.603022,2020-11-17,-0.04068658614113157,stop,0.24894514767932482,1.0083834773899778,6.2718,1.5441176470588247,2.5330821305684754,2.9980776064254893,-0.2520843550760177,0.670025188916878,1.6715628843603219,0.4217926016236562,1.0999999999999974,0.422222222222221,0.9576645624394385,-0.09548611111111116,-0.09233449477351918,-0.050949000399738965,0.04561740243122204,0.030549898167006304,False
sh.603022,2021-03-16,-0.03886925795053001,stop,0.1304347826086954,0.99241425811691,7.4685,1.7122302158273373,1.703385795619773,2.214547728474909,-0.2567867997315969,1.2661498708010361,1.703599890112595,0.602216448810587,1.0941176470588234,0.25882352941176595,0.8375939712570226,-0.22805090141234785,-0.3252934445777177,-0.15136224426586084,0.046371681415929185,0.4919354838709674,False
sh.603023,2022-05-17,0.06435643564356433,tp,0.12280701754385946,0.7126978828160208,7.4786,1.262955854126679,1.95936349838483,1.9231309783400627,-0.06505576208178443,1.502439024390248,3.034954357543775,0.4894132139567768,0.7659574468085111,-0.08510638297872239,0.8002371005980929,0.1686182669789229,0.35597826086956497,0.12362080612474685,0.06700066800267197,0.13623188405797118,True
sh.603025,2022-12-28,-0.035350830208891224,stop,0.0696378830083569,0.9049234432083864,5.6425,1.7033084311632904,1.910444201201974,1.995109048356401,-0.017151767151767028,1.5613382899628252,2.6886754313014887,0.7057616127030732,0.7807017543859639,-0.2192982456140361,0.7358187046381421,0.1454880294659302,-0.12476547842401509,0.01587877688050076,0.03122543765630581,0.2682215743440231,False
sh.603026,2024-03-14,-0.05145888594164451,stop,0.08183079056865653,0.6871915649263672,7.4157,1.7450236966824613,1.613931000101625,1.8876822025478892,-0.2094788674599919,0.9743589743589716,1.2366889830395058,0.5184381017936721,0.8098859315589344,-0.19011406844106563,0.7702747563248894,-0.17415852334419102,-0.2407666200838492,-0.15752863250703364,0.0515733193093172,0.23076923076923098,False
sh.603027,2019-08-30,-0.02377807133421379,stop,0.32622601279317626,0.8883305521541636,7.9011,1.2253032928942813,1.8361706486588703,1.8520532044454607,-0.15999999999999992,2.1567230632235117,1.8413622676134533,0.6022860457307129,0.9405940594059392,0.5841584158415842,0.9492823882055629,0.2808295964125562,0.7365605217064104,0.2156504068584753,0.03525893508388037,0.3192436040044492,False
sh.603027,2020-07-02,0.09507481296758098,tp,0.0855459578076491,1.0226398724379302,8.6941,1.866892749739259,1.776822173580141,1.6545583905089396,0.06133056133056125,1.445284263705149,1.8046075528343892,0.8406888575273251,1.389344262295081,0.6393442622950836,0.9778415750920041,0.7715302037038214,1.1374136225605116,0.5787102454473985,0.039413379783129615,0.4434430357707503,True
sh.603027,2020-07-31,-0.04841498559077798,stop,0.3184257602862257,1.0009875317356842,10.0,1.2410196987253757,1.8956283966184628,1.8422166809782277,-0.0814136125654451,1.7366145660126338,1.7176834220317636,0.5470357645142985,0.7418300653594762,-0.11437908496732013,0.6807930339144258,0.49848939071513887,1.4383215673005956,0.46656272256147974,0.0550086355785838,0.12200208550573534,False
sh.603028,2024-11-25,0.0240793201133145,tp,0.17647058823529557,0.7077164946202882,7.4405,1.5909090909090948,1.5867273198617895,2.125760349654614,-0.08025477707006368,1.6756756756756774,3.188129550223397,0.6978420123873355,0.7800000000000016,-0.21999999999999847,0.6166157452626656,0.29744525547445244,0.07472394304044538,0.1749621268759079,0.04702297233942801,0.14024390243902468,True
sh.603030,2019-10-16,0.039855072463768175,tp,0.21311475409836195,0.8812494997841344,7.2981,1.661721068249257,2.377892063707814,2.821543424976143,0.06144393241167445,1.9310344827586197,1.905078645771587,0.6342896190720296,0.8000000000000016,-0.19999999999999843,0.8756759691768217,0.12520593080724862,-0.17466339441622547,0.08720021033991725,0.030941922889214254,0.21266968325791874,True
sh.603031,2024-07-15,0.06631578947368398,tp,0.23884634783804926,0.6754913925946202,5.1685,1.454293455464897,1.43346556970114,1.5788038581804398,-0.33129966533996236,1.141242937853105,1.9096093601309059,0.7055740725570945,1.182539682539683,0.1825396825396831,0.8770089229248514,-0.1193465107390611,-0.2797983527924268,-0.17116139988722773,0.03768825959784971,0.0671416737620521,True
sh.603033,2020-06-12,-0.0676595744680851,stop,0.23769190590393358,1.04168170764009,9.9803,2.50901417246939,2.9734106455375593,3.4422882516672466,0.005462395578606616,1.1726307510814011,1.0519053743042777,0.806579669740242,1.3497536945812798,0.5172413793103465,1.0332977107171797,0.5302508736894658,0.9500542107193197,0.4013753690593566,0.044483571815754,0.49937054026988614,False
sh.603035,2023-05-15,-0.0013467124222551574,timeout,0.1746031746031752,0.6804066089279142,6.126,1.4721941354904013,1.392662984579865,1.7646103557524269,-0.2385935537881958,1.4883177570093453,1.8933943837905738,0.5788889347104261,0.9134615384615391,0.24038461538461248,0.9096210786775969,-0.18587196467991163,-0.20654044750430278,-0.10269823118658908,0.03658712942877805,0.1644204851752024,False
sh.603037,2023-06-15,0.05939072107322526,tp,0.37651664264356915,0.8293258438752523,5.1082,2.2114545084399437,2.554180830137686,2.627863464546354,-0.10347639253919083,1.0882020869768323,2.671955508354513,0.7360343276917175,1.3294117647058825,0.3529411764705872,0.9879648361223082,0.01903018522640698,0.05344056470383873,0.038083382141134214,0.01913561534974305,0.29086503672346853,True
sh.603039,2020-01-07,0.07720360024829274,tp,0.18805970149253728,0.8027885445811946,6.7179,1.7114981369928406,1.9224462467289773,2.3144015141819354,-0.06008566439939489,1.6542776998597477,2.7659072997656122,0.44217917433404574,1.0678391959799025,0.6733668341708563,1.0541697131731993,0.0010587948109672674,-0.010501829471912805,0.0245442314320266,0.03410260947319705,0.3607635883132912,True
sh.603041,2020-08-04,-0.04109589041095885,stop,0.02244389027431376,0.6883778676224787,7.3604,1.6247582205029012,1.6500638638783274,2.1950132328540763,0.029197080291970767,1.348249027237352,2.948495621860277,0.6026333934278278,0.7583333333333319,-0.11666666666666839,0.8715822440431521,0.25597261462955534,0.42720731944691814,0.2591417120018408,0.04187524831148194,0.14351320321469535,False
sh.603042,2023-03-02,-0.09988518943742834,stop,0.12605042016806758,0.7985202973186484,9.9815,3.232989690721654,5.3720537506788615,7.524653067976857,0.051236749116607694,1.7451523545706413,1.90012705822965,0.18809979708215124,2.0624999999999987,3.517857142857138,1.3093222947852996,0.5636722606120432,0.47075208913649,0.5340413855441132,0.024221380471380463,0.7689015691868757,False
sh.603048,2023-09-01,-0.029513888888888926,stop,0.16528925619834817,0.9280910693707457,5.7585,1.6958762886597936,1.6729554870442545,1.9375922260161027,-0.18589132507149675,1.1509715994020886,1.4262540392303336,0.5496604666741972,1.1595744680851052,0.20212765957447004,0.9066419883303403,0.13292015082337238,0.016892755264848347,0.06366041167485362,0.027620150550086847,0.040358744394618756,False
sh.603050,2020-09-17,-0.06058543226684806,stop,0.27499999999999886,0.8671567589185852,8.1542,1.985203452527749,2.356383930458572,2.98867703215626,0.002060439560439775,1.8898071625344317,1.9328964160246473,0.451431430691993,0.9652173913043459,0.0,0.8689486835895952,0.2632034632034632,-0.024435641065283065,0.1399727388065924,0.038313913639479086,0.10865561694290972,False
sh.603055,2021-11-22,-0.07423345884884322,stop,0.03112840466926085,0.8389971396275099,10.0169,1.7129094412331398,1.7791341065545463,2.2704045810296596,0.0077319587628865705,0.9657794676806077,1.9717609994489511,0.7509104504052263,0.881889763779528,-0.11811023622047197,0.7627263728001975,0.8333333333333335,2.213263391218027,0.6299737779454077,0.06732467532467529,0.2889258950874274,False
sh.603055,2024-05-07,0.07752613240418117,tp,0.012499999999999971,0.6628687330786661,6.8599,1.9257641921397406,1.9506919446043176,2.4288473121971883,0.05133079847908739,1.5312500000000036,1.0144654566118538,0.6555530580771324,1.1111111111111138,0.7142857142857152,1.114340646035826,0.19646569646569656,-0.07475884244372977,0.07398623692702475,0.0291051259774109,0.43732590529247906,True
sh.603056,2020-05-18,0.09369328493647945,tp,0.0869565217391262,1.024468873673768,7.4701,2.586206896551734,3.4514742224039594,3.9607053254237843,-0.15703124999999996,0.9840255591054353,1.531322136865271,0.6309390676959672,1.146666666666667,0.29333333333333134,0.9997292366805405,-0.032513181019332205,-0.0229745075942398,0.01733631500489645,0.024159854677565876,0.42259414225941505,True
sh.603059,2021-11-24,-0.04719004719004708,stop,0.27272727272727365,0.8487147211029867,10.0238,4.029451137884868,6.653664963883944,11.92677825231929,-0.01236673773987218,0.9817850637522786,1.397436263850261,0.417749747760512,0.8790697674418599,0.069767441860465,1.0242285640971738,0.09642521166509876,-0.0046602314433377146,0.047145019647554395,0.028385528385528384,0.5526315789473701,False
sh.603063,2021-10-19,0.1387550200803215,tp,0.3427471116816436,0.49349606629255277,9.9869,1.3907666941467427,1.187490382992235,1.8186429683126764,-0.1522619851451722,1.2241039779440699,1.346785369713745,0.8282181870244195,0.9543568464730298,0.14107883817427572,0.8685323511008984,0.576827757125155,0.8434628050012669,0.3754494650094894,0.06859201047806154,0.19342465753424687,True
sh.603063,2022-12-06,-0.04671391752577318,stop,0.22831858407079644,0.6343091935396628,9.3438,1.6375838926174517,2.6648741689694675,3.68357065202421,-0.14596100278551516,1.7516650808753575,1.9620263112291407,0.52497595936263,1.1639344262295082,0.17213114754098158,0.93026284485818,-0.06834532374100732,0.027438016528925413,-0.06352869098405317,0.04700772200772199,0.08079470198675491,False
sh.603063,2023-06-20,0.08297644539614549,tp,0.3485891670314813,1.030187235254571,7.2447,1.6627945618920457,2.078276511596778,2.2865822519869954,-0.0976876972015922,1.4222752578499258,2.022482851023809,0.3752347518581006,0.7419354838709685,-0.25268817204300986,0.5154556048050278,0.01095310859737264,-0.01210371668642718,-0.028898118630848364,0.04389046938214657,0.06997589146071184,True
sh.603067,2021-08-31,-0.0906122448979592,stop,0.13513513513513517,0.9927907317356339,10.0276,1.3319838056680153,1.9106099138030137,2.0649585277036855,0.017006802721088343,1.0541176470588223,1.1071259686740418,0.7389445670729277,1.1914893617021294,0.19148936170212943,0.9136187800769701,0.705056179775281,0.7783307894013121,0.4674887646295728,0.0629873695771554,0.3687230989956964,False
sh.603067,2023-01-10,-0.05284831846259441,stop,0.1540983606557373,0.8219120300820413,6.706,1.783933518005537,2.5720960183904875,3.264819157302794,-0.1658986175115208,1.4872521246458967,1.2418926932316778,0.45338800572539945,0.8695652173913033,0.09782608695652248,0.8025018819955486,-0.10227972889710413,-0.11910519951632381,-0.11390865413853905,0.03427133379089454,0.08145580589254743,False
sh.603067,2024-06-28,-0.03430531732418534,stop,0.013333333333334297,0.9947213873645959,7.2368,1.5393130599661302,1.5768663165955226,1.7352468164332306,-0.13398341003511038,1.0571151181957017,1.7325095485849602,0.6168596873290589,0.9583151827899357,0.3218845290352844,0.889639656326231,0.38512862510839163,0.22740176303600768,0.17996307767306008,0.041707361415212876,0.12228074027942253,False
sh.603068,2021-05-07,0.0889726364083239,tp,0.11243611584327065,0.9568760917134503,6.993,1.8789013732834017,1.6625155099335531,2.178602442081632,-0.24723247232472312,1.3868876080691643,1.9354560969613612,0.5722670909185434,0.713953488372091,0.023255813953485614,0.9147402352136597,-0.16313993174061447,-0.11653923350038198,-0.11227884871754228,0.03800978792822187,0.0821856952465566,True
sh.603069,2020-02-25,-0.09913453973249425,stop,0.0962343096234312,0.7988955594452041,10.0166,1.3086220789685694,1.6890296090790515,1.9723540759067284,-0.10805369127516795,1.654649573001072,1.7961687870149377,0.6971782881118527,0.7327586206896567,-0.2672413793103433,0.6390800885778906,0.6486543588210381,1.0660684401148997,0.4955193039723754,0.06879815100154081,0.04055390702274985,False
sh.603069,2020-05-18,0.052422907488986974,tp,0.1884984025559121,0.6076779956867978,9.8361,1.470085470085475,2.070228811423635,2.6008918541281787,-0.2540929927963326,2.2326797385620916,2.0094110965909278,0.6622920226263106,0.8139534883720941,-0.18604651162790592,0.8110236220975771,-0.06959403479701731,0.5678206813451641,0.041745076072299936,0.049955476402493294,0.3006535947712425,True
sh.603076,2020-06-30,0.08736091794158549,tp,0.1400491400491405,0.6326439221771301,6.6616,1.7765151515151525,2.1978813820959404,3.1483564356068605,-0.022421524663677084,1.3032727272727265,2.723565113858132,0.441589824729244,1.159203980099503,0.21393034825870555,0.9195182982184416,0.3732696897374701,0.23199852322232872,0.2536734614894344,0.03490904877766191,0.30062444246208747,True
sh.603076,2022-08-01,-0.04933837429111543,stop,0.1545138888888893,0.6995580693320238,8.834,1.2910839160839134,1.3090111055472025,1.724886086083963,0.06210418794688444,1.9783978397839779,3.788501774839823,0.6865141705722456,1.0,0.3199052132701445,0.9443238702864425,0.9612476505890013,0.5794272069440527,0.5173705343609154,0.055768028996375445,0.29848942598187306,False
sh.603076,2023-06-26,-0.04230688276152383,stop,0.03793626707131986,1.0156444587149651,8.9718,1.8540048345157423,4.017491605446031,4.972465909054336,0.004391205470165582,1.3478512607410895,2.1422177486368565,0.46642521835999573,0.8016085790884689,-0.19839142091153109,0.8527887500254346,0.20796894711153202,0.21506557183274966,0.1429118153983623,0.03824603317210729,0.21814229524623419,False
sh.603078,2020-02-12,0.119829081000743,tp,0.0698659139026104,1.0326790454130415,9.9887,1.402900051786638,1.6949919327954277,1.5194448717710303,-0.11215166742804938,2.0086142890834044,1.516257227465514,0.8759149461457366,1.1421188630490964,0.47286821705426446,0.8364474705705908,0.3496969860840724,0.6725591504494364,0.2793149675027923,0.05457992674712791,0.2588832487309645,True
sh.603080,2021-05-26,0.07017215568862276,tp,0.030042918454935924,0.7459051349909607,5.8824,1.2367491166077744,1.7891453856680204,1.8809165148472897,-0.26590538336052205,1.0000000000000002,1.1514721565447734,0.5494811277883989,0.8266666666666658,-0.17333333333333426,0.753644415846685,0.2601319509896325,-0.07171159726346821,0.07398388311563524,0.04263275991024682,0.08986615678776276,True
sh.603083,2023-12-13,-0.06478937728937716,stop,0.20665499124343253,0.9454946598269994,10.0,1.6909154194222071,1.5167069060202905,1.8729836476517614,-0.24044389642416786,2.167269802975466,2.1003215603368646,0.8241373341743965,0.9193083573487064,0.09221902017291135,0.7858786134410919,-0.05974025974025987,-0.41257606490872223,-0.10698286362335954,0.045549416820135046,0.15393747526711513,False
sh.603085,2020-09-18,0.07321618743344015,tp,0.04615384615384569,0.7583933514190894,5.6977,1.527777777777784,2.3875507422271016,3.264730507065405,-0.12931034482758608,1.5826086956521708,1.2017545822603524,0.5791647767390566,1.0,0.34545454545453985,0.9623066146610691,0.34883720930232553,0.46141732283464587,0.254873678754141,0.049928160919540256,0.010526315789473108,True
sh.603085,2021-08-26,-0.033333333333333395,stop,0.05154639175257783,1.0277651005853135,6.6038,2.0151515151515063,2.0634044437131838,2.0696298841661624,-0.14824120603015079,1.6692307692307726,1.7054461539269254,0.6295278679781645,1.05263157894737,0.36842105263158226,0.9635000654721252,-0.074866310160428,0.08124999999999982,0.002450595748276772,0.028709055876685936,0.3599999999999994,False
sh.603085,2023-01-10,0.07308027923211165,tp,0.15981735159817365,0.5164719129241918,6.6914,1.4960127591706534,2.0979121008589083,2.9558774465012023,-0.05747126436781613,1.5761589403973502,0.9687095493709358,0.5510636235135473,0.9253731343283571,-0.07462686567164285,0.7499428388603099,0.11078717201166177,0.11512195121951208,-9.47708368265273e-05,0.037882764654418206,0.07392996108949439,True
sh.603087,2023-09-14,0.08421781264420854,tp,0.36417910447761226,0.9269128357046281,7.3165,1.9283018867924533,2.466000190878066,2.5605753858110076,-0.07991407089151448,2.037408759124092,1.5863736526311796,0.430728256473869,1.0445205479452075,0.10273972602739977,0.7811083938992694,0.13350854139290425,0.1629965844193133,0.09380178460749879,0.032699590385655786,0.05171158048069947,True
sh.603089,2022-07-21,0.05662514156285408,tp,0.2869565217391293,0.5668942764371944,5.948,1.3114754098360686,1.377231849467583,2.0468036707876,-0.07166123778501621,0.8249999999999973,2.4357716912059533,0.7799462415674233,1.3999999999999946,0.42499999999999877,0.80882195370098,0.09072157764537847,-0.04796931261556414,0.07448956152054594,0.039411314984709477,0.07796610169491587,True
sh.603090,2020-09-01,-0.1023454157782517,stop,0.09433962264150776,0.8658057189229327,5.2754,1.3386454183266934,2.281133088752618,2.840918899447468,-0.04571728849185486,1.096566523605144,1.257405807560549,0.3936668692188238,1.1979166666666676,0.40624999999999695,0.9179586693301646,0.12220205686630337,0.016551650032957,0.11003657106801026,0.038059299191374636,0.020872865275142087,False
sh.603095,2022-04-11,-0.05652658981033834,stop,0.39473684210526117,0.8786764659448141,7.5794,2.0042105263157874,2.981174155401675,4.0764437596302,-0.031093638313080874,1.4854651162790704,1.1832940751776166,0.46122359086164816,0.7720588235294096,-0.22794117647059042,0.9052692751162963,0.04605776736924283,0.18741692512184316,0.06176458935858321,0.029340796019900507,0.22320302648171444,False
sh.603096,2020-12-31,-0.0836699365262552,stop,0.30599369085173533,0.675395946163922,9.9937,1.8840746054519373,1.0812370885575204,1.560486026726821,-0.04712328767123286,1.2904924940742664,2.9891456927859723,0.725844520006465,0.79317697228145,-0.03411513859275228,0.6277968289506431,0.05155681358673658,-0.17705696202531662,-0.010861003561166888,0.04900980580657567,0.08566433566433528,False
sh.603096,2022-11-03,0.07004896626768232,tp,0.009287925696593622,0.957395462546479,6.3766,1.3905496624879472,1.8658607283410344,1.883869980956136,-0.29418742586002367,1.2927308447937127,1.5375018172355568,0.5729621498974249,1.0970873786407715,0.43689320388349384,0.9669714424836253,0.07710417892878185,0.08757354305611642,0.006271113751126128,0.037049180327868865,0.15879828326180256,True
sh.603099,2020-12-17,-0.04322429906542093,stop,0.006993006993006154,0.8739083155912555,6.326,2.2300884955752247,2.5345777042865856,2.93967999588758,-0.10082304526748964,2.0895522388059717,2.166345576272601,0.553757129426512,0.7962962962962967,-0.20370370370370328,0.8026347172357566,-0.009184845005740572,0.1245898689334346,0.02981024890454102,0.026728466589416803,0.12033195020746913,False
sh.603099,2024-06-28,0.03511860178079899,tp,0.3404255319148943,0.6206739339570573,6.9848,1.3436420458815044,1.182746539190513,1.6600879815205931,-0.21760311844035207,1.217391304347833,1.5727095496617656,0.860954958015823,0.9265440431640718,0.36535032007433027,0.5533993367390405,0.027442220353238067,0.5682012836970476,-0.0680107527241754,0.05835302725890767,0.11672681995996186,True
sh.603101,2020-10-22,-0.03389830508474577,stop,0.10638297872340548,0.920209702953762,6.1947,2.311320754716975,4.391707554842597,5.9689108744800565,-0.1071428571428572,1.1037344398340283,1.215533339715779,0.36542549405079916,0.7714285714285715,-0.1999999999999989,0.8090797585167336,-0.10558069381598789,0.04245337793563819,0.02080362394871647,0.027993254637436783,0.2,False
sh.603101,2021-02-24,-0.004395604395604247,timeout,0.14754098360655832,0.31610368263448924,5.2752,1.5784313725490184,1.3861708095491527,2.8485704226795097,-0.18460164112310262,0.8105263157894794,4.06473012565156,0.5517399524898782,0.8260869565217362,-0.17391304347826378,0.8436158012829127,-0.13485043282346132,-0.2313029183532782,-0.13651973848158017,0.044688644688644676,0.02040816326530704,False
sh.603103,2024-11-08,0.0959429824561401,tp,0.19000576813870962,0.9413478167193766,7.9365,1.5609958458939708,1.841229941023779,1.8962620131140995,-0.033830533588628864,2.093628088426532,3.778669705325366,0.449518126158625,0.9428571428571434,0.11428571428571663,0.906053073552972,0.08963487921818514,-0.11493258852775756,0.08220442206945384,0.050240470798919114,0.4269193703132119,True
sh.603110,2023-01-19,-0.02765726681127986,stop,0.16775599128540142,1.0495569885000227,5.9723,1.849056603773578,5.039242821420866,5.050790988304154,-0.023398032438181393,1.4372230428360409,4.175324819085769,0.27283925179317203,0.9950738916256149,0.014778325123155474,0.9401119579263485,0.1387856257744733,0.02281580411797446,0.09309062254524204,0.026949582879941963,0.11632870864461022,False
sh.603118,2019-11-06,-0.05559786747905562,stop,0.007874015748032294,0.920015255331011,6.5147,1.2076677316293967,1.7394541886325159,1.9216553640581973,-0.19358816276202206,1.456521739130434,1.2764602556372675,0.7385827831944468,0.8765432098765429,-0.12345679012345709,0.640705463366478,0.25775193798449614,0.2876984126984128,0.1793745740894982,0.05875706214689268,0.10162002945508089,False
sh.603128,2022-09-14,-0.06191369606003755,stop,0.16666666666666666,0.9215175258105331,8.2073,2.058823529411764,3.93787112356165,4.789524167555864,-0.01928248043152936,1.3313303318028422,2.321968661223265,0.8137618626805249,1.266666666666669,0.8000000000000016,1.1218784062076272,0.10592526830525584,-0.10710132026174013,0.10827433969041617,0.03311362209667294,0.4040114613180518,False
sh.603128,2022-10-18,-0.03641456582633059,stop,0.26732673267326734,0.48415772972448423,6.0729,1.3534743202416943,1.1876406746742103,2.158240424217355,-0.05158371040723975,2.058823529411764,3.93787112356165,0.7266784437552242,1.3437499999999973,0.3437499999999974,0.8082377140765807,0.20609045397479808,0.02002073709764529,0.1386563180147257,0.04610591900311527,0.07526881720430124,False
sh.603129,2023-01-12,-0.06527229676400935,stop,0.1333333333333329,1.048597509834949,10.0,2.5942492012779486,2.6073212315088963,3.0821206612948218,-0.15496688741721876,1.291317905793536,1.7944817479433468,0.6047476751672234,0.8577586206896556,-0.14224137931034442,0.8739937333965319,-0.12254423853978003,0.010267105157615974,-0.0890033042767541,0.03862643906312026,0.24740856639937342,False
sh.603130,2024-11-20,0.07505910165484637,tp,0.03862660944205948,0.8833396808697778,6.7042,1.9523809523809519,3.460025911708432,4.3836197518685145,-0.03023255813953496,1.0739726027397256,1.9074338161475162,0.4995904200916701,1.040650406504064,0.3821138211382125,1.0858129707175517,0.1740241120886281,0.15142871736707475,0.16433234522628434,0.027517198248905562,0.4446337308347534,True
sh.603131,2020-09-23,-0.11212582445459165,stop,0.3068783068783058,0.6267296811320381,5.8047,1.3533333333333366,1.343579442153117,1.674014978111557,-0.18562144597887886,1.106489184692182,0.7620341285850295,0.4309990655911567,0.7155172413793071,-0.2068965517241437,0.4918265368879252,0.07255008121277728,0.34132943607555055,0.05490480213774461,0.04482584553255928,0.11979823455233353,False
sh.603136,2020-11-06,0.06351118760757311,tp,0.37244897959183765,1.0423478548434804,7.1038,1.8512396694214843,1.6145059333912508,1.8896143958997476,-0.15249351398097444,1.658767772511849,1.282162578087485,0.47650893311698694,0.7760416666666677,-0.20833333333333118,0.9205910642298156,-0.013269819666553273,0.20331950207468874,0.06265707018117081,0.039137931034482765,0.2730883813306854,True
sh.603138,2020-06-19,0.07187212511499552,tp,0.3014705882352948,0.9859413368347189,6.7023,1.4033680834001614,2.085009926799911,2.0906385414816593,-0.09102192800992981,1.5494505494505495,1.7104699572651292,0.6098197655098319,0.7360000000000028,-0.26399999999999724,0.7048232060960451,-0.00505747126436773,0.32898052506275954,-0.011742174546070532,0.03932532347504622,0.26777251184834205,True
sh.603138,2021-08-12,0.046153846153846066,tp,0.040462427745664824,0.881024276797135,6.3149,1.318385650224214,1.6097538558013547,2.176853096718397,-0.10377358490566047,1.433831990794017,1.766916332385327,0.4951787600428597,0.7976190476190499,-0.19047619047618916,0.6076649024771343,0.27079620430169205,0.08002040004639288,0.07394577949022486,0.04226281075596143,0.056962025316455826,True
sh.603139,2021-11-25,0.06770567194685727,tp,0.01345291479820424,0.94781487395511,5.2745,2.0081190798376163,1.8971681246258458,2.3265210021545393,-0.0015313935681469104,1.1499348109517589,2.8972992629468344,0.42137118178248917,0.8679245283018896,0.009433962264151705,0.9419185369438977,0.14110787172011663,0.10810321102311149,0.12299169380085434,0.02931357520013627,0.32409012131715903,True
sh.603157,2020-01-14,0.04781879194630871,tp,0.11484214483231031,0.5934143381637773,8.5145,1.3967098899770278,1.4984842918525958,1.6606134066670317,-0.04751439273498104,1.1638141809290976,1.3582560930470544,0.7347683944647008,0.8000000000000019,-0.08888888888888735,0.7644371838639098,0.2716083106708107,-0.052368328990542445,0.15090299072262,0.05344428549681566,0.24314628801917965,True
sh.603159,2024-03-20,-0.0397111913357401,stop,0.3333333333333326,0.5602605439640077,6.5234,1.5068836045056322,1.997394800630352,3.1453501123275815,-0.18830409356725142,1.1911111111111112,1.1210463346685178,0.6838955581101709,0.8372093023255813,-0.03488372093023168,0.8931992821863838,-0.13111668757841888,-0.06608226567768016,-0.07918356492254497,0.058098676293622135,0.3812500000000003,False
sh.603160,2019-12-12,-0.06556561085972858,stop,0.16290245074483448,0.8349600998763259,7.5612,1.5077588203504997,1.454326408665163,1.616125700875973,-0.07700603968938746,1.3417899929527854,1.6753242664205976,0.6218802658777489,1.1892473118279552,0.345519713261647,0.8401434367582616,0.12189743589743585,0.8380939823469884,0.19508688420763284,0.04099282351327878,0.16961424332344222,False
sh.603160,2021-06-01,-0.06799544282544837,stop,0.044217687074830724,0.6694223249807081,7.2898,1.5980200989950522,1.5446856964106823,2.0568343433928518,-0.11561093804084455,2.256892637041839,2.581191475904393,0.6411563721493949,0.8107752956635979,0.41524310118265306,1.0719123542976847,-0.07418670438472419,-0.22185293457415844,-0.00889215714027245,0.03800830086828099,0.3053797468354431,False
sh.603160,2024-08-21,-0.037076923076923,stop,0.3850063532401515,0.8256591385627703,5.741,1.6329866270430897,2.059489927829784,2.275782480110194,-0.12,1.2504307869040767,1.0550973259000143,0.5681622695603392,1.3216560509554158,0.3216560509554157,0.865905378651304,0.08628694440744367,0.02684958018346406,0.025139939008174978,0.03095127129615244,0.043066729768102247,False
sh.603165,2020-08-06,-0.03533568904593633,stop,0.2826086956521746,0.6846374945218793,7.5643,1.769444444444447,2.119880621793004,2.431227027015072,0.05724907063197038,2.3829787234042383,2.789999612584128,0.6132578245377934,0.9230769230769208,0.14285714285713824,0.9850978451481861,0.19725918344137372,0.2548267278673437,0.20206280560675915,0.02966318234610917,0.24236983842010804,False
sh.603165,2020-09-21,-0.026855123674911774,stop,0.32638888888888934,0.9517410079700332,5.1205,1.2469635627530384,2.4689483476307905,2.6076092137430846,-0.06056527590847882,1.1700288184438044,1.263671979922804,0.8498144396113716,1.1060606060606017,0.48484848484847776,0.7659117677683956,0.25814977973568287,0.27430020915847075,0.14466599468440627,0.03475723622782444,0.0019193857965452991,False
sh.603165,2023-07-04,-0.013647642679900847,timeout,0.10417013005281381,0.8249527643860369,10.0337,1.8787333877405477,2.3573463208352976,2.3534970468306153,0.00864197530864197,2.1329879838734023,2.2926599228294897,0.7528352771437576,0.7986577181208041,-0.1476510067114091,0.8689881152235304,0.14017084361093857,0.5230172002729598,0.20807452002145152,0.043752259257220455,0.2639071099357413,False
sh.603167,2024-01-16,0.037373737373737205,tp,0.35802469135802417,0.9540693433439768,6.7308,1.824786324786319,1.7628816390901263,1.8580756477978646,0.02672147995888996,0.9732620320855646,1.5447029127639973,0.6726159569295037,0.9180327868852475,-0.08196721311475251,0.8730604961331503,0.4880239520958085,0.3960674157303372,0.2735697964936259,0.03202548625083838,0.28348909657320875,True
sh.603168,2020-02-26,-0.12474437627811832,stop,0.3739130434782578,0.7451997419813804,6.8558,1.7763440860215003,2.170850172449107,2.7963681941704497,-0.1240310077519382,1.0807017543859632,1.5424607345126187,0.7217859293633124,0.7457627118644086,-0.25423728813559143,0.700955251740215,0.20795699597644668,0.0660148070007971,0.07953182404033109,0.04638170228721412,0.029885057471264274,False
sh.603168,2021-05-28,0.11684782608695674,tp,0.010869565217391157,0.44771717470546557,10.0473,1.7970149253731373,1.8792675236675844,2.4867807034235616,0.010857763300760048,2.191693290734827,4.447382256340067,0.6102899095641484,0.813953488372094,-0.10465116279069593,0.9005481781196019,0.45196850393700827,0.11482598606941474,0.29854739718942047,0.051482284887924785,0.2664092664092672,True
sh.603178,2023-06-15,0.06362275449101779,tp,0.32398908616728617,1.0393429597787514,6.0021,1.9943375640920513,3.0072791534033274,3.2207329085555103,-0.06970349344926974,1.5347844795872674,1.327035299272438,0.5783110412131893,1.1176470588235268,0.23529411764705696,0.9453647016364759,-0.0010937764007983297,-0.05485926718942402,-0.009063021232650032,0.023444557998728688,0.2109266676562172,True
sh.603179,2023-07-07,-0.04559270516717331,stop,0.2302839116719229,0.8863438469564057,6.7243,1.6900584795321643,1.3314598110977807,1.5439050860931152,-0.0004373496610539096,1.1015820149875108,2.302995337305944,0.5947516016672728,0.8269896193771625,0.20415224913494498,0.9617604605210721,0.14367997883549188,0.22601532150520387,0.1303187111434739,0.04280625419582268,0.5342237061769596,False
sh.603180,2019-12-19,0.03347548614059108,tp,0.06830122591943925,0.9365707355260452,5.7228,2.105263157894737,2.409682898416308,3.235936699143674,-0.05135094790267203,1.203619909502262,1.4685023837952027,0.709747344909172,1.0800000000000016,0.4600000000000032,1.0795768699830846,0.08379235519946593,0.14414096916299557,0.1134292867513404,0.02596642538117976,0.09359605911330092,True
sh.603181,2019-10-14,-0.031774580335731425,stop,0.12550607287449486,0.5228758781626555,5.375,1.619277108433729,2.325482317476633,3.8096289175369904,0.019963702359346414,1.6800000000000015,3.3399972808644933,0.5446162929645124,0.8437500000000037,-0.15624999999999628,0.8474016777126143,0.12298387096774199,0.09390645186878377,0.12687058587837285,0.03151805306203866,0.3285198555956686,False
sh.603181,2021-10-19,0.033018867924528364,timeout,0.17816091954023028,0.7467324735721627,9.0452,1.9029126213592233,2.885109393803561,3.396751951285289,-0.01101109950716428,1.1771836099000303,2.1045199699813453,0.38438853802294776,0.8311688311688312,-0.14285714285714113,0.8442773901265846,0.27381415499607686,0.15333651440664986,0.18331271845727415,0.0484276849947951,0.13611744524318717,True
sh.603181,2021-11-16,0.12492563950029743,tp,0.13300492610837383,0.6643650005558153,7.2407,1.4927953890489918,1.781821834574016,2.0993714652666906,0.012315270935960854,1.9029126213592233,2.885109393803561,0.61663799366716,0.9279279279279267,0.34234234234234096,1.0439275330132218,0.2656048705023246,0.4146291098944197,0.2744694829640862,0.04292508917954814,0.33944954128440324,True
sh.603185,2021-08-16,-0.058121737765393824,stop,0.0889303482587065,1.0318452909372395,10.0,1.364685763146644,1.4345202088520421,1.560809045075168,-0.006235741444866827,1.8258486661819806,1.9104483305714477,0.4997940380706226,0.7602339181286546,-0.2397660818713454,0.6988594645536559,0.6849065961315923,0.6395437262357417,0.5422387736621082,0.06922684458398744,0.09436571033529212,False
sh.603186,2021-12-15,-0.053255813953488496,stop,0.22508398656215092,0.9301094418852635,10.0,2.510967741935484,2.413556312877424,2.341538547795691,-0.044334975369458074,1.7414482452243487,3.1807256764664475,0.5119211847931507,0.8633093525179851,-0.0695443645083914,0.734276044041007,0.08525345622119818,0.21880391029327195,0.07457465281445291,0.0344027679484155,0.13766519823788556,False
sh.603187,2020-12-28,0.04713467120369312,tp,0.17538461538461525,0.8559296289045359,7.9926,1.663005780346822,2.5013343940275305,2.2053758208560144,-0.015254237288135686,1.4414739884393066,2.055187144643683,0.7594420956809292,1.445255474452554,0.9124087591240874,1.1074748066835371,0.21393523061825315,0.6436353972893969,0.19849630859261458,0.039741309620048494,0.3810962451445831,True
sh.603197,2021-04-09,0.06689868522815165,tp,0.17587939698492022,0.6640490450634203,10.0,4.1913043478261,3.8702053678148425,6.068284190786986,-0.1275172229367495,0.9051724137930987,1.5836210763773808,0.7588861998100019,0.796680497925311,0.04564315352697057,1.0252832111803587,-0.030746156730408702,-0.11508954432667318,-0.058631108715119,0.027324306898775,0.17820324005890897,True
sh.603197,2023-01-10,-0.03824833702882472,stop,0.19521316379955136,0.9599849422294922,10.0106,1.570904990132501,2.0835864971375395,2.1441355015118315,0.0032952122504359416,0.9965806652160407,1.5047061977912441,0.826325460425911,1.3542713567839237,0.5552763819095531,1.016188196109302,0.19720496894409956,-0.011176255038475524,0.05654516712644322,0.045667346056451105,0.1887979861548147,False
sh.603197,2023-09-01,0.056155319519414874,tp,0.20805369127516804,1.0043546789642432,8.9555,1.9469421949176169,1.81520643972672,1.9947710056781256,-0.05231223351918668,1.541165587419059,1.1612447590979773,0.43950869740482457,0.8594377510040173,-0.14056224899598269,0.6657676830920406,0.19724035901637427,0.3812000812201737,0.1612831953157179,0.04495241431657617,0.08333333333333315,True
sh.603198,2021-11-24,-0.03518679409209398,stop,0.053048297703879546,0.9245424201144194,7.5412,1.6358008769667245,1.494235502555566,1.8456368120702864,0.02215189873417711,0.9297401347449432,2.3194601963762667,0.8350376708287467,1.4724061810154534,0.7417218543046339,1.0233944425365733,0.8988544286113438,0.640199991157947,0.45056816450541043,0.046066313517755586,0.46218946218946183,False
sh.603199,2020-06-03,0.033748204882719096,tp,0.2045454545454541,0.774625064548218,5.2737,2.532894736842112,3.5276282113886523,4.91773783423932,-0.06303084488153765,1.2582025677603466,1.8826198244569519,0.6044934453836254,0.8272727272727238,-0.17272727272727623,0.7378415084661119,-0.06525652565256523,-0.07116132265886388,-0.04234221989832317,0.02179425453378272,0.020833333333333374,True
sh.603200,2024-07-12,-0.030530765617660816,stop,0.08889439733331173,0.9878867485342079,5.9799,1.3747679530078318,1.753364783205388,1.8454784627827674,-0.22748949879822944,1.080930232558147,1.2412636377070394,0.7250947912621641,0.8532110091743135,0.4495412844036667,0.8916838742037543,0.008884772248076045,0.03591709150448419,0.04699017781533777,0.035187592160059754,0.09826755771277196,False
sh.603203,2020-06-04,-0.0382552735073294,stop,0.39275766016713126,0.8830486727437059,5.4044,1.56846473029046,1.8629160992617704,2.0593792507565687,-0.11147011308562194,1.1696813092161904,1.8225168486134937,0.6440348119979028,0.9111111111111112,0.30370370370370375,0.9091323515283183,-0.06811352253756253,0.23249175231056607,0.024026442012429393,0.02960707034515704,0.1887550200803218,False
sh.603203,2020-07-03,0.055650684931507016,tp,0.05892330133315249,0.9925900163903417,5.3617,1.523850318155145,1.8268259332534522,1.8342050722733938,0.004402423989472881,1.56846473029046,1.8629160992617704,0.8702871268045193,0.9615384615384589,0.3538461538461481,1.0093442061963183,0.1348599784274691,0.06005254070665589,0.05911756898708978,0.02809870454954593,0.23301710830975025,True
sh.603203,2021-07-26,0.09710743801652907,tp,0.2685714285714288,0.9235343006495531,7.9692,1.8725099601593649,1.5492382763155463,1.5611428230316462,-0.015616348501767852,1.5412103746397692,2.172698984367651,0.8512055237189273,0.7914893617021262,-0.20851063829787372,0.8051748295557772,0.40074773101650196,0.46341854786731873,0.24138386321214214,0.04320801352339179,0.21126760563380265,True
sh.603203,2023-09-01,0.023195876288659836,tp,0.38383838383838503,1.0256975266146997,5.2588,1.3306255077173041,1.4909482984930422,1.6470812490087405,-0.20890840652446685,1.4978429680759222,1.8368112080669525,0.677914345765421,0.9914529914529921,-0.008547008547007864,0.3846250163930892,-0.11047759707963256,-0.20409860115204115,-0.1424913282257764,0.030199656221076312,0.28162291169451115,True
sh.603203,2024-05-08,-0.03131991051454158,stop,0.2758620689655177,0.9278251456797679,6.2076,1.6395112016293225,3.2744169277791326,3.5906983059972046,-0.05684754521963842,1.3738959764474974,1.6799541908341815,0.6341669246365415,1.0521739130434828,0.29565217391304915,0.9874333591283494,0.08753056234718826,-0.13361901051811464,-0.07746551902934773,0.031849520383693035,0.2923462986198241,False
sh.603214,2024-12-04,0.11476769911504428,tp,0.004065040650406381,0.9313974300297603,10.0182,1.649396735273246,1.874461023322108,2.4603803631513914,-0.1246376811594202,1.1685039370078716,1.6125562793149775,0.8900461520664361,1.0481927710843357,0.06024096385542079,0.7851692029013042,0.7279253084034185,0.5780703387906725,0.40389951589658557,0.07135016465422611,0.02415458937198072,True
sh.603217,2021-06-03,-0.057406572604369745,stop,0.05238095238095215,0.7097265855814746,5.3835,1.8872246696035218,2.3658687498555637,3.048427181421893,0.009437141894168999,1.0737463126843703,4.89157813297893,0.5548081697011611,0.8366013071895414,-0.05882352941176495,0.9417300392708454,0.18586179507545664,0.027320373779352147,0.15106911846275742,0.02920294708640323,0.255089820359281,False
sh.603217,2022-12-08,-0.030110404817664846,stop,0.16666666666666666,0.6979351110685228,6.1931,1.4428191489361637,2.0370729948237787,2.6592129093751886,-0.1545823665893271,0.8750000000000043,1.4948893577133586,0.6063071188108508,1.0129032258064574,0.4258064516129072,0.9007041698375324,-0.11516770555060851,-0.11543026706231463,-0.05151041901433645,0.04197696522419771,0.1644678979771327,False
sh.603218,2023-02-03,0.041666666666666574,timeout,0.07058823529411717,0.5762825222943798,10.0,2.529774127310066,3.0251997704445417,4.571757435466225,0.0,1.464491362763912,1.9627114143374398,0.5077291464197955,1.0511363636363622,0.051136363636362224,0.947717834883204,0.054314498466929484,-0.016346546791990213,0.07656411900200513,0.031574574158703766,0.609682299546141,True
sh.603220,2024-06-19,-0.080475857242827,stop,0.05747126436781577,0.7994792499587227,5.1901,1.6569808646350102,2.0055955205299205,2.386477674493261,-0.24521374246000538,0.9393939393939406,1.0112463253949915,0.563342477453461,0.7784431137724542,-0.16766467065868138,0.7232395070907992,-0.2191780821917808,-0.15805022156573112,-0.05408843996503988,0.03605847953216373,0.04273504273504237,False
sh.603223,2022-05-26,-0.02895082872229241,stop,0.28502415458937336,0.5096740855232053,5.572,1.3073286052009472,1.715586789022941,2.9962347972325216,-0.04131736526946095,1.1355735805330218,3.2821395540899583,0.5448300180904709,0.702531645569619,0.4303797468354443,0.9996650298247961,0.022194435761175635,-0.009691096305269431,0.031242115885964435,0.03744138634046891,0.018484288354899063,False
sh.603225,2020-07-09,-0.047079337401918116,stop,0.06000000000000185,0.931735594676822,5.2331,2.503311258278152,2.2168440772503955,3.0909186015186467,0.02887060826199117,1.0566037735849092,3.027043656753892,0.8280808395166231,1.2407407407407411,0.759259259259259,1.0929001315303133,0.09208213740135207,-0.07706481795469533,0.07936629818032773,0.022638767800058114,0.40239043824701165,False
sh.603228,2022-11-18,-0.03138173302107736,stop,0.0034129692832774016,0.9946665853051277,5.5309,1.4970297029702995,1.980805014978372,1.9158109851883884,-0.18899430740037948,0.8715953307393003,2.0414448192235715,0.551247362532541,0.8333333333333327,0.08333333333333186,0.8610054366008165,-0.14501992031872524,0.006252477864411077,-0.033705808715150574,0.03179558869214045,0.1515151515151513,False
sh.603229,2021-03-18,-0.04391433992952026,stop,0.3597359735973609,0.4593041860813642,9.3491,1.917312661498707,2.007796746100959,3.4282578130781185,-0.10284912872856022,1.538750587130108,2.707554952362391,0.34733710613718727,0.8176100628930811,-0.0031446540880497357,0.7413210918586748,-0.06661744913818768,-0.0247396360881722,0.03253426177847208,0.04316644113667115,0.23930635838150302,False
sh.603229,2021-04-20,0.028391167192429016,tp,0.38793103448276123,0.4330445973651434,5.3107,1.5400000000000078,1.50698839706533,2.7564841973437035,-0.0602470380640282,1.984877126654062,2.5190598252453187,0.6175595458198365,1.29411764705882,0.40641711229946337,0.7747750607713021,0.09562211981566837,0.02818087391659474,0.0706651195310299,0.03303540133193127,0.0338709677419361,True
sh.603232,2022-06-28,-0.0351027397260274,stop,0.0843746826400999,0.8320877383284331,6.1581,1.797366989488725,1.9689041045890743,2.3312845483720612,-0.18879611731250423,0.9152435998734357,1.2400396834586758,0.8144479906434121,0.7014925373134324,0.26865671641791167,1.0779238225606955,-0.12515687808956277,-0.21948578801284468,-0.09799314736499083,0.0308733930112297,0.4347261127015286,False
sh.603232,2022-08-10,0.05642361111111129,tp,0.25423728813559426,0.877379821383973,5.3734,1.801980198019807,2.7238389512084784,3.2238282835044965,-0.03260869565217395,0.8197226502311243,2.7514497103080195,0.42589039555526625,0.9038461538461516,-0.09615384615384834,0.8658353441928118,0.1694168251815955,-0.2222090895890254,-0.015373753380493554,0.02954282407407407,0.46020761245674835,True
sh.603233,2020-11-03,-0.041466972285892856,stop,0.013287117273252455,0.7935484527448473,6.8974,1.594035920027108,1.8309804791924902,2.233875203997402,0.01723756906077356,1.0970448045757843,1.4067202584001925,0.8957793635036735,1.2038690476190508,0.7351190476190482,1.1019277455348973,0.2907518296739853,0.6575678253022457,0.2797201834015243,0.040924398625429556,0.376643464810518,False
sh.603233,2023-01-06,-0.0504863362667902,stop,0.25167037861915326,0.7466377999846386,10.0,2.073298429319374,1.791523178567416,2.1028869116779423,-0.08023648648648618,1.211722815666939,1.5078651682182052,0.4168797045953559,0.9015151515151499,-0.09848484848485008,0.741871089854769,0.3588290840415489,0.38989053444945276,0.215280384355529,0.053563431395259035,0.038262668045501436,False
sh.603236,2023-01-06,0.08557603686635949,tp,0.12866546977857643,0.922095647590645,6.4273,1.9086000771307348,1.9380730996454696,2.2513560703512576,-0.09443834922778294,1.124838012958963,1.1767419213687909,0.5792795035031358,0.8571428571428592,0.04243281471004237,0.9328965045938882,-0.03159031590315908,-0.1322580645161292,-0.14278145906403053,0.03196406443618341,0.073431922488526,True
sh.603238,2020-06-19,0.10317554709800211,tp,0.23706896551724355,0.7877947477162495,9.6861,1.847148288973386,1.5052825680761155,1.7860025735072305,0.052794231264486235,1.1983837519251852,2.105521967754681,0.7312204841051752,0.8386167146974058,0.4610951008645516,1.0553367194868037,0.8519004810045923,1.4740825617678657,0.5735324081497084,0.04006495309729165,0.530935332647918,True
sh.603238,2021-03-04,-0.03454114459871309,stop,0.022784810126583514,0.8918095442419869,5.793,1.386996904024771,1.498368359860281,1.7951965204850633,-0.18479541714216674,1.3509433962264132,1.820610267387146,0.6505536099614418,0.8187500000000005,-0.09374999999999911,0.7910817888277892,-0.1255874301926344,-0.256083740835211,-0.11140642351714447,0.04183445190156599,0.09356725146198858,False
sh.603238,2022-02-24,-0.0422939068100359,stop,0.24102564102564172,0.5900837823172017,7.6205,2.279069767441861,2.5716300490309316,4.1367609968387535,-0.10767246937459718,1.1758118701007854,1.4919332918188393,0.8019064596534319,0.9340659340659354,0.19780219780219785,1.022732177864993,0.11093502377179099,0.053343350864011985,0.09323421620357122,0.04018069424631479,0.14644351464435126,False
sh.603239,2020-06-17,0.11113086770981516,tp,0.37872340425531825,0.8656757001222523,7.1268,1.9594988471512425,2.429539378410176,3.077356824699794,0.024926025430979548,1.573333333333335,1.5443989906211442,0.6098421658826947,0.7440000000000007,-0.2559999999999993,0.8080404558941479,0.29538919768806604,0.5665345953972782,0.20268281902708918,0.0460176746320696,0.06155575297915164,True
sh.603259,2023-04-12,0.01929105377381227,tp,0.25046382189239325,1.033709811629774,6.6412,1.7903846153846128,1.676517446131622,1.8485392020704092,-0.16180000000000005,2.0871559633027577,2.5944288987723936,0.5596525131647266,0.8327067669172938,-0.1672932330827062,0.759890148412833,-0.07371830671283375,0.006432038834951248,-0.0019046014328139105,0.031190964267052534,0.12698928223449196,True
sh.603259,2023-06-14,0.030766922849631523,tp,0.2941092322058845,0.9884925138417013,5.1942,1.4287976838665126,1.9529142662680203,1.851912031034431,-0.24073351766031859,1.2548307416547253,1.7116259052450693,0.46737160647844644,1.08108108108108,0.32949888407855954,0.7544357559969641,-0.10131159436201609,-0.12839566762450372,-0.1344039589859901,0.03012601055177932,0.033362716445009016,True
sh.603267,2022-09-14,-0.03437500000000007,stop,0.14882274544646887,0.8361523628937529,6.4228,1.6156736446591489,1.8155247168785857,2.4552453468134257,-0.11770928838423023,1.2291751874573933,1.8986320715852347,0.524377346407447,0.9209302325581403,0.2569767441860475,0.7059553803272002,-0.04061793519216261,-0.07284828849205893,0.027816203035098262,0.04243971408373262,0.07075293227393108,False
sh.603277,2020-06-04,-0.0998603351955307,stop,0.03030303030303323,0.6622538032855709,10.0112,4.326388888888879,3.661123056435823,5.624095465910183,-0.038348082595870414,2.361858190709056,5.565747574270894,0.5097616190674824,2.101123595505621,3.6404494382022583,1.3092390674434384,0.29681274900398424,0.37315207012217533,0.36316463086987966,0.027086533538146437,0.7683397683397675,False
sh.603277,2021-04-13,0.060165975103734344,tp,0.2227722772277217,0.7446792425783721,9.9869,1.6490118577075117,2.045441313272728,2.847341129920342,-0.04886363636363655,1.1434083601286162,1.2110309742556185,0.5529091661072205,0.8187919463087227,0.033557046979866584,0.9186942787087974,0.4301533219761502,0.5066095602117346,0.23019716365088239,0.05739527496525711,0.09278350515463937,True
sh.603277,2021-05-06,0.10932760364004035,tp,0.1675675675675661,0.6998640166738214,9.9943,1.8362395754359362,2.971981952170319,4.204203754903785,0.0262593783494105,1.6490118577075117,2.045441313272728,0.3844720408624199,1.3294797687861264,0.48554913294797647,0.9461802058748339,0.7912186379928314,0.5394773913877073,0.3814575210660515,0.04685676171419044,0.465091299677765,True
sh.603277,2022-08-15,0.03709677419354845,tp,0.02663438256658587,1.0294226763672958,6.4564,1.6393162393162377,2.603473584870811,2.599024583904953,-0.03829029385574356,0.8988326848249045,1.5589621821582862,0.44998245554767297,0.9124087591240884,0.00729927007299208,0.9054227559376016,0.0790911838613102,0.19957507756073034,0.10857873557103355,0.0355699521826315,0.20540540540540494,True
sh.603277,2024-05-07,-0.017378048780487924,timeout,0.22374429223744263,1.0079440839915452,6.951,1.8505747126436776,2.6463870174243898,2.2594870474295337,0.04426229508196733,1.5278637770897867,2.7449699351190846,0.6821157840862108,1.3285024154589384,0.5990338164251228,1.045490721150795,0.42999135695764945,0.1684322033898309,0.23554670483539752,0.03129847889594034,0.5322777101096237,False
sh.603279,2021-08-13,-0.07651345291479811,stop,0.16739446870451274,0.6512328044901192,10.0031,2.2143163309044183,1.2746946836910626,2.0432206678250973,0.0663636363636364,1.9689045936395746,5.032660218999039,0.4815306124416511,1.1246612466124655,0.1327913279132792,0.9663660127283056,0.4775478851441022,1.0675726154988983,0.5211329289236578,0.04531016442451417,0.46899224806201556,False
sh.603288,2020-10-15,-0.04637426900584801,stop,0.35611038107752985,0.6540629619889566,5.6717,1.5931663529752491,1.111397736190916,1.5324954376142492,-0.15103448275862053,0.8149539091840219,2.3514979477926787,0.6198850630981463,0.8295165394402011,-0.17048346055979893,0.9271321254379745,0.27459749552772794,0.6569811225448237,0.24901399359460788,0.041187134502923974,0.3110539845758347,False
sh.603290,2022-08-10,-0.04440092165898629,stop,0.27260131624523753,0.9193326476452189,9.9998,1.7677288183124789,1.3777897886284707,1.5361169974756812,0.042999028136629924,1.1321275807483746,1.6028501801362387,0.7274871202453523,0.7978900610771787,-0.2021099389228213,0.8773478888820088,0.18132321105558646,0.3870533313686577,0.18584997711938725,0.04739136798157437,0.42921213933323327,False
sh.603297,2021-06-23,-0.04248515303791683,stop,0.04411764705882434,0.7865040536351453,8.768,1.54060134996932,1.5546276248917916,1.8605743210312211,-0.03368902439024368,1.6112493214754886,1.4429460745107112,0.6179380296866258,1.1617100371747227,0.485130111524164,0.979208445228087,0.599326051743093,0.8498871331828441,0.425585725007371,0.05585494768716242,0.19842386715451754,False
sh.603298,2020-10-16,0.09416852678571434,tp,0.35802469135802395,1.0307597879990058,8.2007,1.9484536082474262,2.074792633103595,2.291684639422125,0.04615384615384599,0.8749999999999994,1.5844677478642675,0.6717103796610152,0.9629629629629638,-0.037037037037036175,0.9338227023272916,0.5159071367153909,1.1204850269880802,0.42563582929061894,0.038324825108716216,0.5806451612903223,True
sh.603298,2023-10-10,-0.0259230164964651,stop,0.07428571428571476,1.0056144605852577,7.8824,1.5756154747948417,3.3825285959132474,3.934588555017453,-0.029885057471264354,0.8785811732605711,1.2653836720259906,0.5327890753343301,1.1458333333333344,0.14583333333333437,0.9843529137505407,0.10311958405545929,0.3483819987861252,0.14243057046623245,0.02547787378894998,0.39920948616600943,False
sh.603300,2021-03-19,0.030057803468208053,tp,0.2432432432432434,1.0394558853994111,6.2893,1.2605363984674305,1.9389864197239608,1.8068845660829636,0.04968944099378869,1.519999999999999,4.310684771057998,0.8379729078506782,0.9148936170212782,0.27659574468085407,0.9238225974563657,0.362050176514354,0.2637578957349678,0.2912129625317996,0.03721833721833724,0.5508982035928139,True
sh.603301,2021-10-11,0.09320113314447596,tp,0.2569169960474316,0.7995997972913814,7.8437,2.516083916083919,3.6273864766998845,4.626509204422844,-0.19109439322893396,1.0712401055408975,1.5587606605687065,0.45124175478520834,1.003891050583656,0.0038910505836560285,0.9444798196006094,-0.1037120234636354,-0.3257711538343949,-0.13198280008500032,0.03156466404641585,0.4317596566523602,True
sh.603303,2023-09-01,0.0058608058608059024,timeout,0.38582677165354434,0.899450302368192,5.4706,1.8342967244701323,1.509980861911891,1.8595013500003401,-0.12131367292225226,1.3939393939394016,1.600123298020907,0.7637045692971564,1.3529411764705914,0.7941176470588261,1.0617682139217495,0.0,-0.2412696014075668,-0.03776019784719244,0.027716727716727688,0.06134969325153441,True
sh.603306,2020-08-10,-0.04327485380116976,stop,0.01612903225806332,1.0151030181799563,8.8401,1.9220779220779203,2.0976201738215137,2.43226969456307,0.015798712697483897,1.506726457399111,3.1504077756029716,0.6759918210733579,0.94594594594595,-0.05405405405405,0.8179954086838563,0.11063018275654102,0.3324239440100911,0.18910341288575844,0.04236111111111107,0.09018567639257367,False
sh.603306,2020-12-04,-0.03595890410958903,stop,0.3105590062111801,0.8376081732349979,7.4879,1.8281381634372402,1.4044611332482,1.6667410493469783,-0.010231316725978545,1.147037307973663,1.8000025504130122,0.6024779638290083,1.4516129032258034,0.7096774193548389,1.018031139605256,0.3335237007424332,0.6037087912087913,0.30896656108977805,0.03761598857958601,0.29649595687331526,False
sh.603306,2021-05-24,0.11975116640746504,tp,0.014084507042255256,0.7380234597967998,9.2513,3.151832460732992,4.3531113197831415,5.570961473935954,-0.007815552950371174,1.5861271676300515,2.8992684855064796,0.39903692844287947,0.8976744186046521,0.06976744186046437,1.0545747846831153,0.08959044368600688,0.1717194129474704,0.09956850851558058,0.027734273035760912,0.35531135531135494,True
sh.603306,2023-07-06,0.039961636828644426,tp,0.06435643564356554,1.0386096023036049,6.1337,1.2089810017271116,2.6679231787037767,3.010992114222776,-0.27176979850679095,1.2026143790849646,1.7180113405452468,0.4924828983862096,1.1500000000000021,0.46000000000000446,0.9880253812043993,-0.195060765061431,-0.17737442037536233,-0.1304176217403962,0.029838175789726355,0.2019002375296922,True
sh.603311,2020-04-16,-0.07211538461538475,stop,0.3369565217391292,0.5983894948120143,9.4523,2.192771084337353,1.83268638818549,2.652852009568212,-0.3251633986928104,0.9379084967320243,0.8735283346511901,0.8202315237277423,0.903846153846152,-0.06730769230769124,0.8145271228773511,0.08546255506607947,0.2817504288888266,0.04112303871747945,0.05900974025974026,0.03448275862069022,False
sh.603315,2024-03-20,0.0787728026533999,tp,0.257142857142857,0.7633614995421094,5.9292,1.3366834170854294,1.5088963762866392,1.7385822361124155,-0.2217165149544862,1.3851590106007081,1.4860982661932693,0.4709892414268585,1.0394736842105237,0.09210526315789265,0.8662559930691989,0.0008312551953451042,0.07596067917783733,0.027837259100642386,0.052934662236987826,0.4945054945054947,True
sh.603317,2022-09-30,0.0673267326732674,tp,0.39939939939939956,0.8119244934889426,5.5622,1.2978868438991131,1.542952151506905,1.5174255159691197,-0.11683963843321044,1.12,1.851415096593912,0.6863604831877836,0.7279411764705861,-0.27205882352941385,0.8523568544394803,-0.0448035255233199,0.6657409682968787,0.11255412988760323,0.039125977188260955,0.1299999999999994,True
sh.603319,2023-09-01,-0.04465334900117494,stop,0.1569506726457392,0.9133249050551933,5.8154,1.8141809290953506,1.6737667880966558,1.956999515762189,-0.1415384615384616,1.6559139784946209,1.0902565057274736,0.5947331028890984,0.9811320754716982,0.1698113207547206,0.8316719176039724,0.16850828729281764,0.0446116951595259,0.0653476415972996,0.03163908589440503,0.017467248908296127,False
sh.603320,2023-09-01,-0.03116343490304714,stop,0.18309859154929597,1.048777754792444,5.5804,1.5533707865168538,2.2248407791821134,2.4379401088394195,-0.057768924302788904,1.6533333333333329,1.5885965056467308,0.7294070306118061,1.316455696202532,0.3164556962025319,0.9420823318245017,0.10651340996168557,0.09041849905291555,0.07464804748681937,0.02998614958448753,0.18009478672985743,False
sh.603321,2020-12-24,0.06944444444444432,tp,0.16535433070866162,0.6497383328261739,5.5416,1.712765957446807,1.8787608794423034,2.109931069048396,-0.024447031431897526,1.331412103746399,1.9169472123131408,0.6336003978552573,0.7391304347826088,-0.1521739130434759,0.6667238520057478,0.0862745098039217,0.1787234042553194,0.05223171889838575,0.03136782992378658,0.050847457627118994,True
sh.603322,2024-09-06,-0.06795366795366788,stop,0.28695652173913005,1.0353762430726954,6.9576,1.848862802641234,1.8706654806668386,2.102247083154118,-0.13687707641196012,1.149179157744471,2.334757403079642,0.6678422611537047,1.0111111111111108,0.01111111111111087,0.9304203601707307,-0.08867858394672279,-0.27475592747559274,-0.08764693640275663,0.04210256410256409,0.10939510939510953,False
sh.603328,2021-02-24,0.0,timeout,0.15887850467289621,0.7574047089904791,5.5891,1.7800687285223378,1.7707389861903684,2.1551493279183607,-0.18921242056925835,1.9140625000000049,1.780693753143698,0.6130805815861057,0.9189189189189182,0.0,0.6019447889625601,-0.15997729150324613,-0.3041741236090124,-0.15306024828108253,0.028379351885626666,0.2490706319702596,False
sh.603329,2021-12-17,0.04197952218430038,tp,0.2893401015228421,0.9091215446484284,6.0845,1.9759759759759756,3.2912115595161753,3.7961743794289577,-0.02371541501976271,1.1245901639344267,1.8227116769839489,0.3294393134421734,0.8191489361702117,-0.1808510638297883,0.9107664366081645,0.06545454545454543,0.17559321142036466,0.13615769775062744,0.029419795221843025,0.24661246612466056,True
sh.603330,2022-07-29,0.03894658753709201,tp,0.35897435897436014,0.7117907755367799,7.75,1.4876033057851237,1.7429801505334703,2.1170555724546407,-0.0007727975270479526,0.8402585410895668,2.357669937755281,0.7998100153171726,1.5333333333333359,0.6222222222222242,0.9861111279276756,0.5702802835051546,0.169296279695204,0.21968261078800563,0.04988880652335061,0.24684684684684685,True
sh.603332,2020-09-23,-0.07484276729559744,stop,0.35700197238658793,0.6152090070808407,5.9979,1.4846153846153847,1.6363870959402178,2.415675993153825,0.05056371711650165,2.619011406844105,4.605785047872285,0.5350952555781319,0.9015544041450771,0.611398963730571,1.0031784042623664,0.4103356890459364,0.4047877639280668,0.31121217567426646,0.03378223196575842,0.6793103448275857,False
sh.603332,2021-08-12,-0.03796791443850275,stop,0.04201680672268901,0.900619890550063,5.485,1.312945973496428,2.12013245731562,2.1816722548105165,-0.01668460710441344,1.037037037037037,1.2707365730036146,0.6212007876282487,0.9673913043478246,0.4673913043478283,0.9663593490101571,0.1663656899486723,0.20435077946807345,0.0629744003772912,0.03345811051693408,0.22948073701842564,False
sh.603332,2022-04-20,-0.05340859748154591,stop,0.23389830508474518,0.9284114198524341,5.3621,1.3787878787878756,1.5750309239871891,1.8997377230044528,-0.050392399834779056,0.8838383838383819,1.522867617953325,0.3627865528340475,1.0153846153846169,0.023076923076921507,0.6307880711668729,0.2918069584736249,0.5356904603068713,0.2872860464791156,0.043903851723139306,0.005253940455341143,False
sh.603336,2020-03-23,0.10598503740648377,tp,0.1542056074766358,0.8235886108224207,9.9719,1.4874999999999987,2.2902765391606157,2.9422955314873818,-0.05945945945945941,1.3699036323202376,2.1804501072384834,0.892290178243205,0.9411764705882343,0.0,0.7180474735915768,0.11332938161361317,-0.05805505716755621,0.08313317423942863,0.060004257130693954,0.007434944237918333,True
sh.603355,2020-06-01,-0.06444869637062046,stop,0.22335025380710613,1.0137995744914774,7.8899,2.3161764705882355,3.145412304913566,3.7065461970983815,-0.040000000000000036,1.6893854748603294,2.184186514070751,0.5107979670304168,0.8277777777777793,-0.09999999999999967,0.8873115957853268,0.016550522648083543,0.09864979332273438,0.036025846672832006,0.03037703513281921,0.2532981530343006,False
sh.603359,2022-01-11,-0.03881578947368422,stop,0.2574850299401196,0.9613370553622135,5.1948,1.6704545454545463,1.8976929087538583,2.397733384661745,-0.07009063444108765,1.097661623108668,1.7155516730242273,0.6508005217074352,0.785714285714287,-0.2142857142857129,0.8586904504477647,0.3412698412698416,0.38904109589041136,0.24794026952556147,0.03839579224194608,0.11111111111111194,False
sh.603360,2019-10-14,-0.0872737098081598,stop,0.03070175438596526,0.8617027627495294,10.0,2.2277580071174383,2.315912065830411,3.0195651539846873,-0.024887199326516618,1.0769230769230738,1.5923714960649593,0.7519064259796193,1.249201277955273,0.5143769968051108,1.0637444165318832,0.2519928442605992,0.4545853999674949,0.25336234097368804,0.0405166981726528,0.30300429184549355,False
sh.603360,2022-04-29,0.056802721088435384,tp,0.33944954128440297,0.7133053853908629,8.1458,1.3702127659574446,2.2200566525278522,2.4557661745320893,-0.11210191082802556,1.0887465690759364,1.245184451838783,0.6188777990170251,1.0608695652173932,0.3913043478260897,0.5442711779375431,0.22572402044293027,0.20217209690893911,0.08998636570216655,0.053995830437804065,0.07692307692307697,True
sh.603360,2023-03-03,-0.03721682847896435,stop,0.279569892473119,0.6154827647522922,5.8173,2.614310645724265,3.312242274856661,5.0645561860436805,0.007198228128460826,1.3978159126364962,2.2949116147164434,0.5488811088061986,0.8971962616822406,0.3271028037383164,1.0321087968189717,0.08484493856056163,0.14162561576354693,0.10294773788631437,0.023768428622797554,0.29761904761904734,False
sh.603369,2020-10-15,-0.05288558214357527,stop,0.24545454545454554,0.8682349417827611,6.9398,1.792046396023195,1.4990917667594255,1.6743610947931051,-0.1604569420035149,0.6490693739424707,1.2401508938111285,0.7466820276239037,1.1877022653721678,0.48220064724919115,0.8545158111218097,-0.00905250452625217,0.6981683314922951,0.17971758727788928,0.0444512112599811,0.08907138344914725,False
sh.603369,2022-06-02,0.03234939432967119,tp,0.13333333333333264,1.0157574452754186,5.0343,1.269978401727862,1.7913816953246244,1.9979672818911864,-0.14477361654555632,1.1805349182763751,1.7275289649095469,0.5735722833781234,1.0461472181191516,0.04614721811915155,0.8208379169791535,-0.078218253345687,-0.18531864757261407,-0.06439225393153714,0.04112027575333462,0.0294622207696571,True
sh.603378,2020-05-29,0.10375000000000006,tp,0.2730263157894744,0.9528122731691824,9.197,1.6077481840193701,1.7934079072035698,2.0570747416780595,0.03693931398416872,1.1116772823779193,1.9461403314771766,0.48063317124496574,0.9548192771084342,0.05120481927710884,0.9455585211532458,0.29835526315789473,1.083462207046407,0.4313516377069974,0.04872054725107679,0.4634146341463422,True
sh.603379,2023-03-02,-0.04834905660377357,stop,0.283154121863799,0.9695415007702003,10.013,2.485838779956426,2.1505125789918833,2.012695484939903,0.06293049467752043,1.6693766937669428,1.9499895619847922,0.7906008859854534,0.8190184049079745,-0.06748466257668861,0.9251996020960693,0.16955617198335626,0.23462664714494874,0.21223738001467515,0.033353098132226526,0.3666398066075744,False
sh.603386,2021-02-23,-0.034993270524899034,stop,0.2976588628762537,0.7524206242983364,6.2103,1.2792792792792833,1.216113855424289,1.5244007453344572,-0.21653064146620826,1.4629898403483286,0.886629095874838,0.7315493688277757,0.7323943661971801,-0.2676056338028199,0.5062441886001225,-0.13697240219221563,-0.08542457153497718,-0.11195164601873239,0.04100668672728925,0.12104283054003694,False
sh.603386,2021-06-01,-0.034305317324185194,stop,0.07606383271124124,0.8839150716311053,6.9922,1.5315506637847913,2.4419085273408463,2.42215541994973,-0.014561550362909181,1.670886075949371,1.9240587176701271,0.420764013987496,0.771186440677968,-0.22881355932203196,0.826667742913541,0.15971157901233313,0.040640050949329654,0.10789464405904799,0.03823125284562939,0.2083658866277278,False
sh.603387,2021-01-06,-0.0336231884057971,stop,0.24434389140271554,0.8687638049811356,9.9936,1.9860671310956248,2.631230172518763,3.0877154915888365,-0.2555458895171814,1.2414307004470975,1.4348588448786763,0.6448301796656704,0.977678571428573,0.03571428571428923,0.9413992165554614,-0.11090956206271063,-0.22515808491418254,-0.07080874304607361,0.03006897891771107,0.20493358633776151,False
sh.603388,2022-10-20,0.0736899563318779,tp,0.34751773049645274,0.7343422310051126,6.2069,1.5815899581589983,1.6952267462227695,2.4849367411158894,0.04054054054054057,1.6812933025404146,3.0885557230005967,0.48916652868455834,0.851851851851852,-0.14814814814814803,0.8755105516321356,0.18652849740932642,0.38368580060422963,0.19797286251430438,0.03657205240174674,0.24539877300613533,True
sh.603392,2022-06-22,0.06280144011955703,tp,0.3081558858979518,0.7779178409210319,9.9985,2.3472505117055293,1.6028755134950003,1.8835419650854095,-0.2572072350793765,2.043547332025048,4.384297152521317,0.7305170755732576,0.746430999320191,-0.16247450713799988,0.7698097691487453,-0.21347394689131982,-0.09185482986519866,-0.09619671726245169,0.0490896433025819,0.20852011817076663,True
sh.603398,2024-03-11,-0.044334975369458234,stop,0.2937181663837011,0.7465444658279395,8.2251,1.6354679802955665,1.7584946814895956,1.5830250456625294,-0.05704856199905706,1.4682294879703908,2.2022279058573293,0.7517352120727236,0.879518072289157,0.12650602409638603,0.8210265501942977,0.2233656174334142,-0.1132075471698114,0.08943403515549535,0.054972785749628904,0.36226749335695296,False
sh.603421,2020-07-03,0.04792788404826515,tp,0.05882352941176291,0.870786191071233,5.1228,1.7104072398190031,2.5407159868946603,2.772997789219867,-0.061403508771929904,1.1644100580270802,1.6296873615589424,0.6340829783252425,0.9259259259259253,0.3888888888888854,1.0375637040234402,-0.011711125569290992,-0.12332080028604142,-0.037871790134860764,0.02154926486723724,0.2608695652173907,True
sh.603429,2023-01-10,-0.03691550451189508,stop,0.31428571428571517,0.8866157524586231,6.3811,2.2560706401765986,2.744833212490024,3.8030455213503638,-0.03489294210943683,1.5233160621761677,1.8672395288296806,0.5010147665217224,0.849315068493151,-0.054794520547946035,0.9050637657220871,0.06217162872154103,-0.041864139020537317,0.002058363910478244,0.026848035174498512,0.17037037037036998,False
sh.603456,2022-03-02,0.04360041623309059,tp,0.3029576338928863,0.9680084265958845,8.4565,1.2938483547925623,1.509622976917005,1.5441366393671914,-0.24269841269841286,1.5266524520255815,1.5773609107693785,0.7626205506143549,0.9040247678018589,-0.09597523219814111,0.857219664827576,-0.20920920920920916,0.1555338859093125,-0.0586334959650993,0.0521026722925457,0.112359550561798,True
sh.603456,2022-05-13,-0.07670795045944885,stop,0.21188878235858083,0.9846086072088935,6.4805,1.5954991344489335,1.5802065914145471,1.583188223322011,-0.11120996441281139,1.0135347812401638,1.3463797328522338,0.7713950227993771,1.1468354430379746,0.14683544303797466,0.952343769015335,0.2760101010101008,-0.019025431954960204,0.015124069603533083,0.04843987070387227,0.2288218111002923,False
sh.603456,2024-08-05,-0.04360056258790448,stop,0.04761904761904751,0.8143881992486213,5.5183,1.9861591695501775,1.9453514019915183,2.3811704000230844,-0.14318704336464183,1.8534273329743793,1.6490028233829042,0.7761995681510223,0.8902439024390235,-0.09756097560975811,0.8591594721050734,-0.10689091361940173,-0.2020062996621197,-0.10277561254247639,0.031048487348372084,0.27577937649880074,False
sh.603466,2020-06-23,0.1060989319842608,tp,0.08045977011494328,0.6517840580042885,8.4191,1.537454545454545,1.4838156696353766,1.5435521141349,-0.05789473684210533,2.104229607250754,5.271697087088318,0.4340609902039499,0.8344370860927152,-0.1655629139072848,0.7393701082270179,0.31031922791388267,0.21329709281393083,0.19681800064814997,0.044966949952785634,0.34566473988439333,True
sh.603466,2020-12-11,-0.05966587112171835,stop,0.07889908256880704,0.8732985252226174,6.8664,1.6024748646558449,1.2030437573074724,1.578263872996697,-0.04035874439461884,2.0761523046092214,1.8993401753541277,0.8001186509167637,0.7094594594594585,-0.2905405405405415,0.6719037890205349,0.22990745250852385,0.5038713519952354,0.20588855679416707,0.040963696369636954,0.13210848643919523,False
sh.603477,2021-03-31,0.0872817955112221,tp,0.18411552346570456,0.4512818896610948,10.0216,1.415162454873647,1.9805290916402394,3.660824218327724,-0.09166666666666667,1.313526192337762,3.090400148331566,0.650813788382423,1.4553571428571417,0.6964285714285678,0.9085147281544179,0.47999442413684235,0.17704618911543446,0.23936388688287163,0.057689110556941,0.02318840579710169,True
sh.603486,2022-12-08,-0.05571955719557213,stop,0.10357815442561231,0.8120875987544226,8.4766,1.7020335985853206,1.6544825507871515,2.203874989897903,-0.019341412657608026,1.498437500000005,1.9471352848794907,0.610939723654983,0.8127272727272732,0.19818181818181888,0.9780301790895957,0.07322231033571236,-0.2648257129923042,-0.034537288322003167,0.0429638752052545,0.39108149666837505,False
sh.603486,2024-12-04,-0.017365269461077897,timeout,0.09523809523809557,0.6885228550836058,6.6528,1.7512367491166096,1.5495839779422367,2.0444661049042723,-0.10564853556485343,1.4269133115705506,1.0095067162990483,0.674907589476684,0.7429378531073451,-0.257062146892655,0.5665319759037821,0.25254784986328627,0.019477138694234286,0.11969635119845053,0.04796586624330222,0.07739938080495361,False
sh.603488,2022-07-21,-0.06249999999999977,stop,0.09259259259259325,1.0433037780264258,6.6572,1.4893617021276606,1.7388771953090876,1.8710715588008144,-0.07181154096940534,1.4736842105263204,1.9582671943433505,0.5349168537974338,0.7500000000000012,0.3749999999999982,1.0926597069579778,0.01490733340181749,-0.16197343458744717,0.0008942940398117635,0.032581323907883736,0.2503917464809155,False
sh.603496,2019-09-06,0.04019073569482283,tp,0.07418397626112815,0.9498795043702537,7.9317,1.985637342908435,2.4534107323732517,2.960967968844045,-0.0002857517331514847,1.7499999999999996,1.9836677608275621,0.7305002799883347,1.1202531645569644,0.14556962025316506,0.97713329520295,0.10598808284219241,-0.05094949986199426,0.07113122286874107,0.03661604540573707,0.44670658682634823,True
sh.603501,2020-06-24,0.0955124761951269,tp,0.04251968503937045,0.9562634119549357,8.1761,1.6356247883508337,1.6736481449173715,1.763893373281098,-0.09639104613978988,0.9400983087561464,1.243084617729677,0.7229117381221563,1.3478260869565186,0.6434782608695645,1.0406581193693334,0.4234159779614328,0.3647679381483966,0.17305901457142897,0.046319592284368744,0.28040374199901563,True
sh.603501,2022-05-20,-0.07029585798816569,stop,0.0033881897386245936,0.9724127011572021,10.0007,1.685965197593108,1.4759614406337964,1.5876128951593027,-0.35656126482213446,1.6582172489914013,2.389730283518647,0.7648833105960023,0.9466576637407166,0.0594193112761647,0.8916097227694255,-0.31633249791144524,-0.3815371825876662,-0.30515666558409166,0.05191340298568256,0.007530562347188177,False
sh.603501,2024-03-05,0.024721228697664605,timeout,0.2560113154172558,0.8104354435021897,9.4641,1.9798868636077975,1.7174129042667123,1.9560304572896465,-0.13318284424379234,1.2475247524752482,1.40490477979763,0.8836533655036153,0.7822222222222223,0.0,0.9668514388071653,-0.12328767123287665,0.04325146707237559,-0.025532404431120474,0.04077430555555554,0.16674769081186225,True
sh.603501,2024-03-21,-0.050251256281407315,stop,0.020100502512562846,0.9860547382181629,6.6631,1.3881163084702801,1.7303604224637668,1.7835118835366892,-0.09661399548532756,1.9798868636077975,1.7174129042667123,0.5972522569763765,0.9307832422586544,-0.06921675774134564,0.8332582808630198,-0.07951606944957523,0.05137130801687784,0.008158562191441005,0.03966422527674662,0.3472987872105843,False
sh.603505,2022-07-26,0.07218802462227202,tp,0.008576419055893177,0.889222166002584,9.9937,1.7778107030853703,2.25728885495451,2.328404458404824,0.03477634058804835,0.6286317170180852,1.607696386496454,0.6496329764342409,1.137724550898205,0.20359281437125754,0.9441974935933225,1.093799699848566,0.5685509778934275,0.4626197320914496,0.046135071820062476,0.45910618016284965,True
sh.603505,2024-05-06,-0.040571428571428717,stop,0.3192307692307682,0.940146278744184,8.0351,1.8538812785388132,1.573044302959636,1.8292016814670657,-0.03469079939668174,0.8315982853643623,1.8552732718410545,0.85185084724104,1.1767241379310351,0.3491379310344847,0.8649973804269041,0.2741747572815536,0.11409168081494081,0.17314041214259332,0.036818043279487934,0.12549960031974425,False
sh.603507,2022-06-23,0.03910175879396994,tp,0.25966850828729243,0.6808504502939194,10.0173,1.4524321997417162,2.0794704729186355,2.8530114450608943,0.10017271157167551,1.98300283286119,3.0999118441578157,0.6148951286786569,0.8547717842323652,0.06639004149377292,0.9903236980956006,0.15019762845849804,-0.25644599303135895,0.05730509962813193,0.05759658440070814,0.28004535147392273,True
sh.603508,2024-12-27,-0.04228755537656049,stop,0.15909090909090912,0.9661062845448753,6.0215,1.7014035749540513,2.232323958448901,2.2346121383013737,-0.07743872736894641,1.1271526094499977,1.5355254197238113,0.666857427117309,0.732283464566929,0.1574803149606305,1.0573333907896598,0.26233957280939024,0.3909500276249649,0.2005606088527472,0.02971956861923593,0.25242740453248913,False
sh.603511,2023-06-30,-0.026713124274099696,stop,0.13369244623633858,0.9029740969445621,5.3435,1.6724342171759687,1.5902444005945804,1.8292231270691248,-0.018320369566075967,1.3917160608218473,2.0748861955998747,0.8505150749991633,1.1097560975609781,0.7804878048780535,1.090119912817751,0.14162997685573187,0.15628504716196745,0.10337796071094421,0.02795456941247338,0.23565955723079152,False
sh.603516,2023-05-22,-0.009453457744900116,timeout,0.2048192771084342,0.5790003618564334,10.0047,1.4085566525622937,1.612828187035575,1.8764765047755783,0.019939315127871726,1.375201288244766,2.3301350749412326,0.6903800288718323,0.8777373529716741,-0.12226264702832593,0.819255360209587,0.2687218067262478,0.29990826454521713,0.28403751228637547,0.057556324683279377,0.20270376903295206,False
sh.603517,2021-04-30,0.0346027092504934,timeout,0.3690303907380597,0.8756107196461813,10.0063,1.7232876712328777,1.7066084353646171,1.67986078496871,-0.19086021505376338,1.3537664580185607,1.2999316760874318,0.5790753920501561,0.7488076311605695,-0.15580286168521695,0.904268060904708,-0.06631328429251404,0.07166938319796534,0.06486381846338642,0.04049743173830766,0.21886683922921993,True
sh.603518,2023-06-30,-0.07488986784140969,stop,0.35802469135802495,0.8036212674328979,7.4181,1.7585644371941254,1.7269494503477274,1.999135066558787,-0.0927583401139137,1.127516778523491,1.1978156817637067,0.42341038152810406,0.8571428571428579,0.2597402597402589,0.8774078670042036,0.41697877652933824,0.6915052160953798,0.24407420601211172,0.04067547723935393,0.18032786885245924,False
sh.603519,2020-07-09,0.0670103092783506,tp,0.05479452054794586,0.6890102941661429,7.6515,1.6671755725190867,3.1988936147465408,4.8919848068016805,-0.00280701754385948,0.9677419354838711,1.1314540166782334,0.6480161202704966,0.8717948717948666,0.5512820512820481,1.1039794756616343,0.22329242080208145,0.041244730919157035,0.13311859590889424,0.03828165798198462,0.219298245614034,True
sh.603519,2024-02-21,0.0284552845528455,timeout,0.2082111436950142,1.0082953388210618,9.9641,1.6479321314952264,1.621780095818971,1.729836174275279,-0.12935323383084585,2.2162162162162184,2.1429591733877795,0.624686402981303,1.027027027027026,0.06306306306306343,0.5813699546247512,-0.10072992700729921,-0.07738434381032366,-0.07812316215555071,0.039826839826839835,0.16118935837245674,True
sh.603520,2021-05-25,0.10631123100951292,tp,0.3046357615894021,0.884859682534604,9.4855,1.9141748459255867,1.8093065174416267,2.1743781061262166,-0.020143884892086295,1.4156957573092968,1.9686538752696998,0.8054630728560351,1.3772954924874796,0.5959933222036744,1.0449535695008052,0.08443032228778935,0.12683222430637464,0.13159479930434848,0.04592344542114322,0.22413793103448257,True
sh.603520,2023-01-04,0.10153541357107469,tp,0.24155844155844086,0.5024823802263708,8.026,1.7211394302848555,2.099062372918093,2.6478260137399174,-0.08832951945080081,1.5598086124401886,1.7761937069489786,0.393371477106693,0.7865853658536562,-0.012195121951222002,0.7508551914611485,0.214154972544234,-0.14038876889848817,0.014163463784426466,0.04329983249581243,0.046460176991149814,True
sh.603529,2023-07-26,-0.03913952793546472,stop,0.06015037593984995,0.8592749506471786,5.4969,1.8465679676985225,2.7036799873484596,2.9017018854536567,-0.14608165007403062,1.0138990490124375,1.4440671618406564,0.38751268550616713,0.7091836734693856,-0.29081632653061446,0.7994576818076884,-0.10316520879801261,-0.11216770410602817,-0.10926495651600213,0.032045908183632774,0.11632270168855559,False
sh.603533,2020-06-11,0.16768115942028988,tp,0.31786074672048464,1.045165024141132,10.0124,1.435246951117031,1.8844450349110653,2.2911332292107986,-0.053635881104034056,1.1132399427778068,1.223448179457314,0.6957694041609883,1.1132075471698144,0.1132075471698145,0.9151898293650322,0.8731520689399006,0.9334790276819267,0.5480744250847266,0.06609895981368745,0.17676104536835832,True
sh.603535,2021-08-25,0.04239805563056979,tp,0.16310708313166117,0.5203120906902182,6.8788,1.9817237489017052,1.9266256961350638,3.307282049331922,-0.06895962297759095,1.1731571627260104,1.7508020102039468,0.3562026071241148,0.824999999999999,-0.16250000000000067,0.8969630026916424,0.125912462203011,-0.08052813335123066,0.09777875522407835,0.04527527168840087,0.29899882227890096,True
sh.603538,2020-09-02,-0.08467267738141918,stop,0.24413145539906195,0.5463027260305002,7.7171,1.4825958702064879,1.2661135375293542,1.6739397069604296,-0.19389230049758832,1.1711409395973187,1.4516757015650177,0.7003764647581991,1.3175487465181073,0.4038997214484714,0.9427279238984867,-0.04661056412083353,0.7020325238686045,0.19336537194365017,0.05359451771399015,0.11381322957198477,False
sh.603538,2021-12-27,-0.033419763756842503,stop,0.3314763231197743,0.6081547512521646,6.5876,1.7266666666666686,1.5430099849051717,2.2100390398184744,-0.10181531176006309,0.9620991253644303,1.7480662644628908,0.6320947281219118,0.8162162162162154,0.3081081081081085,0.676828610354441,-0.048258842884562614,-0.242470536883457,0.017799020614022262,0.03545568039950062,0.20677361853832366,False
sh.603538,2024-07-10,-0.04784480987982585,stop,0.019762845849802178,0.8225463345354945,6.6071,1.8230629417704465,2.3518320317358725,2.5477053627129007,-0.20026791694574675,1.5272727272727225,1.5629844358628,0.6861476138344131,1.115384615384612,0.33333333333333026,1.0042677542605545,-0.11913357400722024,-0.33551198257080617,-0.08943186388831591,0.03308721135201833,0.05287356321839028,False
sh.603556,2023-04-07,-0.04782608695652189,stop,0.15517241379310415,0.9214364128590499,5.8525,1.8068965517241342,2.008446262372796,2.1557680802869026,-0.05860655737704934,0.7841140529531571,1.4355918629216493,0.5897172832541103,0.9083969465648878,0.030534351145045217,0.9811970806482758,0.2498642042368282,0.5088524590163939,0.17031737420317375,0.03244965956830363,0.15805946791862419,False
sh.603556,2023-06-16,-0.03585658290204472,stop,0.11831599053827262,0.8962498012669436,5.2654,1.566589011738297,2.5133258031782257,3.067061952285766,0.005388146078627143,1.4450425343027657,1.3350833328107297,0.47551478748786086,1.1359999999999968,0.5999999999999951,1.0394340511514288,0.2233407258747735,0.4887958317190122,0.20512978714714136,0.031036987961881403,0.2703802925296608,False
sh.603558,2022-06-06,0.08019674935842579,tp,0.36764705882352894,0.5495456970855286,6.6908,1.4914772727272663,1.2812351160243494,1.6951392825293439,-0.139314369073669,1.1721698113207546,1.3776765011456085,0.7709092522643948,0.8666666666666649,-0.1333333333333351,0.6101072192556763,-0.010989010989011061,-0.03305785123966942,0.02201257861635198,0.05658119658119662,0.08620689655172371,True
sh.603565,2023-07-28,-0.03448275862068981,stop,0.02702702702702848,0.7429222231352804,5.9716,2.138328530259369,2.4272511333747913,3.638240342184214,-0.026196777710982944,0.7179487179487316,2.035804721974302,0.44442289026213166,1.0,0.24528301886792744,1.028899763904682,0.023084430680762935,0.03366377090069772,0.04939991710630617,0.029885057471264385,0.2463768115942038,False
sh.603566,2023-04-07,-0.05865197666882676,stop,0.042492917847027065,1.0172449541419124,9.993,2.3375527426160376,3.6486669641789735,4.256115814983622,-0.04955913651565824,0.8296296296296279,1.7042115406944962,0.4465275663925072,0.8158844765342959,-0.18411552346570412,0.8421872026053833,0.07555089192025188,0.13678373382624764,0.061427605747242285,0.036346883468834704,0.12336448598130813,False
sh.603567,2024-08-05,-0.0018281535648994502,timeout,0.184,0.8244915660805553,5.5662,1.8883720930232528,1.56999197015627,1.8565750074755558,-0.1576716478261022,1.3048583627192,1.3140070058732807,0.6478233862952639,0.9137931034482759,-0.08620689655172414,0.7607742784198963,-0.09553572536425858,0.08272276759793118,-0.015518075778975153,0.029705006091605785,0.1527867332493851,False
sh.603568,2021-05-19,-0.026982150269821436,stop,0.19417475728155417,0.8114379214669594,5.991,1.205685618729097,1.499834516118641,1.8820289687758263,-0.01589293182768703,1.8824701195219151,1.51813196684523,0.5369628132917158,1.2524271844660173,0.6019417475728156,0.9081340348785236,0.25715773034877665,0.12579272365260374,0.16582640114621974,0.03308488612836441,0.14250309789343288,False
sh.603577,2022-12-07,-0.04983108108108124,stop,0.08021390374331579,0.7502370974381736,9.9908,2.697495183044316,4.017663534478003,4.0012031869967775,-0.015586546349466657,1.0023866348448587,3.2949704772953585,0.5619440529581818,0.7300000000000001,-0.22000000000000153,0.9214091135280216,-0.020781379883624385,0.034240561896400346,0.0295702840495265,0.028749292586304497,0.15844155844155827,False
sh.603579,2023-04-17,-0.03777589134125621,stop,0.31092436974789917,1.0327148272591764,5.292,1.7518878101402298,1.561248313642513,1.6433672072556211,-0.13298271975957943,0.9958643507030598,1.3036661510238199,0.6908798574977735,1.0862068965517253,0.25000000000000394,0.7705061947355633,0.13777994157741014,0.1696696696696698,0.08143126525607061,0.02979603480245329,0.08913649025069703,False
sh.603580,2020-09-04,0.01465689540306461,tp,0.17543859649122956,0.9245781548292978,5.8451,1.4754491017964062,1.468964149841034,1.6937749688938424,0.009402283411685586,1.2759493670886088,2.460856715633596,0.6285722714311045,0.965909090909092,0.06818181818182018,0.9251826916855089,0.25421507611083816,0.2850129060915445,0.20176413514162897,0.03702231058095869,0.364016736401674,True
sh.603585,2021-09-10,0.07374851013110831,tp,0.1525423728813568,0.9515078303140643,6.203,2.4749999999999956,3.5854292960318506,4.885549761994794,0.05083694978301301,1.022964509394573,1.8235015899909208,0.3142463113747568,0.7575757575757619,-0.24242424242423816,0.9109634816134524,0.14139344262295106,0.04158049987016588,0.09868940520162967,0.020666267703969687,0.30864197530864246,True
sh.603585,2022-08-25,-0.05151378219611392,stop,0.22193211488250653,1.029847966961574,5.7482,1.4515852613539026,1.8006933770153373,1.8425470347803796,-0.022397891963109262,1.810945273631847,1.301692364879849,0.5439303026904432,0.8512396694214847,0.016528925619834357,0.7750547092816662,0.0923415046491971,0.22220028492217847,0.17380498449732026,0.03138839018551765,0.33730631704410036,False
sh.603586,2019-09-11,0.027570361860999416,tp,0.35960591133004927,0.9047422235008902,5.3757,1.6047430830039564,2.2421667082373773,2.5017176084516533,-0.05737704918032771,1.215686274509804,1.4144489394127346,0.7058889695795214,1.1954022988505744,0.19540229885057434,0.8725216734853068,0.1407989521938442,0.13123831755197357,0.09668234477232684,0.0308457711442786,0.20967741935483916,True
sh.603587,2020-10-16,-0.030755711775044048,stop,0.17840375586854415,0.7364136520183744,5.7992,1.4400000000000035,1.8980863400006616,2.1950905328965526,-0.06343906510851416,1.1929824561403466,1.7354062028724153,0.6158607366512062,0.9444444444444436,0.08730158730158857,0.8502126977794862,0.2682789651293589,0.381983071342201,0.19966135780728422,0.04504065040650407,0.21583652618135502,False
sh.603587,2021-02-24,-0.045936395759717294,stop,0.014749262536872134,0.9159071341238653,10.0172,2.17591801878736,2.1630269884317648,2.4706742832675133,-0.16014552653522762,1.506859536788762,1.7210244682184077,0.7450439358500918,1.2087912087912116,0.32417582417582563,0.9904495141722722,-0.11424229142729314,0.0809819934954421,-0.016287357832268427,0.040309526985513634,0.2648514851485146,False
sh.603588,2021-07-08,0.047936085219707034,tp,0.3852459016393451,0.9575066055835644,8.9377,2.3173734610123105,2.0515089021892936,2.4454707158656848,-0.06688269183507578,1.175572519083967,2.191993379301164,0.5724726549738276,0.8512396694214881,0.1900826446281009,0.828256523955484,-0.0025787453870133037,0.5207595672185663,0.12615406433115262,0.03592912872321722,0.053435114503817306,True
sh.603589,2023-02-16,0.06821389368041425,tp,0.29922779922780013,0.7686863993754639,5.5315,1.7118763176387968,1.4755624399249097,1.6158931738072788,-0.050089982003599154,1.5440796753965325,1.3671362913988852,0.4754186585742528,0.9109195402298823,0.12068965517240918,0.9432965615229979,0.3800865800865798,0.22145593869731783,0.23616999276186537,0.03507423672103724,0.17128577919127647,True
sh.603590,2023-03-30,0.0857441097524607,tp,0.06941838649155667,0.9051455074305259,7.4241,1.9852034525277495,2.3533228377205653,2.5797510926153064,0.02716049382716057,1.6016150740242245,2.2308705988838917,0.5880851586970698,1.1391304347826066,0.1391304347826065,0.9219661829878261,0.3581244947453517,0.48017621145374445,0.22498458135726582,0.03375,0.1843478260869562,True
sh.603595,2022-10-20,0.053781234486182244,tp,0.37821482602117945,0.9454826886960572,8.0392,1.469055374592832,1.647947206513928,1.9640335211024453,-0.27116402116402116,1.1876247504990018,1.5444868477393567,0.8153601572718615,0.796008869179601,-0.04878048780487609,0.9050054546356063,0.29870967741935495,1.511018711018711,0.26844932384558245,0.06164927968206654,0.09383886255924172,True
sh.603596,2023-01-11,0.047621929081447426,tp,0.13519313304720978,1.0399789434533437,7.465,1.5704797047970496,1.69984892413536,1.8119886261868074,-0.1856356791196062,1.3597292724196333,1.3799540237058523,0.618330127203757,0.7286184210526312,-0.2713815789473688,0.8007062129809775,-0.002051158301158318,-0.10360897366424615,-0.06523184608516623,0.05114657639140772,0.13381152609448438,True
sh.603596,2023-06-15,0.1174539837816966,tp,0.1865372460933473,0.759908519697797,10.0074,1.9859571141497248,2.5067481735982113,2.529151287357927,0.014436074344497785,1.3075443470827106,2.1100383195615273,0.6489501235797337,1.2106782106782088,0.3939393939393936,1.0156364965713995,0.20444502533654263,-0.061585307929538424,0.0715351928298855,0.043306221548549656,0.35159447754111234,True
sh.603601,2021-08-13,-0.031541218637992606,stop,0.3854166666666661,1.034187627485875,6.1224,1.736762481089257,2.4561649593969035,2.688549011424066,0.05460218408736339,1.181275996270598,2.207868607331819,0.635348327190959,1.109756097560977,0.28048780487805086,0.9892041141592277,0.2382976527374201,0.10604276102891386,0.19729527403372457,0.03242728625828776,0.41787941787941785,False
sh.603602,2024-03-14,-0.04727793696275079,stop,0.0388349514563114,0.49272036661416174,5.6391,1.435897435897434,1.2731813154452027,1.7690395756030257,-0.11967418546365916,1.3269435569755053,2.182848215837451,0.6016006519505795,0.9250000000000015,-0.07499999999999854,0.7574736248812404,-0.11567635903919071,0.02116788321167906,-0.014505344846816141,0.04948772933047418,0.5932203389830513,False
sh.603606,2020-07-02,0.07557354925775986,tp,0.12499999999999921,1.0119356409647464,6.3562,1.8302207130730048,2.414352532461795,2.5803708900318605,-0.04319375275180193,0.8686131386861323,1.3553013486926337,0.6070585294555778,1.0389610389610375,0.5324675324675326,1.081669089883011,0.2134968193780724,0.3907124380900835,0.1564016924176593,0.030984770172127234,0.22277227722772325,True
sh.603606,2022-06-22,0.12417976499313299,tp,0.20721769499417994,0.9449971420271485,10.0083,1.8963795255930087,2.2828202705407517,2.303036278343505,0.06370967741935485,1.5679296629683894,1.3616485589999754,0.7066302255920474,0.9615975422427041,-0.018433179723503862,0.9494661872358621,0.217624640206306,0.3657480500458361,0.25905108805015653,0.05154520133626158,0.3062467555200185,True
sh.603606,2024-12-02,-0.05042735042735044,stop,0.3322932917316688,0.7549690914958337,6.2442,1.7255035848412381,1.4573418359073032,1.7307719441747231,-0.06832298136645976,1.067088162978577,1.087118974857968,0.5727222597062672,0.825484764542936,0.4155124653739646,0.8773087079557885,0.23365668494306213,0.2234961330123264,0.16181878130083246,0.042142450142450154,0.0391802290536467,False
sh.603608,2022-11-10,-0.037777777777777764,stop,0.13846153846153855,1.0352912083092716,6.6986,1.715686274509805,3.8565476482862455,4.430299302658895,-0.05508474576271183,1.0714285714285705,1.5508713210878682,0.4519668064003232,0.7199999999999989,-0.16000000000000014,0.9306713267991013,-0.02857142857142858,-0.019955654101995512,-0.013888114228345072,0.033936651583710405,0.23809523809523817,False
sh.603608,2023-10-27,0.08241758241758242,tp,0.3698630136986302,0.9594275722541178,7.3286,1.7355371900826448,1.5336318939338875,1.6445849650654574,-0.13026819923371646,1.923076923076921,2.4722933700805445,0.6754348428757745,0.8333333333333338,0.13333333333333353,0.6613024337041128,-0.061475409836065587,0.1536523929471032,-0.011155091759625781,0.03471615720524016,0.005649717514124175,True
sh.603611,2020-06-04,-0.03738317757009335,stop,0.05806451612903256,0.7802492736678472,7.8596,1.7470085470085437,1.4318828026649544,1.646276919893385,0.029731005191127702,2.233046800382046,2.3418859193962955,0.7369947263891498,0.7397260273972636,-0.2602739726027364,0.8344859466704216,0.08010075566750641,0.21400323041791225,0.18302140583799933,0.03889925373134326,0.25902668759811676,False
sh.603613,2021-11-18,-0.046873752295775666,stop,0.17284726587052143,0.872466565752371,10.0046,2.361248905748467,2.97208168430505,3.079646405970599,-0.009053497942386857,1.3337969401947147,1.9432581876360713,0.5655985927166411,1.2906574394463675,0.4178200692041515,1.006155619722786,0.3296878318114249,0.39765625000000004,0.18488591581945227,0.03936224014480023,0.25384115992209494,False
sh.603613,2024-12-13,0.03275671696724318,tp,0.31697341513292393,0.7113569464371573,9.988,1.5706874189364415,2.689649605704405,3.635247527599334,-0.043100451859575895,1.241685144124168,1.8543726916552135,0.5780506990523743,0.8265895953757235,-0.1734104046242765,0.7852774098303553,0.4174908901613743,0.2810551659263132,0.22726117346386318,0.04513404333455748,0.03272727272727284,True
sh.603615,2023-11-14,0.08875106928999146,tp,0.39837398373983757,0.6684661726292609,7.6217,1.5411140583554386,1.6538612090844877,2.0841734129520013,0.06545454545454543,2.6609071274298013,5.725639479708938,0.6280055625218879,0.8795180722891535,0.0,0.9027942086804897,0.27050015667830696,0.4028125990306042,0.2709223475686923,0.04385665529010239,0.39884393063583806,True
sh.603617,2022-01-17,-0.08805970149253746,stop,0.03783783783783849,1.0191065460010902,9.0617,2.1479452054794588,3.6318006246728176,4.118100242751481,-0.05094207955338437,0.9896907216494855,1.3199678426155868,0.4856643254698379,0.7321428571428564,-0.2678571428571435,0.7852771108111871,0.33266533066132253,0.2937743190661479,0.17800757290582578,0.03874686716791981,0.035789473684209955,False
sh.603617,2022-07-05,0.05728643216080404,tp,0.005076142131979917,0.8086396359973976,9.9885,1.6089828269484792,2.2733197156458265,2.42713996744262,-0.09927675988428164,1.5001217848708668,7.218936423416267,0.5742833544580199,1.0459770114942506,0.4022988505747115,1.0671644107024334,-0.049989849261533936,0.14744502314132601,0.07623975834410314,0.04653524135040641,0.232067510548523,True
sh.603617,2023-11-06,-0.0409090909090913,stop,0.05940594059405888,0.6079297817097141,5.9113,1.2494929006085194,1.1780011796989363,2.0314408415195593,-0.23487544483985767,2.842639593908628,5.914524676053415,0.5374285411212768,0.7500000000000006,0.3181818181818187,0.9949325907708322,-0.09523809523809512,0.0532872606296142,-0.060231585699350276,0.05205949656750574,0.1183879093198996,False
sh.603626,2020-02-17,0.12071029529130108,tp,0.1252566735112936,0.8117531325170382,9.7283,1.2566765578635035,1.5487020008680012,1.7080890192160396,-0.050075872534142474,1.826642335766424,2.0448727841073864,0.7115187530228553,0.8842975206611563,0.14049586776859438,0.8354427311570213,0.5882352941176472,0.6763540290620873,0.3798102624973949,0.0638035198318886,0.008631319358816347,True
sh.603626,2020-06-04,-0.040189125295508284,stop,0.006849315068492583,0.7863715701798006,7.6217,1.5390728476821174,2.0743650696113285,1.888122314191056,-0.14202049780380666,1.3554913294797721,2.5004473154341436,0.8872451279825412,1.5301204819277132,1.0000000000000022,1.0997068689614948,-0.06062874251496997,0.5628891656288919,0.12861403798018545,0.04124833997343957,0.24564796905222505,False
sh.603629,2022-12-09,0.04482225656877902,tp,0.046931407942238594,0.7796596191249296,5.297,1.5987654320987637,2.594862498513028,3.246388032049064,-0.039531478770131745,1.014722536806339,1.5590400138759217,0.5559656143471173,0.7297297297297308,-0.2702702702702692,0.7491248827998883,0.052688756110809365,0.23518164435946476,0.050202535189642496,0.038200894392844825,0.020344287949921897,True
sh.603630,2022-01-12,-0.03130841121495309,stop,0.26446280991735643,0.5268852348797888,5.85,1.904651162790706,2.7686993836186025,4.795389249744171,-0.11791666666666667,1.183958151700082,1.3808157452029768,0.5247564452058537,0.9401709401709405,0.32478632478632197,1.0312973230812572,0.07750000000000012,0.04206963249516438,0.07196153208423152,0.035699922660479534,0.0394736842105266,False
sh.603633,2021-09-27,-0.06498781478472805,stop,0.22222222222222332,0.5265997120729009,7.9717,1.9371069182389922,1.8759445447985132,2.6374934426609418,-0.07149528319347598,0.8680409682886914,2.2131501949842076,0.6191810839642531,0.9181818181818191,0.10909090909091006,0.8050518074623172,0.07951481375240776,0.17560798846142878,0.16879013467902268,0.052665436757087805,0.041424643565979635,False
sh.603633,2021-11-15,-0.04728434504792322,stop,0.10588235294117629,1.035963270505541,8.7083,1.3805855161787357,3.424134279095793,3.738393725872704,0.05865724381625448,1.1745419479267099,1.5687481610302751,0.5563168266327408,0.8281250000000001,0.3906250000000012,1.045154019129535,0.30747990660181235,0.7619988809058285,0.34720016208435894,0.057127476313522815,0.23734533183352077,False
sh.603636,2020-04-21,-0.04364471669219003,stop,0.20962199312714824,0.7257053655902157,7.5949,1.539456662354461,1.673830386001874,2.063696355355531,-0.23423423423423428,0.9117647058823513,1.4274126038493324,0.8013278406685972,0.9411764705882342,0.5882352941176477,0.9831429380514732,0.10878661087866104,0.17347962855691024,0.09082143318344052,0.04734591194968555,0.22590837282780396,False
sh.603636,2023-01-06,-0.0387959866220736,stop,0.26007326007326015,0.5301935389397976,7.0597,1.6368159203980124,1.5243050185891722,2.3546774898438425,-0.12648456057007107,1.6600790513833954,1.409771702162048,0.7058784970913196,1.1914893617021287,0.1914893617021288,0.7441445767038395,0.1705974842767295,0.0876552227903582,0.06607162034772038,0.04275800313409447,0.07098765432098714,False
sh.603636,2023-03-06,0.041104294478527835,tp,0.293193717277487,0.8100958417761944,6.0897,1.2632450331125844,1.6628112905998353,2.030648562587466,-0.11968085106382964,1.3562499999999982,2.4185691746229936,0.5035521693716747,0.7431192660550441,-0.25688073394495586,0.4411454354850942,0.01878522229179702,0.20073800738007375,0.10931187890977889,0.05197705388240117,0.2694174757281555,True
sh.603636,2024-05-17,-0.04853273137697517,stop,0.3309090909090911,0.9718718318292224,9.9757,1.900662251655628,2.109509914024176,2.0183770021395837,-0.25901639344262295,1.1720930232558127,2.4775167054730467,0.7381229061929835,0.7560975609756093,-0.085365853658535,0.6138093437523277,-0.017524644030668113,-0.4008016032064128,-0.1885106864186361,0.048829431438127076,0.14801444043321318,False
sh.603638,2023-09-01,-0.03181568842567211,stop,0.35606060606060835,0.8657895109254224,6.6465,1.9187817258883237,1.8652642337536671,2.2276175660319892,-0.1595238095238095,1.9081779053084613,1.7941291231304748,0.5789416478264163,1.2592592592592582,0.43518518518518545,0.8162776156169953,0.0811455847255369,-0.012846248029241947,0.016049117053907894,0.028108903605592372,0.09666666666666683,False
sh.603650,2020-09-24,-0.03530450132391892,stop,0.07692307692307747,0.6312722543339238,7.0777,1.459840300610618,1.5655065199765807,2.2114323135326774,-0.18933079304596334,1.4566704675028532,1.2132437675718277,0.7071082102589129,0.7342342342342357,-0.1756756756756755,0.7731887029501149,0.3701140065146582,1.2427873526629076,0.3185990196091686,0.05792966815255075,0.025641025641025286,False
sh.603655,2023-01-06,-0.03732162458836448,stop,0.11999999999999943,0.6231471665150009,7.9518,1.5637860082304478,1.8124300083607365,2.5152805937806098,0.03384615384615364,2.7368421052631566,3.0138343407801176,0.4611746376206772,0.9421052631578958,0.33684210526316205,1.0217348812321727,0.49159891598916006,0.5308952414915584,0.3363038997396256,0.038444767441860435,0.48168007149240344,False
sh.603657,2020-10-15,0.03855363984674329,tp,0.04360056258790402,0.9705689212423757,8.1389,1.4268199233716468,2.6186799204709224,2.7638914840723676,-0.054554079696394475,2.02171552660152,3.553611620754621,0.723495066563917,1.1203007518796997,0.9699248120300751,1.121177777579305,0.11215932914046123,0.28351029527910465,0.17558893957497712,0.04184731385485388,0.164644714038128,True
sh.603657,2021-02-24,0.023894862604540098,tp,0.14529914529914606,0.9251998499353132,5.2967,1.2742514970059868,1.3976298976808923,1.68813210173305,-0.2098776877556321,1.3141762452107277,1.775125713987113,0.712315645451913,0.7236842105263146,0.1973684210526285,0.8004981166664796,-0.16968910422011962,-0.11636234286695302,-0.10830615883626403,0.041381381381381394,0.08840864440078676,True
sh.603658,2021-09-24,-0.06484962406015043,stop,0.053872053872054376,0.6822382910173832,10.0,2.6025297048677656,1.6456253554593,2.0663562017604877,-0.3330416302037754,1.436885568226504,1.758628387992305,0.7803633143932557,0.7340206185567011,-0.08247422680412524,0.8703128527461985,-0.3011746073643923,-0.3684350748857619,-0.2773001261293532,0.04564054139124965,0.0649350649350648,False
sh.603659,2020-12-23,-0.029707112970711404,stop,0.16295850871918233,0.8272534799342712,8.134,1.2793682132280373,1.8146928009911178,1.8914682949024182,-0.07920469361147331,1.3475192943770675,1.9185751543971021,0.7150316036040687,1.7731481481481468,1.0802469135802457,1.0218099028657681,0.09339407744874717,0.16482236458940003,0.12164645236468775,0.04743333333333331,0.40611986239362696,False
sh.603661,2019-10-11,-0.05167958656330755,stop,0.07551487414187821,0.9884202510515132,7.0376,2.6604361370716414,3.8686683604656777,5.287707120790367,0.04565217391304355,1.9923076923076999,2.439943855762674,0.4741537753082257,0.7868852459016411,0.0,1.0009107147875804,0.14797136038186132,0.013381241132359945,0.14089243621745073,0.02165627165627167,0.36514983351831304,False
sh.603661,2019-12-19,0.0583824087377099,timeout,0.09502262443439038,0.9332257362218807,9.3898,3.19815668202765,3.1293434705533785,4.401955073267858,0.012214796035953102,1.1611374407582915,1.3042204676081866,0.6808612009621655,0.9711815561959648,0.037463976945242956,0.9869255157239414,0.25929102344196675,0.33282904689863835,0.21022301896382373,0.027536889897843357,0.19710669077757734,True
sh.603662,2021-12-31,0.036336591585210416,tp,0.35672514619883083,0.6543011982141493,5.0137,1.5570731707317096,1.5749139241973178,2.105086798602695,-0.10697674418604664,0.812603648424544,1.961710740186947,0.4368111401089263,1.0438596491228074,0.5789473684210531,0.6882120661272964,0.020671834625323182,0.2382445141065832,0.016505708015526335,0.033811533052039405,0.18082191780821846,True
sh.603662,2024-09-06,0.09809995869475423,tp,0.2572214580467675,0.8004806216451712,8.3078,1.3387015601409167,1.7133509585825766,2.154552220891761,-0.06723562152133589,1.3100338218714782,2.4557785982806237,0.5071129322494015,0.8526315789473683,-0.12631578947368377,0.6510521972255233,-0.030212917941281003,-0.2178939869165153,-0.04213517878660188,0.052874031797798586,0.1151943462897527,True
sh.603663,2021-02-04,0.07980510752688202,tp,0.18181818181818177,0.8269597450876368,9.9773,1.6219512195121992,2.578979644536356,3.022064814690973,-0.19774191227607363,1.4930747922437702,1.1209671875279112,0.495957348575831,1.0,0.0,0.6919608120650361,-0.02251753155680225,-0.16886062111801226,-0.11451098154441891,0.0408293337350867,0.01805054151624542,True
sh.603663,2023-04-18,-0.060398505603984895,stop,0.12676056338028197,0.9810053646231472,10.0275,2.603658536585362,5.4949934268076905,6.195704038206425,-0.08457142857142852,1.5478547854785474,2.606524398987399,0.6424508318068838,0.7213114754098356,-0.03278688524590181,1.0109581794620506,0.18810408921933108,0.122191011235955,0.11422943504105146,0.028994576554025868,0.3244274809160309,False
sh.603666,2020-12-09,0.04189520364103169,tp,0.032075471698113735,0.6432608650771224,6.3332,2.1488560671879537,1.5798785720805533,2.2360197045946673,-0.12439123376623384,0.9425887265135737,1.8371997692173279,0.7322453991602365,1.015094339622642,0.01509433962264201,0.8871284317022728,-0.034752486311319886,0.16905719212741155,-0.04981417417674533,0.03980087983329473,0.04685408299866088,True
sh.603666,2021-06-24,0.04421423274024668,timeout,0.15562913907284845,1.0344484493368207,10.0,3.514876735619156,3.2667131184096516,3.636769009779334,-0.08755241894241594,1.4132343011478716,1.5977038106011623,0.36603472112050406,1.0225733634311516,0.16817155756207783,0.9592008450959447,0.054651162790697594,0.013758801493673367,0.03152028725451556,0.02674751929437705,0.17643028434395377,True
sh.603667,2021-05-19,-0.026936026936026883,stop,0.13043478260869626,0.8643056276388887,5.8473,1.3528089887640413,2.4204670322099355,2.8311313558916242,0.013714285714285568,1.6545454545454503,2.4498395493280634,0.7262412623411921,1.0930232558139572,0.23255813953488655,0.9466206204810061,0.2741477272727273,0.03669351087555017,0.15891377680613622,0.03522853957636565,0.2287581699346405,False
sh.603667,2024-04-26,-0.05604395604395606,stop,0.22411128284389498,0.731633975916044,8.6262,1.2189973614775733,1.6333278345673987,2.0811148098160825,-0.17715392061955482,1.2558941920644076,1.4486625584867028,0.5503817696369819,0.931818181818183,0.3409090909090905,0.5941242656459725,0.07982673267326734,-0.009648127128263462,-0.06426372212118109,0.061413562559694386,0.05496183206106864,False
sh.603669,2024-05-07,0.08647798742138367,tp,0.3628318584070798,1.0347779586148962,7.9254,1.7238805970149262,1.7787602977057062,1.6456300182111465,-0.10444874274661509,1.1943127962085316,1.246095905498288,0.5899093238333649,1.3030303030303045,0.45454545454545553,0.9574810242562793,-0.030425963488843744,-0.13090909090909075,0.001588992299498751,0.035495118549511866,0.2962962962962968,True
sh.603676,2023-05-05,-0.07805203468979321,stop,0.0865051903114186,0.914694718412532,6.6478,1.7939233817701463,3.092801574487189,3.894525349380514,-0.07880268784361633,1.3195876288659825,1.6879384737928247,0.43702711797484983,0.7628865979381431,-0.23711340206185696,0.8693006869987573,-0.024950755088640864,-0.06309148264984221,-0.008948384118703733,0.038024691358024706,0.1825095057034218,False
sh.603677,2021-08-26,-0.03155339805825242,stop,0.2977099236641185,0.993265090283604,5.3708,2.0537190082644567,1.550647917480826,1.538384296997149,-0.02292490118577084,1.5262054507337584,1.5667931223157505,0.6395184648993895,1.0281690140845101,0.07042253521127002,0.7828607029982946,0.14377880184331815,0.0977287473907078,0.10043268628893473,0.03314531291968843,0.3687943262411354,False
sh.603678,2024-11-08,0.032496561210453884,tp,0.35092348284960495,0.9541069014364166,7.3081,1.2055037727474454,1.3656514599577338,1.5703609849784983,-0.07090620031796502,1.0702836004932168,4.523553703176536,0.59935054916771,0.902061855670104,-0.07216494845360817,0.7044943058631119,0.17301092521131523,0.15685537132290106,0.20129370656260612,0.05188859861472992,0.26587061036152904,True
sh.603679,2019-10-15,0.028617710583153353,tp,0.12935883014623156,0.845192753131966,10.0119,1.3231441048034938,2.1567403787928936,2.5219087650281438,0.011868131868131737,0.8232494901427606,2.185633508221711,0.8020207056764526,1.165016501650165,0.21782178217821782,0.9511707030249106,0.08807082945013978,-0.014676186808881608,0.09110008222697734,0.05081370449678801,0.2611218568665377,True
sh.603679,2022-10-13,0.067827681026581,timeout,0.2542372881355948,0.7475538046053013,7.5848,2.564356435643559,3.0903904084129055,4.20650130275829,-0.274074074074074,0.9480314960629863,0.8155041245969229,0.5075732742481291,0.9909909909909914,0.12612612612612667,0.661688529826787,-0.04210526315789476,-0.061049011177988,-0.01734494162111086,0.04163614163614166,0.1321695760598505,True
sh.603681,2021-04-21,-0.03621052631578947,stop,0.3350923482849603,0.9664426335355414,7.1017,2.006012024048098,2.4697138273422077,2.8281024818300815,0.004048582995951344,1.45161290322581,1.597162972736129,0.6410358011340442,1.573426573426574,0.6993006993006996,0.9328637972325535,0.16077650572424096,0.27128786082395284,0.15044123348415833,0.02891652372784447,0.2130718954248362,False
sh.603681,2021-11-23,-0.06513209521318322,stop,0.16027874564459924,0.8357419743144201,9.9943,2.0211685012701133,3.038498741493395,3.8329987543492976,-0.0795806528472719,1.0399677028663659,1.558650795774221,0.6094361428923105,0.8914956011730195,-0.10850439882698051,0.8139146405482327,0.2856182795698925,0.4859602303053703,0.2579093812414179,0.04361387001219724,0.32369578881206845,False
sh.603682,2022-07-21,0.015017667844523002,tp,0.3626373626373632,0.885419425573942,5.3604,1.5774647887324007,1.7824483369428838,2.0380428490905724,-0.1678832116788319,2.07407407407407,1.7693558284123585,0.43300174929393026,1.0,0.0,0.552207870744466,0.008849557522123908,-0.07317073170731703,-0.022731494049234635,0.022865497076023363,0.03496503496503544,True
sh.603683,2023-05-09,0.03455497382198939,tp,0.126582278481012,0.8691375642447104,6.8027,1.9622641509433896,2.41250491846236,3.0840897327458876,-0.0626865671641792,1.4807692307692235,2.374592475388872,0.6096466093600764,1.0192307692307716,0.2500000000000035,0.899986917884214,0.04371584699453557,0.0010482180293502896,0.0659176099634464,0.029773123909249567,0.17187500000000028,True
sh.603686,2021-09-28,-0.03124999999999976,stop,0.12903225806451568,0.8706157743937718,5.7269,2.2829736211031117,3.1540327921552747,3.7358717212908097,-0.11001236093943134,0.9800000000000012,1.3048063592158043,0.5018216939058038,0.7205882352941173,-0.2205882352941187,0.8330887298647248,-0.044906166219839116,-0.1904284376197758,-0.05459128304677087,0.025192982456140354,0.23333333333333336,False
sh.603688,2020-05-08,-0.07717569786535311,stop,0.013888888888889181,0.7972441322520204,10.0047,1.8146406984553431,1.6890257249816871,2.0005316832648656,-0.31178372024684087,1.0219584569732962,1.0721989845263373,0.7173318183358036,1.341968911917095,0.38860103626942893,0.977782580190571,0.03246475865014964,0.6173907907846221,0.13023683831751282,0.04396634946903872,0.2118126272912431,False
sh.603688,2023-09-01,-0.03023136246786632,stop,0.276148312119535,1.036419596076015,5.4286,1.667219917012447,1.9837792028106738,2.2530179690845715,-0.17845521493406402,2.3644955824943494,2.765450388734594,0.4597105240373675,0.9512195121951209,0.17421602787456392,0.891382918391674,-0.0822682949919531,-0.28611685713316837,-0.11686606892508938,0.03342617426586893,0.09730621220450775,False
sh.603688,2023-09-28,-0.051033834586466244,stop,0.2616226071103026,0.7156768989632529,10.0,3.5384615384615348,2.524962923790341,3.805880987721057,-0.09344827586206905,1.667219917012447,1.9837792028106738,0.7661274633618232,1.0020703933747412,0.15631469979296087,0.9374873088048309,-0.0063344201210990825,-0.17549677156083776,0.008441279439305043,0.02977719446267305,0.33313161875945596,False
sh.603688,2024-03-21,0.06738042592808097,tp,0.11409395973154503,0.8912307387917437,6.4059,1.5022453320727982,1.4541709089140977,1.5410487290534018,-0.048743169398907105,0.9788135593220405,1.2298087376071265,0.47079893625666197,0.7863436123347994,-0.21365638766520062,0.8499833845236935,0.18065843621399158,-0.0907612390294753,0.010923703625062068,0.035866155454862284,0.3685265619779485,True
sh.603689,2020-08-17,-0.025962399283795866,stop,0.20270270270270224,0.8880619158612415,5.2142,1.8317757009345859,2.0252576221573166,2.4374023115018044,0.020776874435411097,1.3276496884790043,1.8360130410710864,0.5077225966505178,0.7321428571428555,-0.250000000000002,0.8775241946349548,0.16093714317487207,0.04665906192398794,0.08597687097019999,0.026200270969612117,0.10267435883942712,False
sh.603689,2020-11-09,0.03220191470844222,tp,0.12121212121212073,1.0148629316988724,5.0233,1.857142857142852,2.9975460157505847,3.548575396948031,-0.00877963125548753,1.7062499999999945,3.7522749645770794,0.7366092607710675,1.0192307692307747,0.40384615384615724,1.0301408029975507,0.08184383819379115,0.16077234852024658,0.09566692439662094,0.020289855072463808,0.31538461538461465,True
sh.603689,2024-04-09,-0.06888888888888875,stop,0.2093023255813955,0.8622303789410005,5.6206,2.4347826086956488,2.662313181955689,3.4691290284075627,-0.02062975027144409,1.6535433070866064,1.2180040711907199,0.45772795595785426,0.8269230769230768,0.038461538461537194,0.9969316326340695,-0.005500550055005604,0.14141414141414144,0.07869458862836338,0.022861356932153385,0.47263681592039797,False
sh.603689,2024-09-27,0.056173526140155805,tp,0.08256880733944963,0.9339288234164163,7.1605,1.9673202614379088,2.7018562297302133,3.2885448122233725,-0.09865005192108,0.9621993127147758,1.3959862557559084,0.7184028023339978,0.7209302325581382,0.09302325581395694,0.9102473949923912,0.0022988505747130183,0.006376320824532877,0.010728585543549116,0.024770642201834833,0.03731343283582196,True
sh.603696,2021-08-12,-0.049163179916318175,stop,0.29251700680272036,0.8840952307301696,6.1521,1.718181818181823,2.207472493506803,2.5541953446169865,-0.27517991907849115,0.9849246231155688,0.9870364120538778,0.634912378348497,0.9814814814814796,-0.018518518518520356,0.6377411049057597,-0.20472503826615507,0.03106849449021354,-0.03497651505150102,0.033263009845288335,0.12337662337662396,False
sh.603696,2024-09-24,0.0930232558139535,tp,0.22727272727272713,0.9236998774149624,5.0794,1.5328467153284677,1.8754533902868684,1.8286936038038104,-0.15883100381194415,1.0042194092827035,1.0517999853128934,0.8075051194894024,0.9666666666666683,0.5999999999999994,1.0047237973616059,0.002949852507374562,-0.15629791766647572,-0.07181347875987475,0.027254901960784284,0.23809523809523847,True
sh.603697,2022-12-06,0.026097763048881496,tp,0.1452991452991447,0.8476429752058833,5.3667,1.3513513513513509,2.3416348765961756,2.367942305033016,-0.018333333333333313,1.043977055449323,1.6718136018028913,0.8329810792009454,0.960000000000001,0.6599999999999977,1.0121968247356365,0.06978798586572421,0.0760730357656787,0.08345948088972929,0.032177263969171484,0.5138888888888881,True
sh.603699,2021-08-10,0.08016443987667003,tp,0.2258064516129028,0.9188195254791529,5.3203,1.700258397932818,2.091067451733391,2.5901058969442747,-0.20006597394029357,1.2324608742579666,1.9182726339370746,0.5335910955627972,0.8510638297872373,0.14893617021276273,0.8580316341633935,-0.16330453317093607,-0.23066827654995015,-0.16043266409938584,0.025841768073088432,0.10038119440914876,True
sh.603699,2022-12-05,-0.04796380090497752,stop,0.23199999999999968,0.639208994941463,8.6789,1.5923190546528798,1.392700645453535,1.7622013004878507,0.01623083859332719,1.290780141843971,2.9714314031871907,0.4658793796582665,0.8051948051948045,-0.18181818181818063,0.8610414044375878,0.272,0.33653631124333505,0.2746112811230772,0.04183887391434561,0.29178470254957495,False
sh.603699,2023-09-27,-0.025082508250825156,stop,0.1515151515151513,0.6810518014201925,5.0209,1.232704402515723,1.408720243377069,1.5324305515132894,-0.05163727959697739,1.3457675753228087,1.4492302361346185,0.37466702352795733,0.7142857142857147,0.14285714285714435,0.7408966111450618,0.05621412839457962,0.26816486109324456,0.07682767952929134,0.031153676794363688,0.037037037037037375,False
sh.603699,2024-08-22,0.041984732824427516,tp,0.029411764705882134,0.6854055384587279,5.5493,1.5622317596566513,1.5030062723077384,1.9434943241888456,-0.0798625227126849,1.290196078431373,1.1147803904799614,0.6228132984782807,0.71153846153846,-0.28846153846154,0.8426000611494976,-0.06470272745713967,0.23325190855162825,0.041049978369256744,0.037277353689567465,0.20598006644518194,True
sh.603700,2021-03-04,0.01934235976789171,timeout,0.03274559193954549,0.8732328947275588,9.9872,2.652137468566633,3.731370199123782,5.241973141995695,-0.15221392074274975,1.422090729783041,1.0637625685743246,0.5042464198594073,0.8716814159292037,0.15486725663716872,0.9433712488291006,-0.08882971276293905,-0.2616867279554943,-0.08104163579532753,0.030883103624298153,0.06568144499178988,True
sh.603701,2022-09-29,-0.09212376933895922,stop,0.20855614973262102,0.8358005536834863,9.2767,1.4090909090909092,1.4292032334083242,1.8624662903258817,-0.10725754656390485,1.1243523316062227,1.3354066562838012,0.630796122721683,0.8870967741935469,0.3387096774193549,0.9937862303242352,0.7129186602870816,0.5891693521851447,0.4797501265576572,0.0717877094972067,0.4330900243309006,False
sh.603703,2023-09-13,-0.0322580645161291,stop,0.16363636363636333,0.8653156261558904,6.0635,1.6144144144144112,1.879936154707987,2.3470058816988173,-0.11343523732904282,2.3820895522388046,3.093968539673334,0.7278412482497859,0.781250000000003,-0.21874999999999706,0.7656879077993265,0.01021355617455888,-0.050032521611817815,0.03818156752189364,0.03146446078431372,0.18309859154929628,False
sh.603703,2024-11-08,0.03598326359832634,tp,0.3584905660377348,0.9469762252822966,7.3436,1.382926829268292,1.6012464108559883,1.6946762861117557,0.03859649122807007,1.6228373702422165,3.8872602406167154,0.41200847831871884,0.9506172839506183,0.074074074074077,0.9154769811084416,0.2293388429752068,0.06647696816448234,0.22728896402293225,0.04459383753501399,0.553816046966731,True
sh.603708,2023-02-16,0.03995157384987891,tp,0.3965517241379317,0.7410829210033097,6.0272,2.0706401766004374,2.4529845824621583,2.729773034891213,-0.05593348450491298,1.4689984101748805,2.0271307353022268,0.5426826950777539,0.8208955223880551,-0.17910447761194495,0.6571579044754282,0.11945701357466043,0.0590753424657533,0.08796669549538966,0.03133926165454057,0.18457300275482083,True
sh.603712,2022-09-13,0.05953070683661633,tp,0.15885416666666638,0.6693002811235002,7.3512,1.7212605415002273,1.8273199299174145,2.7852929628739207,0.056186491332935073,1.5822401614530759,2.501165483514806,0.5100283255919263,0.8267148014440412,-0.17328519855595884,0.8862346028471253,0.13870187840683856,0.07237650841992882,0.14856582425738327,0.04331612162937464,0.2869666861484516,True
sh.603712,2023-12-27,-0.03896920175989954,stop,0.08474576271186388,0.9467434334265221,5.4,1.3764044943820253,2.3672529723563387,2.5554568933069812,-0.0022088987062165444,1.006535947712418,1.9814661801954752,0.5808241158128716,1.1285714285714255,0.1428571428571425,0.8640940313657085,0.27945315641334934,0.03614457831325302,0.14412416851441243,0.03300858998533416,0.14536585365853633,False
sh.603713,2020-04-09,0.09848359980220873,tp,0.1547314578005116,0.7769329731764552,9.9922,1.6199467441297528,2.3039138344603627,2.8608437513395866,-0.04401349072512639,1.0814138204924564,1.15475117342052,0.5557479972557119,1.838912133891213,0.9372384937238483,1.030067245253066,0.48687408847836644,0.762454218869693,0.4412760936976484,0.05417688409350987,0.10704225352112669,True
sh.603717,2020-12-23,0.0659472422062351,tp,0.2881355932203392,0.7370120023551908,5.905,2.3245283018867973,5.113702388223983,6.635039344725719,0.008557457212713837,1.0632911392405051,2.713847180563364,0.38977112278860604,1.0227272727272727,0.20454545454545373,1.0280448719074131,0.08877284595300261,-0.019976498237367912,0.019289919133074002,0.02330135891286968,0.3072625698324023,True
sh.603718,2019-12-13,-0.04936424831712781,stop,0.2753623188405791,0.8909021138200471,10.0,3.871604938271603,6.705784101460405,10.997240368162377,-0.04347826086956552,0.9112426035502966,1.8028182792046927,0.5656206779796272,0.9107142857142858,0.03571428571428861,0.9843357017076092,0.05162827640984924,-0.04044795125970668,0.05131507655745418,0.023489425981873115,0.3841059602649028,False
sh.603718,2020-04-14,-0.03313609467455614,stop,0.294117647058824,0.992863584379082,7.1845,1.5275590551181062,1.5351307531917515,1.7039460548232679,-0.0940919037199126,1.2193190815518633,1.61919656382719,0.6150700260020141,0.8865979381443295,0.25773195876288885,1.024578801255987,0.1474402730375428,0.3811464346959561,0.18637423791545604,0.04602419194923655,0.32789115646258593,False
sh.603719,2024-01-15,-0.06564659427443247,stop,0.3985765124555155,0.8144192166144948,9.9944,1.9628195197521319,2.2986770912614607,2.3410266611360115,-0.22858255451713394,1.455197132616487,1.0891912236980348,0.7793909562600404,1.0,0.25966850828729204,0.5593111997102436,-0.0004928536224740876,-0.17961165048543692,-0.08077584090351086,0.05218606180144641,0.10796460176991152,False
sh.603725,2024-11-28,0.06401137980085368,tp,0.05555555555555438,0.8202200684451939,6.5379,1.3125000000000029,2.2687895199539345,2.4876966565483825,-0.05284015852047563,1.1802325581395317,1.3933431275839832,0.5744551031069822,0.7222222222222217,-0.27777777777777835,0.7818880411005742,0.24035087719298232,-0.04154704944178622,0.12271896362619909,0.03771805752003774,0.11610486891385727,True
sh.603728,2020-04-03,-0.07972027972027979,stop,0.002597402597402187,0.7881837587317627,9.9676,1.219858156028367,4.301432041254924,6.268105306285982,-0.13621896880967554,1.667381974248928,1.8433928497424439,0.7593411875062048,0.709302325581397,0.31395348837209397,0.9220082780161316,0.2302222222222221,0.0937365679128741,0.18347706250285775,0.06322254335260116,0.10225763612217813,False
sh.603728,2020-06-01,0.07929878483619242,tp,0.20261437908496643,0.6627178437396402,9.9647,3.46929824561404,4.463226178603151,7.195173885644306,-0.20471938775510212,0.8749999999999988,0.860473541746241,0.592622697770875,0.9557522123893796,0.23893805309734728,1.0779054519383016,-0.018489984591679498,0.21993333098995893,0.0781665944177895,0.02927786499215068,0.4374999999999996,True
sh.603728,2021-10-27,-0.043352601156069356,stop,0.23004694835680786,0.6646889463093099,7.1649,2.0317073170731783,2.1947294448504384,2.4570537609948437,-0.15817564289179997,1.3371537726838636,1.239320092916166,0.5316917499003609,0.7731092436974761,0.033613445378149566,0.7680669755521145,0.002305475504322585,-0.04703314819506854,-0.011252784297252426,0.03684109641556448,0.16344463971880405,False
sh.603729,2022-07-21,-0.04314002828854307,stop,0.3333333333333345,0.8308942509947668,5.626,1.76753507014028,1.4940087605560264,1.8857667235238211,-0.16426332288401257,1.8958333333333401,1.445870551579514,0.831901105195053,1.47619047619048,1.1428571428571457,1.0560893092787655,0.13489499192245558,0.08662026295436953,0.04330391950594685,0.02951364175563463,0.2055427251732106,False
sh.603730,2023-09-01,-0.041335453100159,stop,0.24943820224719013,0.6026671545544897,7.493,1.3999999999999995,1.3521891825165107,1.5096761880179153,-0.03782148260211804,1.0659898477157375,0.9345624422185824,0.44087743360392423,0.8148148148148131,-0.1851851851851869,0.7359347590955044,0.47339593114240985,0.42215666455488976,0.2706052171818233,0.05239865462913788,0.07542579075425766,False
sh.603733,2021-10-25,0.07683863885839734,tp,0.005820721769499954,0.8163968102362686,7.497,1.437213565536205,1.8145563053531486,1.9984775153184808,-0.15393766357363792,1.360269360269365,1.1138433657749462,0.5912962246145473,1.1071428571428574,0.10714285714285739,0.904881435846863,-0.10967421039542402,0.3591728610740017,0.053527893501061505,0.04034450651769085,0.17404865876481623,True
sh.603737,2021-01-04,0.04052608782182442,tp,0.13915857605177973,0.8299303357122533,5.7518,1.7096363379085953,1.7241483185426874,1.9111331323275726,-0.15017667844522964,1.0787843871525238,1.6681112406670284,0.4964611709476894,1.1031286210892217,0.46349942062572175,0.9976424393538257,-0.10120340475491618,0.49740831295843524,0.042019475621444737,0.03188992663226877,0.1668347791002627,True
sh.603738,2021-10-20,-0.06857035506293438,stop,0.025730994152046622,0.7418175978963266,10.0,1.4524746324290754,2.0418941215382613,2.1413605536469507,-0.12564102564102564,2.037780870948499,1.4021924213061396,0.6538905078976186,0.8276512876825128,0.4057958581404526,0.9991946007387449,0.09295185469140321,1.225231684070447,0.37027660649147737,0.06724593158657706,0.1494965519474211,False
sh.603738,2024-07-12,-0.05244252873563214,stop,0.1027596332314294,0.7288416625396721,7.9903,1.3762546665232978,2.495735603225963,2.9609734142188397,-0.05617376234487026,1.3939434692830734,1.8577600960392373,0.6580757104004499,1.1910112359550553,0.5617977528089885,0.8004266708503075,0.11874302098661071,-0.06106839933336239,0.05001252322947758,0.04160651503994724,0.041630757076588434,False
sh.603739,2020-10-22,0.033269598470363274,tp,0.12426035502958584,0.8677336085431946,6.0966,1.7433460076045666,3.2601927157724413,4.485551810284271,-0.1747294716740928,1.059040590405905,1.228964171792429,0.4394707569387626,1.0610687022900733,0.16793893129770554,0.9622425945416552,-0.10628844839371165,0.20855974970566793,0.005546704545885741,0.02804333970681963,0.2737920937042455,True
sh.603758,2021-04-06,0.03477822580645148,tp,0.11711711711711681,0.5015558279472231,5.2973,1.745547073791346,1.4393522799919416,2.0552255204695684,-0.1675213675213676,1.4132492113564676,0.9789019152876234,0.5981602171415383,1.0408163265306112,0.367346938775512,1.031917367515372,0.0012042482557483858,0.16728636473111358,0.06607279141762964,0.033870967741935466,0.029315960912052137,True
sh.603758,2023-06-15,0.05542452830188651,tp,0.050000000000000364,0.9319725828549987,5.2686,1.5022831050228256,2.701179318381127,2.8167545111870633,-0.0071542303047468225,0.7512195121951141,1.1471673026887268,0.6145383122747335,1.340425531914897,0.7659574468085185,1.0859691275044825,0.1623107476933099,0.35580368939312756,0.12303017248369748,0.032385466034755075,0.3461538461538479,True
sh.603766,2024-08-02,-0.05735294117647056,stop,0.3437499999999995,0.7719344424407157,8.0196,2.0999999999999983,2.2516562577328014,3.146190881715858,-0.2040443113231687,1.492759819504634,2.0445545340989297,0.67250404382896,1.062500000000001,0.4166666666666695,0.9197652919302888,-0.0742502761022853,0.5025785278949835,0.08411160433686396,0.03710779878253954,0.14399999999999993,False
sh.603768,2023-06-15,0.030029154518950454,tp,0.0659501253676003,0.921999846638523,5.6446,1.7525583268619784,2.067219030554906,2.1153735493580736,0.01981424148606803,1.138830420060408,1.0348740424298135,0.8044178778451654,1.2727272727272805,0.6931818181818229,1.075552342794498,0.10133121970780468,-0.014330801057815923,0.07486556780520069,0.02903812263954226,0.35902418037123657,True
sh.603777,2020-07-06,0.06773743016759767,tp,0.010909090909092367,1.0032990258558319,6.4209,1.318446601941746,2.1819745549665983,2.5786885363333982,-0.08533469596320897,1.1229946524064196,1.2263894257140153,0.6144827484356701,0.7422680412371114,-0.10309278350515023,0.9526266181946879,0.5265866209262438,0.40934283452098175,0.2831680313342908,0.04805243445692879,0.032357473035439045,True
sh.603777,2021-04-06,-0.052187260168841,stop,0.2554744525547442,0.8890685262542732,9.9659,2.4597701149425286,3.2685968317299414,4.530777144198927,-0.021835425923152352,1.8019801980198007,2.206381091240966,0.6304531208864713,0.7570093457943943,-0.05607476635513914,0.9974573606148939,0.01998128099857932,-0.13046250740310572,0.03775760718912715,0.03507133592736704,0.27918781725888325,False
sh.603777,2022-01-07,0.05163883735312314,tp,0.11811023622047231,0.7090822441944712,10.0134,1.2423841059602676,1.570232622347998,1.952700978009189,-0.04241719930273091,2.848837209302323,5.894523155360223,0.7012850660962192,0.8432835820895497,-0.1567164179104503,0.7900919852094836,-0.04124926340601065,0.021343377275580666,0.15433733800018903,0.05314484736734276,0.22212467076382797,True
sh.603788,2022-07-21,0.027244819646968673,tp,0.13043478260869668,0.6015846265513644,6.5681,1.795493934142118,2.2048017807560827,3.4719539839434357,-0.051169590643274754,0.8385416666666671,1.2661229588747516,0.5582255151962997,0.9324324324324289,-0.0675675675675711,0.7194365880349193,0.17926821427259232,-0.03842990938856328,0.08784090009132503,0.036298014952307334,0.06217616580310933,True
sh.603789,2022-12-15,-0.1264591439688715,stop,0.1855203619909502,0.790908189549215,10.0105,1.8693181818181808,1.4822905994636648,1.9445857840436434,-0.154655870445344,1.0898203592814362,3.4998541888125816,0.7666342701654888,0.723404255319149,-0.07446808510638332,0.9587878822229119,0.196078431372549,0.2128654970760231,0.18631787675411826,0.05795564127290262,0.11317254174397028,False
sh.603798,2021-06-21,-0.04220183486238556,stop,0.18264291359325574,0.9746914436277904,6.543,1.9112823571564528,3.0635596031080534,3.042168657852397,0.022291337818576507,0.9381443298969018,1.751452847598656,0.5014600137084683,0.7377049180327868,0.03278688524589919,0.9673595351886665,0.1908129823776874,0.10634004326659352,0.14950530627429504,0.029828557023424844,0.31977988434315224,False
sh.603798,2023-05-09,0.045689655172413746,tp,0.15527950310558974,0.7171409878497992,10.0193,2.0563380281690122,3.232224187250169,4.985345817333719,-0.18660968660968658,1.334281650071118,1.6575717191983796,0.579387860055568,1.0958904109589054,0.24657534246575605,0.9562620114001744,-0.06526994359387583,0.09744560075685915,0.014074656875601041,0.03313218390804597,0.16624040920716154,True
sh.603798,2023-07-19,-0.03571428571428575,stop,0.2347826086956514,0.7223007195445685,7.6415,1.4017094017094018,1.7865001173106394,1.852448397958426,0.020572450805008913,2.962136502971789,6.776842969578703,0.6061523628055361,0.9634146341463429,-0.036585365853657084,0.8141717130052368,0.4115710830324366,0.3891022549317329,0.23661299991470228,0.0470819265594703,0.31873221091224835,False
sh.603799,2024-03-14,0.03500355366027005,tp,0.011764705882353935,0.8515851052917303,5.7949,1.4449093444909378,1.6246203730756115,1.79406063996861,-0.14061557030778515,1.1562335612835377,1.6105108503346686,0.6638781709021553,0.8918918918918907,-0.10810810810810928,0.7914018141270375,-0.1099937146448775,-0.2873678912934071,-0.11776617065243344,0.039053672316384125,0.4406580493537016,True
sh.603800,2023-02-06,-0.05036188178528344,stop,0.38231292517006743,1.0204642037766547,5.2464,1.2925238334169624,2.2252849036189684,2.2079298831527496,-0.051847608135204504,1.2742123687281226,2.4029818783914667,0.5424967589602914,1.0597826086956523,0.05978260869565236,0.9176587828583052,-0.010429082240762777,-0.14714946070878265,-0.003988843235461593,0.03580246913580244,0.4833456698741674,False
sh.603801,2022-08-30,0.029698375870069592,tp,0.13454545454545366,0.8921773207241104,5.1256,1.2958015267175576,1.8129691589668073,2.0606978481248626,-0.25071633237822355,1.0499999999999958,1.8695682248611734,0.6937041592784725,0.7835051546391747,0.7319587628865967,1.1757525186659812,0.024577951060701375,-0.2259222195553987,-0.0325154210644937,0.03760209585452307,0.07433380084151436,True
sh.603808,2021-08-26,-0.04296874999999994,stop,0.32978723404255256,0.8033266607894773,6.2543,2.0477611940298472,1.7490436935663372,2.227667423600718,-0.12778094694808906,1.02479338842975,1.4122797204828184,0.5218634057284279,1.0714285714285714,0.1326530612244934,0.7518851320755934,-0.012804097311139406,0.09837008867590047,0.03572615467586609,0.03372243839169908,0.12742980561555084,False
sh.603809,2020-05-06,0.03739982190560993,tp,0.318681318681319,0.7279410682862159,6.2734,1.4592833876221463,1.916910074411322,2.2164884637195112,-0.18050541516245477,1.11385459533608,1.419510766574477,0.7231141295207862,0.765624999999999,-0.23437500000000097,0.8082263177231542,0.09589041095890405,0.20048643746392925,0.07462192418177348,0.04342261904761903,0.07517084282460176,True
sh.603809,2020-07-10,0.09019741320626282,tp,0.09743589743589623,0.8608013922593366,7.8402,1.8550000000000022,1.9629252230027572,2.1450145731741013,0.037722419928825524,1.623330000677495,2.5362318472257024,0.5433191876133165,1.169811320754717,0.21698113207547137,0.9565101424359005,0.46761898442991745,0.5103080020311885,0.2880230609309448,0.035738114721792114,0.4471243042671605,True
sh.603809,2023-06-15,0.09452736318407962,tp,0.029489011468673988,1.0179565982118677,7.541,2.206292894641934,3.7914875791889653,4.041485076051152,-0.15490437834599202,1.4931937079177586,1.5315604246501655,0.5044925797716577,1.260273972602739,0.3424657534246558,1.0348256561834248,-0.07415437327625729,-0.07912758165615197,-0.0777672458722836,0.028976492400490668,0.27262985370103376,True
sh.603810,2022-06-06,-0.03386004514672687,stop,0.10747077469688217,0.8210129168201488,5.1669,1.4896837163330878,1.8714068637301646,2.2928977255081113,-0.22763432453897692,1.7170779716870699,0.9856705748990441,0.5313838719751369,1.061538461538461,0.1076923076923068,0.9639178726757115,-0.035535363457760316,0.00991061418035577,0.009173630001687982,0.044994501250707815,0.43043522934435857,False
sh.603816,2019-11-08,0.0674874901237822,tp,0.21200750469043164,1.0010500636031836,5.4002,1.6306818181818252,2.378894677536455,2.619159316305073,0.039189189189189344,0.8774265113699411,1.541081439609549,0.5061953440002179,0.7804878048780479,-0.21951219512195214,0.8706931429196767,0.32219902574808645,0.21176150555184625,0.16476066039844303,0.033175438596491226,0.29284525790349447,True
sh.603823,2020-03-09,0.0684014869888477,tp,0.028469750889679877,0.9317428625084585,9.0766,2.343932511356262,2.2189800514351603,2.1823788698113376,-0.025033197949809072,1.3958944281524897,1.6285149575489946,0.5992475989450872,0.8565891472868223,-0.14341085271317763,0.8440097611573151,0.20649078311449487,0.33077457612726113,0.16587420080055668,0.04082998661311914,0.45144804088586027,True
sh.603825,2023-02-06,-0.02896725440806047,stop,0.2561403508771921,0.7673587984915793,6.499,1.6969696969696986,1.5334508092912214,2.2839614473254466,-0.1533333333333332,1.2573158425832467,3.415703584660501,0.8119904470987603,1.1785714285714282,0.7857142857142854,1.0428638866352584,0.0757780784844384,-0.00872817955112204,0.03737936658964248,0.03677148846960165,0.2704402515723273,False
sh.603825,2024-10-22,-0.09913793103448279,stop,0.10994764397905761,0.6047183380638194,9.9899,1.3736372646184343,1.7478117612935813,1.9639079074881551,-0.05872193436960271,2.2909090909090915,3.9234564401281298,0.8182111567133503,0.9292929292929291,0.27272727272727404,0.9099971725590694,0.3033838973162195,0.3474065138721354,0.28225198965518833,0.05711727842435093,0.33848531684698635,False
sh.603826,2020-11-27,-0.054022722003245996,stop,0.07736389684813842,0.6562073161733274,9.9174,2.3192966219342988,1.577013044060562,2.2138527809301096,0.059233449477352096,1.4918512327622184,1.5632756168465305,0.6380837788839117,0.9273743016759747,0.1396648044692713,1.017572444133397,0.4281923714759537,0.4899653979238754,0.3156125878399024,0.039766217680755514,0.4382767191383602,False
sh.603826,2022-07-29,-0.05550444648880711,stop,0.19856887298747758,0.9613096847143462,7.7408,1.907246376811598,2.4725020960221147,2.8774231217625292,-0.06474820143884874,1.5193409742120394,1.8863336242034923,0.29591934057272257,0.8893617021276602,0.002127659574469746,0.974756214290926,0.05845001628134194,0.644157814871017,0.1083517083039714,0.036148284879249315,0.3307875894988072,False
sh.603826,2023-03-29,-0.04174983366600131,stop,0.3564593301435421,0.8002483207638313,5.3241,1.8253311258278113,1.5175001363385487,2.095614056331888,-0.02231404958677663,1.7250936329587958,3.004726454192211,0.5237505252914167,1.0317460317460312,0.30793650793650496,0.826084502608441,0.15040183696900122,0.013144590495449915,0.0838470078677459,0.03238522954091819,0.07364787111622528,False
sh.603843,2022-02-15,0.056934306569343056,tp,0.015873015873015806,0.872410126692858,10.0656,2.0641025641025643,1.8641559388938316,2.3488816601852425,-0.04372623574144463,1.6419753086419782,2.293497358407352,0.29021569138744296,2.08695652173913,3.6086956521739126,1.2603184154423228,0.6979695431472084,0.7935656836461129,0.534110452895089,0.03946188340807173,0.43291139240506327,True
sh.603855,2019-11-21,-0.02682403433476396,stop,0.26190476190476114,1.0284342775586146,5.0562,2.1538461538461475,4.344857345691874,6.092832647284207,0.015200868621064068,1.0214592274678163,2.682903994093906,0.5377995383300208,0.8400000000000007,-0.15999999999999928,0.802434671025331,0.06429391504018356,0.03652446958508171,0.05615442214965346,0.022222222222222233,0.15789473684210537,False
sh.603855,2023-05-05,0.007529580494801181,timeout,0.10791366906474807,0.9287898984709726,5.045,1.5544827586206942,2.2235503363667104,2.074857068589075,-0.11147866357922598,1.4403741231488676,2.8911313839665915,0.5418156393510353,1.2484472049689432,0.6397515527950287,0.9870501044152935,0.12595882115462254,0.19596912521440824,0.10826696690232962,0.033285526473048874,0.0778097982708939,True
sh.603855,2024-12-27,-0.029702970297029684,stop,0.32653061224489655,0.8162749907804288,6.35,1.8368794326241147,2.062595301945333,2.21464169772738,-0.0964912280701753,0.8787446504992833,1.9471134816827624,0.47558946586125406,0.7207207207207197,-0.2792792792792803,0.7066393336914442,0.11544804837822964,-0.041115311909262764,0.05455553438090137,0.027632659766715955,0.23305084745762614,False
sh.603856,2023-06-30,0.08352402745995419,tp,0.2999999999999986,0.9302748653515915,6.0132,2.3034188034187957,2.03852498155992,2.7903492162331744,-0.03213966322068773,1.5851091759844684,3.898032040137257,0.6805782541138968,1.103896103896105,0.4155844155844177,1.0812286524815677,0.15778410359536776,0.25671213498238954,0.09588847405532525,0.02879034923625929,0.3161243215092964,True
sh.603858,2020-06-22,0.076734471485652,tp,0.34254143646408974,0.941050852717165,7.1206,1.7033837293016565,1.852992302284005,1.7750921737377188,0.02954375467464465,1.5683060109289586,1.7985366289435318,0.4879326118013367,0.786982248520711,0.1005917159763311,0.9259988873158244,0.385,0.3510060493969871,0.27006806142788664,0.028219013237063766,0.5695600475624278,True
sh.603858,2021-05-31,-0.024586689275116484,stop,0.19117647058823548,0.7911751107443749,5.0725,1.7343749999999998,2.069579478140604,2.4652462208112955,-0.016532428995336912,2.1328125,2.6942244775316304,0.5588288308447674,0.7657657657657679,0.2972972972972966,0.9777233458281509,0.050915587315766064,-0.025428991207953944,0.032711917925104965,0.02559852670349905,0.26395939086294434,False
sh.603859,2021-02-23,0.023007518796992664,tp,0.0806451612903227,0.8106242451618787,6.343,1.2548596112311063,1.5201161052783267,1.7677621586879197,-0.2360183881555512,0.9743297204791791,1.5306670871000583,0.5974679401737744,1.1144578313252955,0.174698795180718,0.9234219670327128,-0.2027759988331138,-0.2081073272383377,-0.07383264951843159,0.04068701649794504,0.17118644067796515,True
sh.603863,2023-01-20,-0.04060150375939856,stop,0.3009708737864073,0.6842056343389075,6.0507,1.310033821871477,1.1202541018129832,1.6176056333530746,-0.0898245614035087,2.333333333333335,1.668548394121608,0.8335983943339829,1.0361445783132521,0.34939759036144474,0.8261915120863129,0.24858757062146908,0.4002111932418162,0.18397261802894474,0.04962292609351433,0.24305555555555577,False
sh.603863,2023-03-13,-0.008163265306122396,timeout,0.2641509433962266,0.7292543492780916,6.8017,1.60052562417871,1.9038890704576836,2.0982767832924822,0.017229496898690577,1.3857868020304587,1.8521882779607484,0.6144906158780896,0.8160919540229882,-0.18390804597701182,0.8131808335201075,0.09774436090225547,0.41335914811229424,0.19645161951199522,0.036027397260273986,0.2506459948320412,False
sh.603863,2023-11-30,-0.037433155080213894,stop,0.06756756756756739,0.7934368469513352,10.0,1.5813953488372052,1.6337112130866434,1.915121430014531,0.029729729729729648,0.7639141506002174,1.5324674576094106,0.6348465150153558,1.1764705882352964,0.3725490196078439,0.9948609222490816,1.1503496503496504,1.5146028037383172,0.6881580581280592,0.05068524970963999,0.4757403906742282,False
sh.603866,2022-07-05,-0.04303030303030302,stop,0.03030303030303005,1.0348114004849858,6.2942,1.4736842105263128,1.8506392274456263,2.0060173780137367,0.016584766584766486,1.2303595206391496,1.7280913329703902,0.6720434090071825,1.033333333333334,0.03333333333333407,0.8563980940782054,0.191350169525214,-0.15892355989505136,0.037961423334723514,0.03878151204533112,0.17940199335548154,False
sh.603866,2024-11-12,-0.04294478527607362,stop,0.02702702702702703,1.037459754017109,6.8581,2.2702702702702715,2.2203432814279,2.371837377209668,-0.08093278463648834,1.4136807817589574,1.6566662061558475,0.6004391033420449,0.7083333333333326,-0.2916666666666674,0.8332220816193519,0.1725618117634813,0.07011262671128726,0.17800745165006374,0.04303861788617887,0.18750000000000028,False
sh.603867,2023-03-02,0.04221504842314379,tp,0.19725557461406457,0.9016661227588917,6.0228,1.592982456140356,2.1802367120209594,2.185234338767499,0.03657587548638164,1.5396634615384537,2.0444418667021194,0.46203714544396535,1.149779735682814,0.22907488986783542,0.8970399630347143,0.353393513874958,0.30833872010342556,0.26230117379249035,0.030632411067193725,0.31048951048951023,True
sh.603871,2024-11-22,-0.05129411764705876,stop,0.23952095808383145,0.679605492522464,7.4674,1.4358217360772394,1.791606840064783,2.2609087908073953,-0.1628303338998368,0.8756438557763023,1.6853320289198026,0.5615543500059398,1.1640624999999993,0.6015625000000017,0.9763476229750265,0.3250347691580848,0.09976956174297946,0.1463433192996319,0.04208375032970434,0.0026174108512520902,False
sh.603878,2022-08-10,0.0922131147540979,tp,0.16923076923076943,0.8621239304929468,8.5075,1.8899999999999912,2.1641166331282005,2.2076849594485672,-0.030666666666666842,1.5601173020527819,1.8545808239892556,0.5714877280766077,1.0555555555555576,0.05555555555555757,0.7707639692506562,0.27265274315569,0.1274760598623741,0.14141409366067034,0.030593872871492057,0.2868852459016389,True
sh.603879,2021-05-17,0.07361111111111099,tp,0.21428571428571325,0.9307469314913105,6.354,2.5236051502145953,4.455531809395431,5.849174848724874,-0.03698630136986292,0.9289099526066359,1.9408035453730612,0.49793719319138524,1.0,0.30952380952380937,1.0966395548981298,0.09480122324159024,-0.15474941774929774,-0.0011732704810397633,0.02271880819366851,0.46099290780141844,True
sh.603881,2019-11-13,0.03854476602650803,tp,0.11897738446410981,0.8988548413924573,5.0558,1.289648622981959,1.967277185289369,1.510236944229955,-0.12658846529814294,2.5787332945961614,3.314070777282918,0.5527948191667542,1.0,0.6494845360824719,0.8937836726975623,0.03150264845274586,0.13811135035373723,0.09261647193156845,0.03646846846846848,0.074846625766871,True
sh.603881,2021-12-17,-0.028045092108880933,stop,0.10731707317073155,0.8680305140535014,5.53,1.4275092936802967,2.217159381798419,2.3959054130364823,-0.02293333333333325,1.578431372549021,2.1797353580607677,0.44609091582741667,0.7343750000000003,-0.26562499999999967,0.8347611066880456,0.02351274787535429,-0.007144820005495989,0.08684262641100783,0.031322077682443036,0.147742818057456,False
sh.603881,2023-05-08,-0.04700854700854683,stop,0.3850574712643682,0.8056880699749627,9.9905,1.2292944785276052,1.2787720001847254,1.56589364536099,-0.1483476132190943,1.7547683923705673,1.0691528526049452,0.7198125853119851,0.8820960698689976,0.15720524017467216,0.4832693201002433,0.16083223249669754,0.38331365604092893,0.177196218906028,0.05916548127074449,0.10832171083217074,False
sh.603882,2020-01-14,0.08756719264782356,tp,0.3773492831245626,0.8461378253154553,9.1066,2.4120502018271406,1.87166808524863,2.1051601699855893,-0.08891216491669496,0.9003044140030465,1.6420940415899412,0.5581248605051652,0.9257425742574265,0.07425742574257757,0.9706806664620291,0.012667024402259086,0.5132421813998318,0.11788533983976736,0.03135610641427673,0.23523054646305083,True
sh.603885,2019-09-27,-0.007965242577842278,timeout,0.09677419354838729,0.9899965051242162,5.3892,2.003669724770638,2.706465062506687,2.8170225010831653,0.030746705710102518,1.1782178217821782,2.4914410281437696,0.5643936513467867,0.7307692307692307,-0.26923076923076933,0.8183394940953118,0.05877862595419825,-0.17928994082840244,0.07364713623139779,0.025042057197789014,0.369127516778523,False
sh.603885,2021-03-16,-0.07851758793969843,stop,0.13165266106442547,0.7867564573875686,9.496,1.4995815899581597,1.7496215352154487,1.968150218053805,0.05637773079633557,1.6454183266932267,2.713308780093992,0.6814798771511602,0.9531249999999996,0.7734374999999996,1.0530584117888533,0.44233585414761833,0.3705901598589718,0.39247949433477836,0.045577805590321235,0.5665796344647521,False
sh.603885,2024-08-08,-0.04107292539815589,stop,0.15294117647058725,0.8432568751427761,6.5661,1.5317286652078754,3.9104608622284966,5.478574811788469,-0.09523035660520207,2.0051150895140615,1.4416297990165279,0.4010194258356023,0.8400000000000042,-0.1599999999999958,0.8149416929004163,-0.005947200585440071,-0.07134541107323988,-0.015702753528548514,0.02903045543447891,0.10370370370370442,False
sh.603886,2023-11-01,-0.02845318158303153,stop,0.025000000000000556,0.9708469439735344,6.4607,1.6398243045388012,4.627537166833367,5.929020599770103,-0.05955334987593042,1.5202593192868756,1.8266345575766618,0.4798021330176164,1.4125000000000036,0.7999999999999989,0.9659904811019819,-0.009104704097116945,0.06417989837145344,0.04877032398902338,0.025948613238046633,0.14991181657848374,False
sh.603887,2020-08-05,-0.04928506236689997,stop,0.2798742138364782,0.7795390551139478,10.0,1.6437246963562764,1.6714722506090018,1.9121711690791778,0.05818181818181811,1.333333333333331,1.6860218338238167,0.6443227120239675,1.0034482758620697,0.3000000000000012,1.0010348601905505,0.5116150375800939,0.4412084603373825,0.41837310365992986,0.04709042984590428,0.3540961408259993,False
sh.603887,2021-02-24,-0.03925233644859819,stop,0.3350383631713552,0.8033761626784369,5.958,1.2365063788027504,1.6743945095958288,1.8499224920364856,-0.269264310603597,1.2482269503546068,3.66451332348889,0.7477516568997025,1.2555555555555553,0.33333333333333015,0.7298653403661236,-0.24646180079836988,-0.47142466278666306,-0.22823082905950542,0.04553814002089863,0.03736920777279509,False
sh.603889,2024-01-05,0.008010680907877073,tp,0.32075471698113206,0.9939403590494899,5.4775,1.6013071895424795,2.1689982311055123,1.889391769319131,-0.07054455445544561,2.0363636363636344,3.3522642149029265,0.4651890897501758,0.9714285714285714,-0.02857142857142857,0.8802573000620925,0.09329446064139924,-0.053030303030303094,0.0012459950160197111,0.025466666666666686,0.18725099601593587,True
sh.603890,2020-05-25,0.10539227079420754,tp,0.11290322580645115,0.7984857295287882,8.7379,1.814814814814815,2.051709532313089,2.513978779502592,-0.05435356200527697,0.9459459459459443,1.1338092373703659,0.5674515318133917,0.9415584415584412,0.4870129870129872,1.0529083660427359,0.5228384991843396,1.0072273998385226,0.4819033767650333,0.056507766470273155,0.11567567567567581,True
sh.603893,2024-06-14,-0.04980064964935143,stop,0.3234100135317992,1.0436641620171914,7.1493,2.11673699015471,2.123022011979221,2.1994153168584645,-0.005157211778406334,0.8944006012777176,1.3017392740517608,0.6431590638820517,0.8069767441860476,-0.03488372093023281,0.9553614646662217,0.10544848035581911,-0.11864657210401908,0.08690040542387285,0.03194188320759987,0.31570426335671864,False
sh.603895,2020-07-22,0.03574561403508764,tp,0.08433734939759104,0.9976680513208781,8.2303,2.7798353909465052,5.026288305223784,5.71701470891851,-0.042508417508417495,1.2818311874105863,1.3745629851606727,0.4583465258380489,1.181347150259067,0.18134715025906684,0.9058526335766902,0.13793103448275867,-0.03144654088050314,0.14380972815950602,0.031154401154401108,0.35078534031413505,True
sh.603896,2023-02-22,0.05905720338983038,tp,0.3585657370517914,0.8091676322184094,5.0679,1.3057298201589256,1.618538890778148,2.046981153949844,-0.023343848580441695,0.8694469628286478,1.2472185014884185,0.5029792766328175,1.2511210762331857,0.39461883408072007,0.8296317889156519,0.25817601701675086,0.3558739255014327,0.229628538884967,0.0336785009861933,0.4238227146814401,True
sh.603896,2024-04-25,0.07836538461538459,tp,0.3242009132420099,0.851569269548466,6.3953,2.0374999999999988,1.7147512293024554,2.0721910315048953,-0.1641109298531811,1.4283201407211934,1.6707851643664422,0.526264686706302,0.7546012269938619,-0.24539877300613816,0.5943254499002746,-0.09182571119913585,-0.3137414965986395,-0.16791536183749292,0.030782447792757094,0.008225616921268691,True
sh.603896,2024-08-05,-0.03348017621145379,stop,0.35438596491228264,0.8352600506138144,5.3729,1.9684848484848494,1.5595837969088817,1.6796252053021932,-0.20827789369701732,0.8964175486675081,1.2921324363603228,0.6767373026731094,0.8965517241379302,-0.10344827586206982,0.5308660229187017,-0.15887553404569932,-0.13547583085749693,-0.10687065452953541,0.031236281291167303,0.08602150537634438,False
sh.603896,2024-11-08,-0.02829777971266866,stop,0.1363636363636376,1.0002589976622482,5.0808,1.5785036880927326,1.9377702832364871,2.0509677847190053,-0.1614448949502395,1.9139784946236544,4.095640852209039,0.7379370791855505,0.7196261682243008,0.2710280373831768,0.8505929022239026,-0.0013003901170350884,-0.19293415606858566,0.0037203011818099908,0.04036458333333333,0.0975000000000001,False
sh.603897,2020-07-03,0.04271991911021236,tp,0.14285714285714285,0.6613019722158135,7.0918,2.146788990825689,2.259903158863805,3.3435832391803912,0.016701461377870652,1.0032401072210158,1.1974304225561245,0.7448939286564417,1.119658119658122,0.1794871794871818,0.9613364868490377,0.1851205229683417,0.03890594410554704,0.11006964140961245,0.028969728881352814,0.1879432624113482,True
sh.603898,2020-10-14,0.0028522532800911516,tp,0.3372093023255819,0.6500544633965674,5.3593,1.2910662824207493,1.697982257169314,2.079359214036264,-0.2967479674796749,0.9092526690391458,0.9628388815741094,0.5941522108356712,0.9531249999999976,0.14062499999999795,0.7377792908515172,0.13363754889178625,0.2650699326401327,0.07185565028156657,0.035652673950546276,0.1410526315789474,True
sh.603899,2020-10-15,0.09002497042975446,tp,0.050391937290033204,0.6130397430723429,8.3776,2.152033660589065,1.5397907448402797,1.9485664467517914,-0.023391812865496964,1.0699246165843597,1.268495529859749,0.5843857078623812,1.0948905109489027,0.5748175182481698,1.0877344282986903,0.19921752738654153,0.4608394756465264,0.2720749944703535,0.03677845926312583,0.48829568788501143,True
sh.603906,2022-04-15,0.110977288368892,tp,0.14878892733564011,1.041787399013998,7.1097,1.4248520710059156,1.8734363734355806,2.11719636794106,-0.27014218009478674,1.5675675675675729,1.9125688775493783,0.7077345883611792,0.8953488372093026,-0.10465116279069746,0.7031758044932963,-0.2648158035237588,-0.4956043956043956,-0.28819122860675195,0.050847252481239426,0.05460750853242333,True
sh.603909,2021-07-16,0.07694723618090461,tp,0.0769230769230757,0.6409146664491829,7.0994,2.0946564885496213,1.4909361292864607,2.1494193154086902,0.021935483870967776,2.1986162428457545,4.303272508577546,0.626767292137885,0.9897959183673467,0.1632653061224477,0.9630506217742935,0.36278034583119334,0.45070165846546373,0.2686565697258272,0.03548406616415412,0.5366430260047278,True
sh.603909,2022-02-21,0.06705809641532769,tp,0.22751322751322822,0.7167460667410142,5.8077,1.6872309899569646,2.8002811670590977,3.459493342764056,-0.03647416413373872,1.006535947712416,1.1336874796391214,0.588810756598805,0.9880952380952378,0.4166666666666636,1.0447806370243884,0.08144192256341776,-0.013998782714546687,0.06327701538579326,0.03364197530864195,0.14722753346080303,True
sh.603916,2020-08-11,-0.034443495587816675,stop,0.061413673232907987,0.8457880754864915,8.5169,1.4000000000000021,1.3682353610408788,1.6605148524677016,0.03254067584480613,1.6412213740457988,1.3757370387493844,0.8252049604513866,1.3291139240506313,0.894514767932489,1.0147571919310683,0.39436531906754757,1.1039240021433407,0.42381197618098343,0.04477031131359148,0.3754457463066737,False
sh.603916,2022-05-09,-0.038059389376829594,stop,0.21342281879194647,0.9521377224371552,7.1902,1.2306872669152882,1.5799405289852408,1.7917100181294852,-0.16996336996336991,1.386289445048967,2.674455367076543,0.47615202643819904,1.6181818181818182,1.0545454545454556,0.9005468242547079,-0.05462998837659816,0.4285714285714288,0.0630804644441702,0.04979508196721315,0.16465863453815258,False
sh.603916,2022-08-11,-0.04855233853006688,stop,0.29337539432176624,0.843201113198698,6.0678,1.7283950617283923,1.7321148613698212,2.1089848526301687,-0.15492957746478875,0.9870129870129855,1.8373627420982164,0.4583972979521683,1.0,0.2071428571428588,1.0116621786112994,-0.011818386660658153,-0.08582317708695231,0.0005690892259902014,0.03852082406995699,0.24407252440725227,False
sh.603918,2019-09-05,0.03138435081685283,tp,0.22881355932203556,0.6625254172419155,5.3783,1.3540983606557337,1.2139699398044468,1.5571056433166024,-0.0989867498051441,1.4364161849711,4.599827043070492,0.6955233271123588,0.9322033898305064,-0.01694915254237137,0.854234389740767,0.04619565217391308,0.07048938907204483,0.060905854581290726,0.045194805194805204,0.10843373493975954,True
sh.603918,2020-10-14,-0.03445512820512807,stop,0.08609271523178959,0.8606442389332042,8.37,1.8478260869565286,1.6417612792870242,2.1123573800127855,-0.019920318725099584,2.3191489361702122,1.730523788130612,0.5870458001035445,1.247058823529409,0.2470588235294092,0.8648637958130224,0.057480980557903516,-0.011276707301712263,0.09876945413776937,0.036850519584332504,0.02334630350194513,False
sh.603918,2020-11-05,-0.03431763766959284,stop,0.31395348837209447,0.8752221638603943,7.3917,1.8727569331158227,2.210412395961941,2.817208368155779,-0.008627450980392193,1.8478260869565286,1.6417612792870242,0.7476255612100587,0.8414634146341438,-0.07317073170731736,0.7661625159558577,0.07797772065124242,0.10242104761531379,0.09929577607931626,0.034154742978272375,0.2633832976445399,False
sh.603918,2022-03-23,-0.042904290429042875,stop,0.38842975206611857,0.5232012517580086,6.4368,1.274873524451939,1.00064241244378,1.8816599640990395,-0.1841409691629955,1.0300096805421068,2.846320311088765,0.5432323076000731,0.8888888888888896,-0.11111111111111037,0.5137261868137787,0.08235294117647074,0.19480519480519476,0.1156135369193303,0.06123188405797102,0.14799999999999983,False
sh.603918,2022-12-07,-0.052439024390243845,stop,0.19266055045871572,0.6200290713898526,7.5325,1.4437499999999979,2.1785127898628183,1.7868826334841041,-0.09902067464635467,1.9153094462540734,4.131084954792804,0.5011756427296523,0.9090909090909104,-0.09090909090908955,0.5867262939441553,0.09893048128342241,-0.03593611181227885,0.06181758457096169,0.047972424979724246,0.031446540880502964,False
sh.603919,2024-03-15,-0.026714158504007216,stop,0.11842105263157858,0.7525778694691555,5.0856,1.711292200232825,2.0351114485605764,2.493692864732252,-0.12261904761904763,1.331495520330807,2.0115099402291543,0.5595498373900868,0.8571428571428571,0.32380952380952766,1.0867866326615079,-0.07954079540795411,-0.2301097393689986,-0.07996830774274634,0.0375649591685226,0.25000000000000017,False
sh.603920,2020-10-12,-0.043546488819144955,stop,0.1405622489959837,0.9234301501777329,5.5745,1.960822722820767,2.4919119423708747,2.59210675350592,-0.12270155586987275,0.9119420989143553,1.241783745637012,0.6574071522549761,0.8531468531468538,0.6153846153846156,1.0979910934827288,-0.04106009705113833,0.37118164164301604,0.08436489951847213,0.028817957700791482,0.3287904599659286,False
sh.603927,2023-03-16,0.07248520710059193,tp,0.05187835420393591,0.7879668973770281,5.4079,1.3971486761710858,1.5992265831017116,2.0308739604618475,-0.04507278835386319,2.192261185006048,4.19083261189659,0.5638360867383743,0.7602040816326543,-0.23979591836734573,0.7892143016096154,0.18575960521677848,0.4406852248394004,0.15079037016976232,0.04067578279825602,0.10858010630220157,True
sh.603929,2023-04-19,-0.04555555555555554,stop,0.08379888268156438,0.6824765525219473,6.8739,1.482993197278912,1.1892379117948446,1.6002197867390626,-0.12223858615611205,0.9506172839506146,1.763132574980079,0.649124127967705,0.853211009174313,0.1376146788990834,0.7532594822908311,0.20521390374331538,0.6465753424657534,0.1689827321648549,0.05244962100203366,0.06650831353919262,False
sh.603931,2023-01-06,-0.041639767591994906,stop,0.2899408284023665,1.041314320040087,7.248,1.439806412583178,1.8473143889628945,2.3213574857337176,-0.12409855769230793,1.3048026628625782,1.4695635309985802,0.6018296477285334,1.2529411764705884,0.7294117647058846,1.0122024346812823,0.2557851239669422,0.607936507936508,0.20443091068821787,0.04300756827903918,0.17915309446254035,False
sh.603933,2023-11-08,0.03297035692679968,tp,0.20000000000000057,0.6923335255990514,5.2258,1.4708860759493667,1.3817629091168377,1.9436490581253443,-0.2184954480114999,0.8772845953002655,0.746089912218221,0.5933163782993135,1.2289156626506041,0.22891566265060417,0.7417744069020712,-0.038461538461538436,0.435489450017295,-0.07346168987913686,0.042707070707070686,0.09532710280373817,True
sh.603933,2024-07-12,-0.037383177570093545,stop,0.24731957976480934,0.4557581366367358,5.7741,1.4950253783428287,1.0059418021420685,1.6275084363859476,-0.1613060939409815,1.0698113207547133,1.891135140524483,0.5921892174917849,0.8470588235294105,0.27058823529411585,0.5199733731214606,-0.01571479540028009,-0.10041386921732753,-0.05985219164133717,0.04850876573364612,0.14745147511272216,False
sh.603936,2021-02-24,-0.07092751363990647,stop,0.25896414342629476,0.9523198266184189,10.0,2.5052631578947344,4.19564899624249,4.987443259578797,-0.17095210708446262,1.4686971235194506,1.748970123473075,0.620976109631346,0.9327731092436973,0.09243697478991648,0.9725245329525153,-0.06715775608735841,-0.19740365429402917,-0.05947721982284178,0.03597178683385582,0.2067039106145251,False
sh.603936,2021-09-08,-0.08290155440414505,stop,0.292307692307692,0.8159536895670111,8.5271,1.4023372287145237,1.4842172359037273,1.5534133427354957,-0.010282776349614497,1.8050761421319825,2.1595451656560103,0.41949567034563073,1.0083333333333337,0.008333333333333717,0.82702680907553,0.40474020054694604,0.2912615101289131,0.2831982456463428,0.04713389573869778,0.30340557275541774,False
sh.603937,2023-09-01,0.006279434850863257,timeout,0.2459016393442635,0.8513785191279645,5.41,1.9501039501039543,1.2594555857843344,1.5795118567199438,-0.0673148840688107,1.9513274336283213,2.3441117467974486,0.7045650301464255,0.8507462686567151,0.22388059701492205,1.0445835787988111,0.1424774969281788,-0.00559668030139171,0.07788213398518684,0.026254622292657157,0.15412186379928325,True
sh.603938,2021-04-07,0.03982758620689652,tp,0.03225806451612937,0.6587119466870415,5.4304,1.421593830334193,1.9661256018637072,1.863209305251476,0.018558172733761813,0.9694323144104773,2.265968889112045,0.634425038556172,0.9746835443037941,0.31645569620252945,0.9176730374770348,0.36865418309797704,0.1287540522867885,0.2182114085993217,0.03846418732782368,0.45250431778929123,True
sh.603939,2021-12-14,-0.04864449144395311,stop,0.21874999999999914,0.9067120666273589,10.0107,2.7317073170731696,2.8488424945106328,3.2967749424680406,-0.1151724137931035,1.0180639184807758,1.5403720475287008,0.508977835936427,0.8818181818181798,0.20681818181818096,1.0180622591902486,-0.010420613868889816,-0.073936170212766,0.022627151276244383,0.03152721935030953,0.2459016393442623,False
sh.603949,2022-07-06,-0.04772581678411279,stop,0.1741682974559688,0.997281258105112,8.4974,2.017844886753604,2.169237538011597,2.272429210134128,0.012249064307587432,1.1209593383271608,1.5439053376585412,0.7350546437268606,0.9190476190476209,0.676190476190478,1.109058817787225,0.235970352982372,0.3181959957121616,0.2077583696483416,0.03612641985723843,0.3398373983739842,False
sh.603955,2022-03-29,-0.04019789734075464,stop,0.3243967828418225,0.5067428858085012,8.7075,1.5096882898062338,1.8492964276651906,3.2119545242966425,-0.10626398210290822,1.7781541066892474,2.1573522919173307,0.6284624854123249,1.15625,0.15624999999999992,0.6520361590529371,0.2523219814241484,0.28616852146263905,0.1913629865069675,0.0507622579316028,0.030687830687830632,False
sh.603955,2023-01-06,-0.04280736684917861,stop,0.1815181518151816,0.8991533402775581,7.4054,1.5514184397163124,1.5569558341325391,1.8502797239484716,-0.08136846971798417,1.1137835337650346,1.3401345879594135,0.7130876803490084,0.743999999999998,0.11199999999999945,0.9043684054582559,0.21567436208991486,0.43853342918763505,0.06273180317420972,0.03773113443278359,0.007518796992480857,False
sh.603956,2021-04-21,-0.0415244596131967,stop,0.27941176470588686,0.6542008320018957,7.1606,2.5627836611195227,1.9216974620831968,2.7693414606367566,0.017139479905437405,1.0330788804071254,1.315413004265375,0.7420219960684177,1.223140495867768,0.4545454545454554,1.0518636382774182,0.18163672654690632,-0.10555430144897715,0.09741918216657289,0.02864114114114111,0.4626865671641773,False
sh.603956,2021-08-16,-0.05420666290231524,stop,0.196969696969696,0.484003825473598,5.122,1.2479999999999907,1.693270434843707,2.3570464715428225,-0.13929106340489272,0.8402024584237181,3.2568172295252724,0.40548117248648774,0.7564102564102585,0.16666666666667224,0.8187262573776477,0.05077390500674572,0.15061808339860572,0.044915485586753096,0.043619266935329096,0.0049916805324453865,False
sh.603956,2021-08-26,-0.04375000000000003,stop,0.3978494623655908,1.014670383902508,6.8493,2.2878787878787916,2.35884100122448,2.400143873231756,-0.10434348477284061,1.2479999999999907,1.693270434843707,0.703111495890003,0.7483443708609266,-0.2516556291390734,0.7656984957634323,0.07995079950799511,0.11849357886874246,0.04794448896542183,0.03893318147304479,0.45155393053016485,False
sh.603958,2021-02-24,0.08488964346349753,tp,0.10679611650485483,0.8821613726645064,7.457,1.8064516129032278,2.0287759914311496,2.240349093153791,-0.33431673532575534,1.2262773722627751,1.4300661593240411,0.5918867312749937,1.3,0.5249999999999995,1.0207644593369507,-0.2732785878952718,-0.22081474263637446,-0.1263491524333563,0.03780271450795802,0.318681318681319,True
sh.603959,2020-10-21,-0.04949832775919714,stop,0.20754716981132076,0.7622936461437152,7.8446,1.5332650972364403,1.562034628430783,2.0161287190733566,0.06132756132756145,1.1786716557530428,1.0485487812387786,0.5494020693433489,1.1214953271028034,0.1869158878504664,0.9572640514217504,0.5997854077253217,1.0766016713091924,0.54459753444525,0.04992175273865417,0.38259441707717606,False
sh.603960,2021-04-22,-0.0665546218487395,stop,0.20840630472854665,0.9409706872766367,8.9186,1.8338386901152213,3.155844785553244,4.101003097189517,-0.2966162706983442,1.2077853761178339,1.288301121457815,0.46478431963831707,0.8240740740740755,0.20370370370370391,0.8776300752251134,-0.27615571776155723,-0.16304893749358007,-0.15923866319080826,0.04150140056022408,0.035589672016747904,False
sh.603960,2023-09-01,-0.03294691885295909,stop,0.30593607305935955,1.0117562966354905,5.1513,1.627476882430651,1.6964463423351923,1.7057391890683176,-0.1560723514211887,1.4561664190193202,1.2855409906805706,0.5406452317997533,0.9659090909090908,-0.03409090909090914,0.5190894208683897,-0.00791235544735236,-0.2107135127942571,-0.08290450856205228,0.03537832310838444,0.14351851851851916,False
sh.603966,2022-06-06,-0.04771178188899712,stop,0.2391304347826091,0.6834768427186313,7.0362,1.504885993485337,1.840921092679088,2.2197127902702976,-0.043809523809523854,1.5100154083204935,2.2605538968261705,0.7380155297050424,1.1515151515151538,0.2272727272727306,0.8839311791561911,0.11244541484716164,0.12101210121012107,0.08674979336823105,0.04579653254824996,0.3180778032036618,False
sh.603970,2020-11-13,0.07530120481927695,tp,0.05439330543933031,0.7432030822110657,6.9896,1.8631178707224305,3.0444157072258182,3.8279420374015536,-0.016901408450704203,1.1017639077340586,1.795986121962919,0.5268046735340886,0.771428571428574,-0.019047619047616655,0.9292383960358932,0.024089306698002577,0.1087188426797594,0.10200210282766374,0.03507362784471218,0.1315240083507308,True
sh.603970,2021-03-25,0.035027133695115856,tp,0.17449664429530112,0.7673583075262458,5.864,1.4812734082396943,1.9058931257233462,2.190465966622914,-0.14608622854750952,1.2031249999999987,1.3833341595939994,0.5741518861392545,0.7876106194690309,-0.09734513274335975,0.9114086774093814,-0.06718874882243597,0.25393354221953124,0.061314117605350785,0.03566617381304421,0.19866444073455763,True
sh.603970,2021-05-27,0.06599099099099096,tp,0.2788461538461522,0.8361200579551231,5.2632,1.682469680264608,1.9207578746151661,2.439326111501232,-0.022421524663677195,1.9976218787158138,1.9524647744371666,0.6619746052465244,1.3119266055045837,0.3944954128440354,0.985466856532588,0.1470588235294119,0.0890992224032281,0.08910957202595815,0.03276353276353276,0.057793345008757,True
sh.603976,2019-08-23,0.11926328502415431,tp,0.21387283236994134,0.6417542066967777,10.0199,2.3582089552238763,3.0343347550122757,4.410808964223943,-0.0829646017699116,3.248303934871096,4.5620230566729365,0.41499031672089576,0.9873417721519002,0.1962025316455725,0.7755915418462404,0.09787473867500718,-0.06638374807944913,-0.002390146422663244,0.038464574699032944,0.02285714285714278,True
sh.603976,2020-06-11,0.1557170542635658,tp,0.24680851063829812,0.8853958455868988,10.0,1.3596431022649258,1.1455814417513073,1.6658999008404165,-0.018148148148148247,1.4010007147962829,4.674825554190039,0.7455952314547282,0.773851590106007,-0.2049469964664301,0.7913670157882398,0.6125621890547266,0.07608419548824141,0.39683447872777977,0.0741483481167245,0.08938313050776349,True
sh.603977,2020-03-09,0.1094497607655503,tp,0.058139534883720624,0.9384220816485775,7.398,1.898850574712644,2.634447924155492,2.6273161366316953,-0.06236080178173731,1.4854111405835557,1.7120887823601574,0.6617926231596083,1.0338983050847452,0.15254237288135675,0.9211107850054326,0.11241830065359482,-0.018454440599769306,0.039876176123172305,0.03713278495887189,0.3566433566433562,True
sh.603977,2021-03-18,-0.046424090338770506,stop,0.07428571428571444,0.7547546848761904,10.0,2.1212121212121215,3.471801608342727,3.8691347531921894,-0.017135862913096545,1.4685314685314672,3.19896577557,0.5161112010783688,0.8857142857142849,-0.057142857142858224,0.8880731917405008,0.10228063726707681,-0.007262780101079946,0.08363069924819726,0.03984146850229455,0.23417721518987342,False
sh.603977,2023-01-06,0.06395348837209268,tp,0.350000000000005,0.8351211907833331,7.9602,2.0533333333333226,4.48009471361906,5.713364018658235,-0.022522522522522626,1.3900709219858163,2.3567388840762424,0.43375385598056443,0.7045454545454567,-0.06818181818181543,0.870777685886999,0.045949214026602236,0.014067995310668158,-0.0008085942012243286,0.02335260115606937,0.009433962264151156,True
sh.603978,2021-07-09,0.06198770491803274,tp,0.13419913419913546,0.3982964987950762,5.0941,1.6947368421052669,1.5794363474041089,3.5713724530682147,-0.1293577981651376,2.9838709677419364,3.718295531355353,0.5861471495553292,0.9239130434782608,0.5217391304347822,0.9568111863567504,0.00568475452196382,0.22159447583176406,0.09337104008839865,0.03879753340184996,0.09523809523809534,True
sh.603979,2020-09-02,-0.03830141548709401,stop,0.12068965517241378,0.5164472787319262,5.1327,1.5786350148367962,1.1326512053138011,1.7653378512675848,-0.16220028208744708,1.5275779376498808,1.9644513255243874,0.9346485360100779,1.1184210526315796,0.21052631578947104,0.5486315770664333,0.1794638055975215,0.3760411065304412,0.1940349406832605,0.04695459579180513,0.3170731707317079,False
sh.603979,2020-10-23,-0.03395585738539885,stop,0.0,0.5143520037929912,6.5985,1.956692913385833,2.3508752550019656,3.8793938857974366,-0.1911142454160789,0.9974999999999987,1.9813282152414655,0.6656095314754912,1.098591549295771,0.2676056338028142,0.9280356142246898,-0.009345794392523366,0.28595526440783137,0.07110991000086114,0.036735277301315046,0.012269938650306494,False
sh.603979,2021-01-07,-0.07388059701492528,stop,0.052023121387283086,0.9525072924693796,6.6828,1.4153005464480832,2.5270914788882233,2.613353588073413,0.016884113584036742,1.6237623762376232,2.0450422989266346,0.6152411140878005,1.1216216216216255,0.1779262458874137,0.8865840916505023,0.22542723644291973,0.17383030017163903,0.12815038168624626,0.03651776963577077,0.22312177786675993,False
sh.603979,2023-07-18,0.06636757425742573,tp,0.20529417252708462,0.7493643512013716,8.1317,2.0702805274196865,2.562628347411471,3.35667583471854,-0.09997690462226716,1.1420273059156507,1.7137277333923535,0.413149029653555,0.9207048458149784,-0.07929515418502164,0.8733659014722602,-0.07138447032952333,0.16076941208809603,0.03633017590004335,0.03473992203476482,0.013020220208633885,True
sh.603980,2019-09-05,0.07417582417582416,tp,0.16814159292035316,0.9858321378243772,5.988,1.783018867924528,2.0142006678416218,1.7327832107566556,-0.12656030121064332,2.409836065573767,3.8004630584640653,0.7373363739767351,0.8703703703703705,0.2962962962962968,0.848585926590702,-0.08897876643073821,-0.04706710180964213,-0.08717653505131967,0.02904180540140585,0.45819397993311045,True
sh.603983,2022-10-10,0.08699633699633684,tp,0.12091503267973801,0.8375197322610989,10.0042,1.8523676880222817,4.879095884421836,7.597992884341694,-0.016697588126159624,2.320798158096699,1.6800039935819158,0.703067455991908,0.7421052631578964,0.15789473684210703,0.8679603863773605,0.08134821073826148,0.19792656708670764,0.11595715389203902,0.03917910447761194,0.061461794019933846,True
sh.603985,2023-01-06,-0.03553299492385769,stop,0.04657534246575325,0.8403859499112005,7.4899,1.5508982035928147,2.176115043400793,2.6630621138046577,-0.16823308270676696,1.1301482701812164,2.0108620624455344,0.5340118711133804,1.2216216216216207,0.5405405405405403,0.9155726922272606,-0.02270308620078032,-0.1998257333720591,-0.020360267993397966,0.0417180883242589,0.03149606299212653,False
sh.603985,2023-02-02,-0.03180574555403557,stop,0.17647058823529496,0.892238287668129,10.0,1.4864864864864862,2.761905904988192,3.528964536799201,0.019944016794961605,1.5508982035928147,2.176115043400793,0.5855120155752547,0.9090909090909095,0.042424242424240366,0.8630333844862803,0.09274495138369487,-0.056810845706907864,0.06681595112556618,0.040577230207620364,0.33625730994152053,False
sh.603986,2021-05-28,0.05132255694342403,tp,0.04887684403015059,1.0303707017763997,8.8791,1.783600676194689,2.6297057617956674,2.964559496911444,-0.11293843741643028,1.4055641956108509,1.9219478229363913,0.6608697016117192,0.9240890688259117,0.31882591093117624,0.7413989968436501,-0.07550917615619279,-0.0790732604516664,-0.00500154183657971,0.041238128149166074,0.017456246261457656,True
sh.603986,2022-02-28,-0.03324208056315971,stop,0.20046082949308638,0.8190169566744293,5.2812,1.2177355502771154,1.409263626639523,1.7263272976679718,-0.17111003393116808,1.6532983129609051,1.5249004468635357,0.7750754477972234,0.7178153446033779,-0.07672301690506884,0.8816340446676266,0.008684781893545601,-0.10528158739422211,-0.0293051985979766,0.04145196008088187,0.03253602733620516,False
sh.603987,2020-05-07,0.0845364741641338,tp,0.15867158671586665,0.9502637466893658,7.4135,1.4871794871794863,2.243412322315997,2.154050700960758,0.03987240829346095,0.7777777777777769,1.8835242503658787,0.5393186002483401,0.7471264367816085,0.1379310344827584,1.0223926017310687,0.38965153115100293,0.5213872832369941,0.3607693103091719,0.04690982776089161,0.41333333333333283,True
sh.603987,2021-01-21,0.09209744503862137,tp,0.09797012000933816,1.039947069558083,7.8187,1.409729801200452,1.5672488296949831,1.59114930637534,-0.0478067412351072,1.6918805498506402,1.6428063822189929,0.6994517917280906,0.8709677419354858,0.41129032258064674,0.9178360081682292,0.020891644065536896,0.022743321775450465,0.03249064355504387,0.047432343618963715,0.039154474736673564,True
sh.603987,2022-01-04,0.06447963800904968,tp,0.005347593582887567,0.9110060726085849,10.0151,2.4019062748212887,2.7057524991786086,2.947842736781503,-0.07294317217981339,1.146987951807229,2.827815821516241,0.714715287838212,0.8518518518518525,0.20833333333333365,0.999367226911944,-0.004906333630686821,-0.008884940026654964,0.09182558196440503,0.03576871358135367,0.4495412844036702,True
sh.603988,2020-06-22,-0.05216693418940595,stop,0.2839506172839503,0.5318080582609166,5.0862,1.2989404762260053,1.1504860539439596,1.7348064026640841,-0.07719870114482952,1.4889058913542452,1.6177821586271024,0.7568450653148109,1.0476190476190501,0.42857142857143254,0.7370021336427227,0.4201364516802275,0.32799269841398426,0.24884586050225854,0.05199271398735223,0.1799013606591845,False
sh.603989,2022-11-18,0.01933085501858752,timeout,0.0,0.7569437888274659,10.0166,2.729488220958569,2.5188597761096028,3.168422026540535,-0.1302356020942409,0.8547717842323647,1.3405101001666548,0.7797035493318071,0.9250000000000004,0.1750000000000016,1.032397362352164,-0.07312049433573631,0.04681944609287503,0.013899053619246263,0.04192592592592591,0.30933633295838003,True
sh.603989,2023-09-01,-0.03607305936073067,stop,0.38047138047138146,0.8292525614751273,7.9349,1.9254658385093182,2.001450441697468,2.268678473815549,-0.09839440098806085,2.041958041958045,1.463924516199822,0.45364484294626556,0.9290322580645146,-0.0709677419354854,0.602682153398482,0.02928396279570844,-0.1728761870238752,-0.02462365129950701,0.03240018357044514,0.11273792093704267,False
sh.603990,2022-05-09,0.054032258064516045,tp,0.0991217063989961,1.0498674500089258,8.5238,1.3089430894308942,2.280625234261141,2.0945743601425333,-0.3540441176470588,1.6091954022988482,2.0130571517368674,0.5083311612551417,1.4057971014492727,0.6739130434782598,0.8284987777493528,-0.18105356352368307,-0.06329113924050644,-0.09976034160445414,0.0482882882882883,0.01776061776061776,True
sh.603991,2021-03-09,0.0751031459515214,tp,0.15540540540540781,0.8223600824541308,6.228,2.022318660880348,1.8385990099042442,2.4691379821748893,-0.11822881546414954,1.0022779043280237,1.091318775153395,0.536467643904183,0.875536480686697,-0.124463519313303,0.7475928863647708,-0.012163188569279892,-0.05646617283950628,0.01821764621339765,0.03745077897620268,0.023569023569023902,True
sh.603992,2021-07-01,0.07880434782608696,tp,0.24999999999999886,0.8265992367407462,5.4701,1.8666666666666674,1.6869328966114614,2.217058419347775,-0.07264529058116231,3.680993289100736,4.083853581547487,0.5855043409832681,0.724137931034482,-0.09482758620689631,0.7051929218098052,0.11445163714419992,0.017362485807899564,0.07291262441094074,0.03162203267250913,0.20858895705521463,True
sh.603992,2021-11-16,0.06562500000000007,tp,0.28232189973614863,0.6737755054825425,5.1509,1.3387978142076515,2.2297510279667416,1.9121942023688057,-0.14653716216216206,1.27934621099554,2.722585865063413,0.48591906515502425,0.8666666666666649,-0.13333333333333505,0.8928188035692781,-0.1220472440944882,0.17070790262678925,0.02543748922959023,0.04182029563195485,0.19440124416796248,True
sh.603995,2023-02-02,0.0517295597484277,tp,0.28039702233250635,0.7068497027606234,5.4237,1.4043209876543266,2.037390319088295,2.0978447804937814,-0.017067003792667457,1.469194312796208,2.0119982517857626,0.7601124665006029,1.4307692307692281,0.5999999999999932,1.0074009362412546,0.27011952191235045,-0.10171879402648643,-0.018895796146981073,0.0339711417816813,0.3819036427732075,True
sh.603995,2023-07-28,-0.025671881267549195,stop,0.08737864077670099,0.8260230548805066,5.6949,1.7896797814676557,2.6667514561180634,3.595499295910943,-0.07737623865695431,1.0335570469798638,1.429202167515952,0.564319116813462,1.0530973451327432,0.053097345132743334,0.9482904274520121,-0.04496960263306615,-0.20134534523831682,-0.07561357763893052,0.028631140645133803,0.27752629238401594,False
sh.603997,2021-02-22,-0.0024067388688328688,timeout,0.12280701754385853,0.6193778478144935,6.8091,1.8937198067632834,1.883412716076835,2.588236716169226,-0.17685627034166862,1.0959595959595978,1.8959478153338027,0.6085793841824063,1.357142857142857,0.5535714285714317,1.0671439410738421,-0.11112362159841782,0.09933784894904663,0.04290971745115954,0.03549906724474461,0.2905982905982908,False
sh.603998,2022-06-23,-0.0343283582089554,stop,0.3684210526315782,0.631445443509163,6.2794,1.5450339068814851,1.3530773896851342,1.7331074650857388,-0.16819532562926054,0.916481616736101,1.8814498645950795,0.6226499954051322,0.7058823529411773,-0.11764705882352608,0.9541171653699826,0.08261582343415874,0.2205774858894849,0.09295139801414175,0.04921515699785855,0.29094856746505676,False
sh.605003,2023-10-27,0.02244897959183669,timeout,0.3832599118942744,0.9487651441868609,5.3174,1.92233009708738,1.6588378384272355,1.8141866395306698,-0.041954590325765206,1.0081833060556336,1.6753642901116834,0.5462113533864164,0.808080808080808,0.19191919191919207,0.7525355652115866,0.007194244604316502,0.09408690347991855,0.02859557723376747,0.02460884353741498,0.06198347107437993,True
sh.605005,2023-09-01,-0.03099415204678342,stop,0.261538461538461,0.8439068672811556,6.3803,2.065902578796562,2.4785997051021456,3.0777309298639843,-0.20075937351684858,1.274796747967472,1.089290601861257,0.448632192023441,1.0776699029126218,0.21359223300970437,0.9175733210870658,0.13885180240320416,0.037727462017527635,0.05613142974797493,0.027608440797186398,0.05181347150259094,False
sh.605020,2023-07-06,0.06603422619047616,tp,0.07277140011984194,1.0267379769790945,5.5405,1.4570304845401707,2.4459495688037634,2.393082570494168,-0.2420359885381984,1.6370172749201148,2.536931305794942,0.38287531077940146,0.9014084507042245,-0.09859154929577556,0.8540651265094547,-0.15070902793169383,-0.06712801163290827,-0.129763840125485,0.03616643749595389,0.051208314647260604,True
sh.605077,2022-12-13,-0.05134871628209296,stop,0.15360501567398407,0.8707047875295896,5.8259,1.780172413793109,3.159941923596257,3.5060502705174286,-0.031974921630093966,0.8950276243093898,1.3006431520926207,0.5221212889162375,0.8983050847457623,-0.10169491525423772,0.8136599922438008,-0.011272141706924255,0.48452611218568675,0.11938257725380579,0.030054288816503787,0.0645161290322587,False
sh.605077,2023-04-13,-0.02954159592529705,stop,0.313807531380753,0.8258206096870055,10.0114,1.2341325811001422,3.8481087454247,4.895129404751878,-0.13395265208270912,1.459829059829059,3.552104015925311,0.49656695584469135,1.0160000000000042,0.44800000000000273,0.8800777201606899,-0.05516356638871056,0.03295932678821889,0.0024954627949184045,0.028162480199140045,0.12424849699398823,False
sh.605086,2024-09-03,-0.027777777777777724,stop,0.28510638297872304,0.6673749040258895,5.007,1.6201780415430282,1.6026686851290437,1.7328215396255673,-0.1794595402407697,1.2727272727272712,1.7788076618498472,0.5826544123650589,0.8333333333333321,-0.012820512820515752,0.7045156156507014,-0.11007440666167245,0.016033532868261036,-0.06625892466405052,0.03055003313452621,0.047619047619046964,False
sh.605088,2024-12-12,-0.047997112955611786,stop,0.37634408602150554,0.7288825491915357,7.5862,1.3934579439252317,1.4120689303748044,1.619444208357904,0.05922293474160667,1.5257192676547515,3.963065986519745,0.4878258570708381,0.7746478873239462,-0.056338028169012164,0.8882784137199456,0.5507487520798668,0.2815084607985159,0.40087476003870853,0.04951120648545543,0.2945205479452057,False
sh.605089,2024-03-14,0.048051519154557416,tp,0.018115942028985612,0.8036903827892161,8.7063,1.7321140398063462,2.485641163320712,2.8042465029098964,-0.23948140900195702,1.2161383285302594,1.9188943193757557,0.5216898863024354,0.7826086956521745,-0.21739130434782553,0.8560657802321009,-0.23505876469117282,-0.25589880807589394,-0.13628438521321126,0.04931894954778252,0.4427542033626906,True
sh.605098,2023-04-04,-0.06448202959830875,stop,0.25116279069767367,0.8491367149770449,8.2717,2.358656330749357,2.8898151035026403,3.254585498908881,-0.04464509656383231,1.1830985915492933,1.469938735772554,0.5117497955981608,0.9110429447852741,-0.05521472392638345,0.9173298138670744,0.3067907618062735,0.6619903551074089,0.20074115914333818,0.03613822210498553,0.07614213197969522,False
sh.605108,2024-11-12,-0.042608695652173796,stop,0.30394431554524315,0.9133674752625348,8.767,1.8457223001402536,2.1946965953430833,2.4829201870485607,-0.05228758169934644,1.8834080717488797,1.3329270341150068,0.48241370669958467,0.8138297872340425,-0.1861702127659575,0.8388693193738541,0.20010504201680668,-0.08828647271632417,0.14587475737774366,0.05177242888402626,0.41458733205374293,False
sh.605111,2024-01-03,-0.0378908320084792,stop,0.2558922558922562,0.7409416203237036,5.8443,1.573734001112972,1.5725650054070415,2.1578594853913327,-0.1689830134568716,1.3471288153129835,1.0486526026564438,0.661767891398667,0.7970297029702933,0.12871287128712433,0.6825870973536743,0.10712200817279638,-0.12381612381612384,-0.012055201274543544,0.03681342824501276,0.06812842599843386,False
sh.605116,2023-05-24,-0.033806846031137636,stop,0.21235521235521362,0.5555471722980665,5.2653,1.5615384615384669,2.5848314567074877,3.302438040930129,-0.0714285714285714,1.2376425855513267,1.129265446466185,0.5043799213594188,0.7574864555097924,0.26054395624951254,1.0095738357137247,-0.0010392593843773223,-0.04191561416907985,0.014929029365938354,0.027953627747558635,0.07382452642395157,False
sh.605117,2023-03-09,-0.05152827845263699,stop,0.11232428006005216,1.0337912335516835,7.4446,1.4212353192905713,2.098719711092838,1.9514396391289388,-0.13453283162859697,1.7485435738913315,1.7522683502816787,0.5421597214112119,1.2332552693208405,0.2679156908665082,0.822035829659488,-0.0469457986808145,-0.21379228767447367,-0.06508595528402888,0.041180954673567444,0.10025008931761266,False
sh.605123,2023-06-27,0.04320388349514575,tp,0.26201382369434206,0.9545162789885057,6.8513,1.86157839340276,2.078783290145587,1.9510687694444464,-0.1780188225307574,1.0834697217675988,1.9653058298819495,0.4886028032283043,0.7238689547581884,-0.16848673946958032,0.6717506242851965,-0.14850101874092747,-0.1598930021924596,-0.14175181332607467,0.03197972857827703,0.05522715422457054,True
sh.605168,2023-06-20,-0.1310098538456451,stop,0.10457516339869179,0.9008159679531609,6.7465,1.2612137203166232,1.865092953499448,2.0999102926206756,-0.15460122699386503,1.1903812940082323,2.3020243235393862,0.4792862553518724,1.1694560669456047,0.16945606694560472,0.8498078472431151,0.05255925798694605,0.9760092867277181,0.20913242249391456,0.04090731070496086,0.4026895226836115,False
sh.605177,2023-05-24,-0.04767507839732234,stop,0.2761020881670532,0.5311080066618781,8.5485,1.8535502958579855,2.9807592944075387,3.604562740434164,-0.03750493485985007,1.5608919382504323,2.542183859737757,0.5625225040504462,1.195530726256984,0.23463687150838253,0.8472272743049375,0.0024252223120453387,0.1454965357967668,0.06243216998914735,0.03434139784946237,0.11232876712328796,False
sh.605179,2023-11-01,-0.027004909983633325,stop,0.006993006993008187,0.8729008742786797,5.4916,1.749999999999999,1.6946806519137059,1.9411792973031954,-0.07242990654205594,1.3548387096774122,1.6010881330974185,0.7290350739254741,1.1428571428571388,0.4603174603174564,0.9318657570130535,-0.016129032258064724,0.12464578676022042,0.052441246102130364,0.02691256830601094,0.10574018126888197,False
sh.605180,2023-09-01,-0.008995502248875575,timeout,0.21739130434782608,0.9971722925244361,5.4531,1.79613356766256,1.5404521228366603,1.6276400122402803,-0.07198306280875089,2.729999999999994,1.7862512560565902,0.7903634851011986,1.2328767123287703,0.2739726027397262,0.9354783980967518,0.03649068322981375,0.009304305056842654,0.06987368139858416,0.026516853932584284,0.14845938375350068,False
sh.605183,2024-08-28,-0.02545003103662316,stop,0.10752688172042932,0.7527170930208668,9.9727,1.667210440456768,5.318716357944128,7.935094155815361,-0.09024632228575202,1.2213247172859472,1.4300107622440077,0.7006146246483039,1.0958904109589052,0.2739726027397263,0.975140267509135,-0.04351984337782966,0.28663199446781573,0.07341564860127689,0.027893660531697336,0.30000000000000016,False
sh.605186,2023-01-10,-0.040116279069767426,stop,0.09063444108761386,0.7623001785408633,7.2188,1.4399008674101583,2.1102714392897894,2.927863427005853,-0.2507097619567592,1.2564102564102577,1.872485259394897,0.2756142385313939,0.9076305220883543,0.15261044176706903,0.8491591135516074,-0.20179475379659462,0.24415768083758627,0.005432244260060549,0.053031613337176924,0.12362459546925579,False
sh.605198,2024-11-08,-0.04319885755087489,stop,0.027431421446384427,0.8246712603095872,8.3333,2.1786197564276004,2.3924764429732934,2.714846480591081,-0.12908496732026165,1.7169136433316308,3.0773543412261044,0.6435621937439996,0.9782608695652183,0.5913043478260908,1.1357929845888939,0.21835580687255352,-0.2900212555192171,0.10275369722145922,0.051255503986671454,0.44846796657381593,False
sh.605222,2022-06-22,0.04151031894934343,tp,0.12094395280235906,0.801421818905622,6.639,1.751646284101597,2.231096609642472,1.9489764557397393,-0.06502955889040474,1.6471700138636711,4.327739900013805,0.7004434610940826,1.3082706766917283,0.3157894736842098,0.8799982689712933,0.030632689266844038,-0.1317445425931567,-0.013750504443187202,0.032430353315602234,0.33487967124611134,True
sh.605277,2023-09-01,-0.03976861894432398,stop,0.3968253968253981,0.9798173782958144,7.3676,1.8008298755186731,2.1774437104945465,1.9919083383981235,-0.26407154129405597,1.0243902439024417,1.393893992022307,0.5516509939294991,0.7956989247311845,-0.20430107526881552,0.5764719285749655,-0.07907620728581333,0.12720636803255347,-0.009723732479524667,0.03222222222222221,0.06575963718820835,False
sh.605305,2024-05-16,-0.0498469610843901,stop,0.31201248049921976,0.730321096790094,5.6979,1.5346053123830858,1.766002984411855,2.1735421730497575,0.037977528089887524,1.7711522965350526,3.798816721139148,0.42826374377408044,0.8464163822525647,-0.1535836177474353,0.8452327125457124,0.34727540500736387,0.4406299212598428,0.27964339335838817,0.0409634164116018,0.12796208530805694,False
sh.605318,2023-09-01,0.0845238095238097,tp,0.13936430317848433,0.9262005792628075,7.5798,1.4098690835851002,1.6302048428494857,2.639842984611571,-0.036904761904761885,2.4931506849315124,4.172922422093209,0.549224200432344,0.8099999999999982,0.46999999999999587,0.9382637650835013,0.2322347597826413,0.13827170786610532,0.18371864494141202,0.0364764764764765,0.14927344782034355,True
sh.605333,2023-09-01,0.12465564738292001,tp,0.38333333333333375,0.6995759819133323,6.5234,1.6301369863013708,1.6015487849437577,2.005320870167596,-0.2529601722282022,0.8990825688073396,1.031146427236683,0.7241740065404733,1.5176470588235298,0.7058823529411757,0.7829251952568331,-0.018305084745762645,-0.3011583011583011,-0.08971370196715293,0.03678637200736647,0.0880000000000002,True
sh.605333,2024-12-12,-0.03871548619447776,stop,0.033663366336634234,0.7268060279401396,6.9162,1.6130434782608694,2.356220229287949,2.8642284211891407,-0.11034846884899696,1.175445544554457,1.3352893846082647,0.4186400499935414,0.8867924528301899,-0.047169811320755595,0.7222035724555469,0.3243988963342528,0.09379247143977687,0.19206279985657232,0.04705357142857144,0.1360381861575185,False
sh.605336,2022-07-05,-0.027206358405431275,stop,0.309823677581864,0.9041174164790178,5.1227,1.44230769230769,1.9174654149939927,1.7648880170784642,-0.0037086985839515085,1.66983578219533,2.187906184475832,0.49548633530857766,1.0800000000000054,0.08000000000000548,0.8028882351817956,0.12942519984773515,-0.12991202346041042,0.07033023192893341,0.031052690708909078,0.32043010752688206,False
sh.605358,2022-08-10,-0.048853283066289735,stop,0.17720391807658092,0.947692654328042,10.0068,2.2926966292134767,3.1035444374037295,3.9893111881671643,-0.06494252873563233,1.026392961876834,1.5287380873455731,0.545435466584312,0.7461406518010302,-0.2538593481989699,0.8284565188996269,0.053926943057790666,-0.1860310617818769,0.01815093517821429,0.04568134171907758,0.10594100540091411,False
sh.605365,2023-12-04,-0.05141388174807198,stop,0.1081677704194255,0.6539686880270943,7.8528,1.6894848270995082,1.984180218944363,1.9034210205180955,-0.1947519475194751,1.3297758804695814,2.5440020372985495,0.6889861330522675,0.7719298245614024,0.005847953216371332,0.7871263101191623,0.2944664031620552,0.33462242182302027,0.19640265324670036,0.042849872773536926,0.22482435597189623,False
sh.689009,2023-03-24,0.03935574229691877,tp,0.34851936218678764,0.7561473008216331,7.0766,2.0507292327203506,1.812335736355808,2.390136498065417,-0.053537284894837445,1.4411764705882417,1.9152699323969509,0.8062363072301683,0.8831168831168845,0.45021645021645146,1.0176251875290876,0.13662420382165608,-0.08275507581598551,0.04977020650775169,0.03169888857756608,0.18507462686567183,True
sz.000001,2022-12-02,-0.024446142093200975,timeout,0.07865168539325705,0.9709947271884342,9.9915,1.7767584097859357,3.096819560778666,3.8032359704244754,-0.008396946564885543,1.7192982456140284,3.0856447059829786,0.4643879202793661,0.8915662650602416,-0.10843373493975837,0.8786617602925688,0.022997620935765406,-0.08486729216035027,0.03369273539083539,0.02953488372093024,0.4622222222222223,False
sz.000002,2022-11-16,0.09892879647132952,tp,0.177215189873418,1.0264674643467058,9.9791,1.6984687868080117,2.812174835793844,2.7937240394166727,-0.16036228023441657,0.9596083231334134,2.17631440418111,0.6256456484782099,1.0970873786407735,0.09708737864077366,0.7479489004354937,0.018936386290178353,-0.08212433431189936,-0.044268461592946895,0.04031105506515341,0.04323570432357064,True
sz.000006,2020-04-27,-0.05335968379446638,stop,0.18918918918918962,0.7768093079511766,9.9352,3.3960396039603973,3.8822730269529115,5.4247035135194,-0.05565862708719849,1.3586497890295393,1.839508220391513,0.6394969452294594,0.9183673469387751,-0.0816326530612249,0.9243126162946927,-0.005905511811023723,-0.03256704980842917,0.011922653040777354,0.03181518151815183,0.34306569343065746,False
sz.000006,2024-05-07,0.09415584415584409,tp,0.016393442622950533,0.9744269694807762,6.812,1.9425837320574149,2.345812287348,2.6434525369502624,-0.2432432432432432,0.9230769230769232,1.6534268583722647,0.5729278755121047,0.8275862068965524,-0.06896551724137784,0.8370830682422604,-0.17547568710359407,-0.11564625850340127,-0.08053203402817344,0.03324786324786326,0.021897810218977663,True
sz.000012,2020-01-03,-0.065040650406504,stop,0.2592592592592577,1.0297052619611682,5.87,2.000000000000005,2.8610140695026343,2.331525880786682,0.016096579476861272,2.2836879432624113,4.094540716321699,0.4893050823869942,0.8484848484848485,-0.15151515151515152,0.8528852556792144,0.1520737327188939,0.2195121951219512,0.14468864468864454,0.025200000000000007,0.33333333333333215,False
sz.000012,2021-06-28,-0.0372848948374763,stop,0.18783622482286944,0.7623218525893336,7.6923,1.2001833638501287,1.6799797260088365,2.031921735678115,-0.01760651184255302,1.166666666666663,1.1092929852409799,0.7385487514062504,1.2830188679245278,0.37735849056603715,0.9140543250304366,0.7006477359286691,0.3392941780048466,0.3567003493615606,0.04543103099035075,0.08025082860859552,False
sz.000016,2022-06-20,-0.045161290322580684,stop,0.27138931832965707,0.820439762946011,7.9505,1.7802793200396305,2.4804628879852584,3.112699120693808,0.0558118625490871,1.7004048582995903,3.519786814837472,0.586398686217223,0.837209302325581,0.23255813953488258,1.0175022835981817,0.20981792402954236,-0.016192017822130533,0.11869951815882064,0.03589661895722947,0.5658172615042134,False
sz.000020,2020-09-17,-0.05367008681925804,stop,0.2033898305084752,0.943639695035557,7.9729,1.8002735978112199,2.3221499842052213,2.795801187425042,-0.1256868131868133,1.6153846153846143,1.5565360175139047,0.4476046571990062,0.8085106382978743,-0.0425531914893617,0.8607921019178457,0.3163900414937759,0.34002111932418133,0.16801534036433372,0.04323614394536381,0.14348785871964714,False
sz.000020,2023-09-01,-0.03737541528239197,stop,0.39181286549707456,0.9646436625477005,5.427,1.8286937901498919,1.60091157068254,1.8496960147019157,-0.28614457831325313,1.2791878172588889,1.3876955716623625,0.7351593003956967,1.1803278688524612,0.18032786885246116,0.6873409673140499,0.0765076507650766,0.18533201189296333,0.07236522583778546,0.024275362318840563,0.054662379421221756,False
sz.000020,2023-11-02,0.02346278317152111,timeout,0.22471910112359456,0.8859538512147569,6.3644,2.0909090909090913,3.8218473240092825,4.919730387660756,-0.011345218800648316,1.7372262773722622,1.4946150980031288,0.4554322149970111,1.1304347826086956,0.13043478260869554,0.8536114885888212,0.01822700911350439,0.2326980942828485,0.05382752041844403,0.02527800379712503,0.27878787878787853,True
sz.000020,2024-01-04,-0.048573631457209,stop,0.2515337423312875,0.8807246591196147,5.3702,1.6028622540250457,1.5397797343412702,1.670564003356348,-0.021903323262839947,0.9878345498783423,1.3010156848202208,0.6678078638862952,0.8125000000000013,0.03125000000000208,0.9164516532117739,0.08991596638655475,-0.09742519137091155,0.06445259068774968,0.028810074530968927,0.15032679738562055,False
sz.000021,2022-08-10,0.06370656370656363,tp,0.01845018450184495,1.0168687303847523,5.4143,1.3999999999999997,2.1436683885248375,2.5586978554749926,0.02635782747603832,2.1643835616438363,3.6615627615122905,0.6798394961948843,0.8181818181818185,0.22727272727272904,0.9700567339550629,0.25349851354733266,-0.03414447379893959,0.15085475890684627,0.031410256410256396,0.4068716094032557,True
sz.000025,2020-09-21,-0.06363636363636353,stop,0.3986013986014001,0.42685510834134194,10.0149,2.1520850367947664,1.1619364654534008,2.3055341652223666,-0.20346320346320346,1.9642857142857117,3.6921706995906782,0.7419400405906135,0.9202127659574485,0.1542553191489373,0.5889200039625188,0.24139844617092132,0.23322185181236943,0.1284215117224782,0.05784532856504245,0.2972493345164158,False
sz.000030,2021-02-24,-0.05655172413793103,stop,0.16923076923076835,0.7951859358213427,6.1765,1.7260273972602802,1.7564940977978445,2.870799695788406,-0.15255729334780943,2.1017990602184944,2.713838238358381,0.5981571143870507,1.0444444444444436,0.06666666666666421,0.9062206343643328,-0.10821491500809566,-0.10269644294750213,0.013855230564042868,0.036551724137931056,0.06938775510204039,False
sz.000032,2020-11-25,-0.0678492239467851,stop,0.36026936026935774,0.9768960206507836,9.3991,2.4738400789733452,2.842870517742312,3.1358222476671513,-0.16764361078546297,1.0791974656810965,1.4718654162294134,0.6664187328806445,1.2960893854748585,0.5083798882681544,1.031768694404309,-0.11584394904458606,0.3190951523047185,-0.013531586339577087,0.031607384061233694,0.15304948216340566,False
sz.000032,2023-06-21,-0.08741066520065957,stop,0.14236067694297636,0.9383174699041602,10.0116,1.9771263504059966,1.9488930578742785,2.086636803670673,-0.08792909837948004,1.1672070402964303,2.2183590748776565,0.5994558125495627,0.770083102493075,-0.22991689750692498,0.7818066719632533,0.022184943126388967,0.7616172071180072,0.21066645472219722,0.04562597515789291,0.39295455586861755,False
sz.000034,2024-05-06,-0.05203252032520316,stop,0.05899705014749258,0.7797071713483903,6.877,1.223691776883269,1.6117016490514884,1.8058622886074431,-0.13362068965517226,1.2455516014234858,1.355551852125153,0.7210203449027007,1.4539473684210522,0.6541975800428191,1.008556545100378,0.20388018251507867,0.05395534083469,0.05023114291684081,0.04125853455331539,0.08588619463258293,False
sz.000035,2021-12-17,0.048951048951049035,timeout,0.1250000000000008,0.7593283121301877,10.0935,2.1276595744680855,3.1613416616143937,3.8943596782508845,-0.021594684385381924,1.2989690721649505,2.819807083198962,0.4992674505649624,0.7600000000000005,-0.23999999999999957,0.7765895529821993,0.19214876033057848,0.20711297071129708,0.1889348695846283,0.04430964760254187,0.09016393442622968,True
sz.000035,2023-09-14,-0.025974025974025927,stop,0.2835820895522377,0.7533504481612354,5.098,1.333333333333329,1.7155379306263525,1.8015725929770157,-0.06944444444444453,1.4538461538461507,1.2086750503564303,0.4670679737010087,1.0416666666666663,0.04166666666666635,0.6743162120268654,0.2546728971962615,0.046627512528613746,0.09258606663343491,0.0317815021725637,0.13846153846153794,False
sz.000039,2024-03-06,-0.08038585209003224,stop,0.19685039370078705,0.9189633877162776,5.4749,1.2509505703422048,2.018944692325592,2.186735407636234,0.04424778761061954,1.4253393665158418,1.9011862929096195,0.5499677899449942,0.7234042553191499,-0.21276595744680835,0.8692699576595109,0.19897304236200242,0.30995792426367474,0.22140732103353197,0.034296930763740185,0.4676258992805764,False
sz.000043,2019-11-19,-0.05193075898801605,stop,0.19072164948453538,1.008119228906936,9.1787,2.025723472668811,1.4035418856113442,1.5441915671999087,0.02587380844303233,1.0497322111706198,1.543425204856518,0.6404911649463938,0.7722222222222223,-0.05555555555555632,0.9216875168409011,0.6917293233082706,1.1831611575059502,0.5317567860057414,0.039170370370370376,0.480620155038759,False
sz.000045,2021-05-17,-0.03214285714285718,stop,0.13924050632911358,0.9500609590368082,6.6838,1.662707838479811,1.5947950984554626,1.5324258155089194,-0.09586056644880159,1.3503937007874047,1.7226717637680486,0.6227404482088913,1.0799999999999965,0.18000000000000066,0.7975886946488926,0.23201174743024988,0.07022616410455185,0.10039818603476126,0.03520063567739374,0.06273062730627332,False
sz.000056,2024-12-05,-0.0931818181818181,stop,0.1764705882352936,0.6284732083717302,10.1818,1.7885462555066054,1.355306501036031,2.0036276750312076,-0.2088772845953002,0.6347607052896733,1.7712768523904763,0.30726770302534145,2.034482758620692,3.448275862068972,1.2275715318339695,1.3430232558139532,1.109947643979058,0.9012412604558054,0.06071133167907362,0.3821138211382114,False
sz.000060,2022-07-21,-0.024774774774774855,stop,0.378378378378379,0.8091587431685137,5.5156,1.337078651685395,1.5512224252319815,1.5923996976972683,-0.05710154882187202,1.4823529411764733,1.6397766045960933,0.44566978250462636,0.8823529411764712,0.05882352941176438,0.4837895584633027,0.017736894680727477,-0.08382951639738989,-0.011812142335805168,0.02775912848268375,0.05343511450381641,False
sz.000063,2020-02-20,0.09577777777777773,tp,0.03225806451612812,0.8254216723943592,9.2475,1.3852931209759374,1.6572297592944432,1.6800666395749386,0.04889321333008989,1.5033112582781405,1.6757486203248095,0.6802620723767066,1.1404109589041107,0.5034246575342493,1.034566225657008,0.39828824828840625,0.48836489445651776,0.3093949639522937,0.0392987964416536,0.3404349755881049,True
sz.000063,2022-05-31,0.05516465847711434,tp,0.2992700729926988,0.8098715731497651,7.4123,2.2110672722843705,2.3197927719095266,3.2342970370300406,-0.18138460188205574,1.5366966974589173,2.0537564571892255,0.36853381170473065,0.875407608215459,0.08037148146196042,0.9122064372085928,-0.16075495039286392,-0.20462642442847412,-0.11451269701585658,0.03273441662245014,0.13422185374120174,True
sz.000063,2022-12-08,-0.03149606299212613,stop,0.022653721682847967,0.8711046690233768,6.8263,1.9396092362344637,2.3655338160706636,2.956908267207747,0.043681747269890936,0.9036482694106681,2.278003195532644,0.45964967764402515,0.897435897435898,-0.06410256410256465,0.9391421837842914,0.0846216436126932,0.0418132082844862,0.11053256409722358,0.028557139284821204,0.48148148148148184,False
sz.000063,2024-07-12,-0.03214285714285718,stop,0.04717700216639139,0.8085258641195884,6.1397,2.0339829552429904,2.493691959306651,2.862984631557945,-0.014002732240437132,1.454717374141314,1.8710288080677488,0.564302936243068,0.8538011695906439,-0.1461988304093561,0.7869833922750913,0.015253636041149488,0.2025210084033613,0.058709184140580926,0.024097379613518,0.08299311578261796,False
sz.000066,2021-03-01,-0.06214689265536722,stop,0.37727272727272726,0.8139745488700337,7.183,1.240066225165566,2.167355581769868,2.743361128603326,-0.1797172320758399,1.3286624203821673,1.0846497194436364,0.6172542710714972,1.1028037383177534,0.5700934579439227,0.8245728352520814,0.2340504666997616,0.0011451673507925086,0.06994261451249513,0.05257925342337271,0.1450892857142857,False
sz.000069,2021-03-17,0.03376906318082799,tp,0.09352517985611541,1.0137386105961494,7.2619,1.30666666666667,1.4895671977286014,1.6408833075513278,0.04041570438799069,2.1863013698630156,3.2226750992366275,0.6735033391425743,1.26785714285714,0.35714285714285543,0.9946224261918895,0.33866279069767424,0.30638297872340425,0.2855049200921209,0.03926891060441547,0.5364583333333328,True
sz.000069,2021-09-06,-0.04240766073871408,stop,0.38333333333333414,1.0337879333560092,5.9347,1.55113636363636,1.8692543980855076,2.4745956616480673,-0.16588785046728993,1.3333333333333337,2.2364988615758445,0.5632810679232283,1.3333333333333357,0.33333333333333565,0.7607468071854058,-0.09011264080100134,-0.16953003705905967,-0.0938561032503433,0.03672627235213208,0.11888111888111873,False
sz.000069,2024-05-07,0.11111111111111095,tp,0.05263157894736854,0.9773554912781324,7.9681,2.526315789473682,3.0469232743540395,3.3027449999221172,-0.15838509316770177,1.272727272727268,1.5384210257507849,0.49377178230062047,0.7083333333333337,-0.08333333333333348,0.8314563036794966,-0.135048231511254,-0.25277777777777777,-0.11277244867108265,0.031598513011152414,0.011235955056180033,True
sz.000070,2023-10-11,0.07105568445475646,tp,0.053892215568862194,0.9695658535126493,6.6667,1.5010940919037215,1.8969531854600423,2.3568725661794674,-0.1351351351351351,1.2918454935622292,2.9514888683253204,0.7894458293299499,1.0204081632653057,0.5510204081632641,0.985687067145034,-0.04661487236403994,-0.10984455958549233,0.028157634878362685,0.03740783857198293,0.17737789203084825,True
sz.000088,2020-07-29,0.1648199445983379,tp,0.010989010989010688,0.5315400266368424,10.0619,1.2540381791483102,2.032971088199058,2.2361731098729773,-0.08846153846153848,1.4960127591706534,2.2588737436644557,0.5257906639902092,0.8360655737704926,0.31147540983606614,0.8474614215006875,0.6665993280066131,0.6115354735570553,0.4536519773166458,0.06365296803652967,0.27607361963190163,True
sz.000090,2021-04-01,-0.048361934477379145,stop,0.06666666666666744,0.6336501462766494,5.5195,2.0416666666666634,2.856372112295022,3.7174778414699734,0.010886469673406118,0.9851851851851842,1.4393064369920605,0.29587629654565695,0.7142857142857172,-0.25714285714285723,0.8381338567390587,0.07723895490456201,-0.08695558665496528,0.009185675889120266,0.027405096203848164,0.2830188679245287,False
sz.000090,2022-02-10,-0.02599388379204882,stop,0.0909090909090894,0.7545442954306233,5.7283,1.632508833922257,1.5790983880844698,2.077444740491477,0.0015503875968991832,1.0970149253731318,2.09497557731276,0.6458722933824895,1.1212121212121222,0.15151515151515443,0.9170333095727202,0.29681274900398424,0.273972602739726,0.17438364401683723,0.028827444956477197,0.25,False
sz.000100,2020-06-05,-0.028667790893760616,stop,0.37878787878787834,0.8497962367915399,5.9259,1.207547169811322,1.6510328423837117,1.908243610353367,-0.09076163231355217,1.9618097812730357,1.9615166816060925,0.7130442142802487,0.9687500000000003,0.15624999999999845,0.9654269942316807,-0.007280758735759174,0.4955552191665369,0.1739689774659569,0.040482486358961886,0.4071146245059282,False
sz.000100,2021-07-09,-0.04932182490752141,stop,0.08000000000000179,0.6750422423666799,5.8981,1.731578947368427,1.5556191269143864,1.9235967822169686,-0.20617222772822374,1.135135135135134,2.069592526721971,0.777383329541295,1.1489361702127645,0.3404255319148929,0.9109186438230255,-0.08386273044344794,0.09396846645842638,-0.06698207042986637,0.032009925558312655,0.2000000000000003,False
sz.000153,2024-10-25,0.05766192733017376,tp,0.24183006535947751,0.8483126421935291,9.5652,1.725118483412322,3.461414403465545,3.3451623403618287,-0.06110283159463481,1.9574468085106365,4.385096794228551,0.579605624575943,0.807692307692308,0.0,0.8477487312110529,0.26252505010020033,0.14606043241575373,0.1362673031512437,0.03455026455026457,0.37125748502994027,True
sz.000155,2020-10-30,0.05038759689922473,tp,0.038461538461539206,0.9676093477763855,6.8041,2.023437499999995,3.4827231220963615,3.532331557169146,-0.08641975308641991,1.3926701570680677,2.3607534814370315,0.5970087834903821,0.864864864864865,-0.05405405405405298,0.8699737899106924,-0.019011406844106626,0.29648241206030157,0.0811943425877422,0.03178294573643415,0.4366197183098581,True
sz.000155,2021-11-23,0.05686418844313582,tp,0.15355805243445686,0.6915031574322373,10.0118,1.5349036402569602,1.9640033859641017,2.3685904061542606,-0.28629648497198157,1.123745819397992,1.4917302403087125,0.59740491201118,0.7499999999999997,-0.21874999999999942,0.5918117811555523,-0.035475939585528526,0.8529014844804321,0.14969157339436756,0.06330420004855544,0.1489841986455981,True
sz.000157,2019-09-05,-0.03839732888146919,stop,0.06666666666666625,0.9891369091598968,6.9811,1.973568281938325,2.3052414864359143,2.5892181589598864,-0.08841019696080954,1.0797842347416604,1.202046147313068,0.7131825321855071,1.3749999999999978,0.781250000000001,1.1165038436700376,0.09379011004690452,0.44895019283860527,0.13236982254000923,0.029806385850173617,0.23913043478260865,False
sz.000157,2019-10-11,-0.02127659574468085,stop,0.2580645161290347,0.5827771884739088,5.614,1.6129032258064553,1.9643965801240604,2.671814655025627,-0.03213922146456327,1.973568281938325,2.3052414864359143,0.4930060754501891,1.0,0.2799999999999983,0.9203483986218565,0.1602333112484282,0.18408857559185376,0.12009358692937594,0.02616310892172962,0.1317829457364339,False
sz.000157,2019-12-16,0.06714060031595584,tp,0.24324324324324442,0.817846343257683,5.9801,2.3681592039801003,3.7641235627019247,5.413350365034734,0.03403565640194506,1.161290322580643,2.1493146196417783,0.3897377274664877,0.7352941176470597,-0.23529411764705963,0.909860766838477,0.07508532423208192,0.10325215594155668,0.0835009950336403,0.02275132275132275,0.13846153846153794,True
sz.000159,2021-08-12,0.06249999999999993,tp,0.34482758620689663,0.463681452966342,7.451,1.219219219219224,1.174069693411786,1.935098409806543,-0.04418604651162783,1.8417979508648235,3.5267691063018165,0.45612527463705405,1.3620689655172387,0.379310344827583,0.8347523513008808,0.34814233333664535,0.5765984829337305,0.34627179607282815,0.04856591461332271,0.34893617021276613,True
sz.000159,2021-11-19,-0.04088050314465418,stop,0.06493506493506482,0.9570848825322302,5.5276,1.4334470989761128,2.390320092394927,2.86152100094386,-0.32978723404255317,1.0674486803519054,1.2579382146200913,0.5116263096150171,1.1666666666666627,0.20000000000000118,0.9598711055598923,-0.2578763127187863,-0.02448868596945697,-0.09195285214962794,0.03464360587002094,0.177033492822967,False
sz.000166,2021-08-23,0.10583153347732194,tp,0.12000000000000363,0.9901426614887998,5.1802,2.573529411764706,3.6512236127088133,4.954437647474179,-0.015184307698875021,1.2696897374701541,2.1940237157942857,0.43981977532881683,0.8399999999999995,-0.16000000000000045,0.9266910092694901,-0.013448930296756645,-0.011389324723263261,0.02624594779526397,0.018156685117012506,0.2380952380952383,True
sz.000301,2023-02-03,0.019531249999999972,timeout,0.025641025641025522,1.0295038048978618,5.2561,1.8846153846153855,2.329185520368225,2.479046142769395,0.013627514600908386,1.401459854014597,2.569172984289739,0.5209367909566178,0.9047619047619067,-0.09523809523809332,0.7802272053035947,0.21283255086071984,-0.24757281553398047,-0.052726467128080566,0.040731182795698935,0.4126126126126118,True
sz.000333,2023-04-04,0.05475927967658949,tp,0.20524017467248923,0.7458320105521465,5.9728,2.666666666666668,3.0454447011740804,3.825712870140256,-0.06888888888888889,1.2239142695995489,1.1301963312934962,0.485031016916348,0.7884615384615393,0.05128205128205236,0.9724688370385741,0.05300693909020815,0.1217659137577003,0.0809313461186493,0.022570016474464567,0.12386284114765639,True
sz.000338,2020-05-11,-0.03057678943710918,stop,0.00606060606060773,0.9983417492468339,6.9403,2.041166380789014,2.296628491840401,2.621943840863237,-0.09188846641318127,0.8749999999999992,1.331701415329107,0.46619268916812134,0.9411764705882365,0.07058823529411976,0.9837164390738795,0.00770308123249297,0.1268772336499786,0.03891286371083824,0.031063238359972194,0.39339339339339224,False
sz.000400,2024-04-16,0.08146905294556292,tp,0.14285714285714157,0.879377571140554,8.5184,2.176795580110494,3.2053197807930554,3.797395117573491,0.03384615384615386,1.30170777988615,1.3476686314662174,0.6228824148523916,1.1015228426395938,0.1725888324873095,0.9642263608921872,0.327157484154071,0.5554285714285714,0.27078486449474404,0.03295371050698016,0.2553606237816761,True
sz.000401,2021-09-06,0.0646359583952452,tp,0.04166666666666734,0.8632190093253874,5.3543,1.6945996275605228,2.424945052539157,2.6094108704611036,0.0037509377344335793,1.5089820359281476,2.198865567145852,0.5339423064695934,0.8153846153846153,-0.03076923076923183,0.8589467954028664,0.02218821729150733,-0.094656281484926,0.004058199693192927,0.027245508982035926,0.1376623376623378,True
sz.000403,2022-06-02,-0.03670186023127208,stop,0.3181818181818188,0.9143551519467753,5.9239,1.2752203721841355,1.726921945512535,2.0252605414141933,-0.3288567493112947,1.6259607173356125,1.4516053884638542,0.6148039178291509,1.4623655913978526,0.5913978494623634,0.8984366003810111,-0.27835794022326255,-0.33244503664223857,-0.16494490956000588,0.044011976047904175,0.06478873239436611,False
sz.000420,2023-01-06,-0.016494845360824757,timeout,0.1549295774647888,0.5813532444007518,8.1264,2.1735159817351604,1.9773047600916043,2.8192354582826438,-0.18537414965986387,1.2429906542056033,1.3027371720946412,0.47049613779206534,1.0588235294117634,0.17647058823529305,0.8783256612266983,0.2124999999999999,-0.008179959100204526,0.028450256229015654,0.03333333333333332,0.04705882352941178,False
sz.000423,2020-08-26,0.07880559376432814,tp,0.1461038961038964,0.6070325024356078,7.2301,1.5241488519398234,1.4095855870589133,2.0772018991994723,0.012220428867881106,1.9572220164289111,1.9103329992113944,0.5978334283695806,0.9090909090909083,-0.03999999999999926,0.9065468253596995,0.2582875586837807,0.4160792461071485,0.3132972088241858,0.04104437847301514,0.36332179930795727,True
sz.000423,2022-07-13,0.043728269590799555,tp,0.12531969309462812,0.7223210043005484,6.7435,1.8260869565217372,1.800378073584347,2.549552116457441,-0.0062777923097042665,1.6302046577275906,2.555400078865996,0.5498924301428622,0.8124999999999982,-0.18750000000000175,0.7768715013399028,0.15650030807147242,-0.2422285022204279,0.08122898350362535,0.03423015450186464,0.3289581624282196,True
sz.000425,2020-05-14,-0.035993740219092386,stop,0.20481927710843478,0.8567861850250451,7.9526,2.0851063829787253,2.4758053112698226,3.321250542201265,0.061564059900166335,1.3036437246963593,2.2163863115990443,0.581947699194798,0.9761904761904759,-0.02380952380952404,0.9123215673897136,0.2894736842105261,0.44774249113653064,0.21395324875949595,0.03223443223443221,0.2682926829268295,False
sz.000425,2021-08-05,-0.04489164086687306,stop,0.3148148148148152,0.9830285010012388,7.2041,2.421383647798741,2.429972072519984,2.3851224127717963,-0.1797481544974544,1.3538982316205883,2.1156797864173336,0.8548075489330709,1.1090909090909082,0.4545454545454547,0.9163746473550698,-0.0700423583722124,0.13448440817135587,-0.011753503763515662,0.030901440562427114,0.10966103958592718,False
sz.000425,2024-05-14,-0.04498714652956309,stop,0.02097902097902024,0.8948135458741424,8.6721,1.8629032258064502,1.4704210274408187,1.78723144275851,0.03751617076325986,1.8371040723981895,2.567363755656936,0.4896345278414048,0.7878787878787894,-0.21212121212121057,0.8558470976926136,0.3848857644991215,0.40714285714285725,0.3079199977869374,0.04010152284263961,0.19999999999999982,False
sz.000425,2024-11-06,0.03482587064676632,tp,0.11111111111111018,0.6433468245852434,5.0193,1.2727272727272696,1.5239144724037104,2.0970016469467483,-0.044496487119437766,2.0000000000000036,3.112307636935956,0.5965712089819399,0.92105263157895,-0.07894736842104999,0.8726332235582293,0.28031496062992156,0.04128000858638292,0.16515835146136457,0.04337843378433787,0.18181818181818202,True
sz.000426,2019-12-31,0.07470207759660533,tp,0.11111111111111185,0.7068206597044498,6.9114,1.9811320754716946,1.9930530881229025,2.5558353263645013,-0.11764705882352933,2.769230769230776,4.173804628620514,0.6292257186155165,1.066666666666664,0.06666666666666407,0.9312849780049591,-0.07102803738317764,-0.00996015936254957,-0.020995091843267345,0.031455399061032896,0.2805755395683444,True
sz.000426,2020-10-15,-0.0321715817694369,stop,0.3124999999999993,0.7978060094231484,8.1662,1.6237113402061853,2.426470188537318,2.6685573945513856,-0.3105022831050228,0.8337468982630214,1.191981613658404,0.5605220068509823,0.7333333333333343,-0.2666666666666657,0.5878825794778115,-0.19588744588744578,0.3887850467289722,0.014657683903860198,0.038043965903992845,0.0065359477124182315,False
sz.000426,2023-04-14,-0.0464864864864864,stop,0.12621359223300935,0.7784666171810645,8.4337,2.680851063829778,2.0630265055559045,2.9614953963798234,0.06132075471698095,0.9607843137254897,3.135090997051601,0.6456598182211296,1.1250000000000018,0.5277777777777818,1.0855554442338027,0.5008000000000004,0.6543209876543212,0.37861770793783006,0.0318407960199005,0.6051502145922749,False
sz.000430,2023-03-03,-0.02798053527980551,stop,0.38461538461538464,0.5874448008873882,5.5556,2.509960159362558,3.1344838767233516,4.717774122040827,-0.1722391084093211,0.9940828402366905,1.1090764272852323,0.5009819991857554,0.8888888888888876,0.13333333333333414,0.9976468433522967,0.1558988764044944,0.24320241691842903,0.15084775388918026,0.024503847711624133,0.08287292817679584,False
sz.000430,2024-12-10,0.04959785522788187,tp,0.3023255813953495,0.7704638724187478,6.488,1.5448275862068919,1.6757287010564035,1.939209834266787,-0.09036144578313265,0.9979035639412996,1.6851586882560368,0.5542417890977938,0.9166666666666664,-0.020833333333331098,0.928997394015223,0.34642857142857175,0.2566666666666668,0.21330713795549944,0.045932802829354545,0.10545454545454615,True
sz.000503,2020-07-06,-0.07793209876543228,stop,0.14678899082568864,0.7542721659464806,9.9641,2.0675105485232086,2.328353319665742,2.8774240549189742,-0.11167512690355319,1.5283842794759859,2.329767269200131,0.8000151899942407,1.0380952380952373,0.6095238095238115,1.0987410948373155,0.03368083400160393,-0.26761363636363633,-0.038376654460905206,0.041324023791052475,0.41434262948207157,False
sz.000504,2021-06-04,0.010154738878143174,timeout,0.026548672566371015,0.9090645689768233,10.0218,2.319884726224785,2.5858055897561165,2.9870245959486468,0.03642893791688051,1.4137622877569294,2.574386721481231,0.4945010825803988,1.0782608695652172,0.1956521739130431,0.9388280543404092,0.7208333333333332,0.7368361629326734,0.5282357751251938,0.04461662631154156,0.573604060913705,True
sz.000510,2020-12-28,-0.04885052448674286,stop,0.14285714285714468,1.0394649109516525,6.4368,1.9310344827586265,2.490059558897839,2.6027071962813344,-0.0589430894308941,1.1165644171779152,1.3596297775193742,0.5264923053362897,0.928571428571429,0.2857142857142839,0.9787396415374655,0.10304449648711955,0.021691973969631073,0.04094148848002664,0.030714791224345384,0.22772277227722745,False
sz.000510,2021-07-14,0.07743785850860416,tp,0.1320754716981139,0.8227686277516038,6.3786,2.44808743169399,2.290922845630243,2.884749748206451,-0.07014388489208623,1.173652694610777,1.6635290853890816,0.6156309237091467,1.0625000000000013,0.1562499999999993,0.9880329819241573,0.13973799126637543,0.2282352941176471,0.11933097458990045,0.023946360153256702,0.5042735042735057,True
sz.000513,2019-10-30,0.0611965811965812,tp,0.019801980198018578,0.9595502000008754,5.2196,1.3764988009592307,1.8390580690408425,2.2299140807621036,-0.0327597617471872,1.7768313458262395,1.6438007247821367,0.5445227448142879,1.0650406504065038,0.07317073170731846,0.8363438700114825,0.1475538160469667,0.21989508667984548,0.1304980030040687,0.030070486584811262,0.1819209039548022,True
sz.000513,2020-03-31,0.06588999236058046,tp,0.04939919893191011,0.9544811190316747,5.2546,1.2627450980392139,2.083565638500837,2.474985808251649,-0.08061831153388832,1.2051155927201171,1.6324998929817773,0.49577155544965834,1.1207729468599017,0.2995169082125648,0.8354966866175404,0.2064472634537502,0.4964542056401564,0.16062005964712933,0.037466055668703306,0.06706857573474047,True
sz.000513,2021-03-24,0.04771733851384153,tp,0.09863013698630062,0.868568794495006,6.1198,2.084461288576065,2.9208944938617702,3.534689893539234,-0.11089729118709024,1.5932835820895483,1.5815402969880568,0.5038824278500854,1.040000000000001,0.14181818181818334,0.9587953148184414,-0.04108265834884528,-0.12881080142239432,-0.03819909244547243,0.030416464106303696,0.25986597170513753,True
sz.000513,2023-05-31,-0.004627249357326365,timeout,0.2514619883040942,0.9645768042953439,5.2941,2.1947743467933587,2.5753391261386867,3.2892412809484597,0.012860082304526843,0.8789808917197451,1.4400177959693088,0.6040891583224384,0.8989898989898969,-0.10101010101010306,0.923444309906143,0.09563758389261756,0.035959809624537264,0.10397554234888316,0.02424706482899441,0.47545582047685764,False
sz.000516,2021-10-26,-0.05857740585774053,stop,0.0653594771241828,0.8202137068147971,10.009,1.543086172344689,1.3528690730682271,1.775138564023487,-0.22144224633056797,1.3431734317343165,2.6895081407874164,0.6658845195306463,0.7727272727272727,-0.22727272727272735,0.6297776242111971,-0.14886039886039892,-0.24078780177890735,-0.18972064008679143,0.053891213389121326,0.1116504854368932,False
sz.000516,2023-10-10,0.09715189873417712,tp,0.38144329896907375,0.8941517084602537,8.4791,2.611620795107027,3.3659539306141975,4.1505349558293245,-0.14255319148936163,1.210374639769455,1.808695952419804,0.3636965221009383,0.7213114754098344,-0.26229508196721507,0.6829874407807066,-0.08775981524249432,-0.31304347826086965,-0.11945012075051084,0.03097046413502113,0.027888446215139213,True
sz.000516,2024-11-12,-0.09230769230769213,stop,0.14583333333333406,0.7672501439412855,8.0292,2.119873817034697,2.69438943255995,3.1274750500524977,-0.02791461412151064,1.4244186046511655,1.133779662023562,0.5527153288833129,1.0625000000000007,1.333333333333334,1.2692693636276076,0.43544857768052503,0.11375212224108666,0.32961748334105184,0.043394308943089425,0.5742971887550203,False
sz.000519,2022-07-29,-0.04967997561718996,stop,0.04090909090909056,0.9730329662607711,6.25,1.3528550512445041,1.33094897028828,1.5170815988295467,-0.011648901466493555,1.5343914037057582,1.7619580407986553,0.7027960385653044,0.9292929292929325,-0.07070707070706755,0.7726113190908721,0.5441539210484441,0.6091232151825765,0.38625871065699724,0.046345245414349465,0.05159495465912147,False
sz.000520,2022-10-14,-0.04607046070460715,stop,0.01785714285714289,1.0171410322058867,7.9179,1.2857142857142843,1.817518536994597,1.6521609499563337,-0.16930022573363424,2.088709677419356,1.6895925527392164,0.6287545528153168,1.0,0.18518518518518481,0.7770972656824635,0.12012012012012008,0.01084010840108407,0.11166302404132725,0.055674709562109036,0.12568306010928998,False
sz.000521,2023-02-23,-0.05576923076923072,stop,0.017543859649122688,0.7292974634276685,5.3279,1.9337016574585573,1.4089941459607673,1.6453941024666965,0.0239043824701195,1.0537634408602123,1.1434067852876504,0.47967860413992125,1.200000000000004,0.24000000000000388,0.929484329353396,0.18721461187214627,0.20370370370370372,0.165244346510803,0.02442307692307694,0.5161290322580641,False
sz.000526,2024-08-05,0.054655172413793196,tp,0.04400345125107772,0.7727171644929244,8.6297,1.757936507936511,1.447146277985131,1.8424848719148177,-0.17397980883912756,2.277273686674772,3.3914977001208424,0.7767190853168852,0.7629796839729114,0.09480812641083225,0.9170007663640116,-0.1022002551020409,0.3004618937644341,-0.050714063760696655,0.05190863923842987,0.09241877256317688,True
sz.000528,2021-03-31,0.07621009268795043,tp,0.02352941176470533,0.8657415486511505,6.6143,1.5555555555555582,1.6167699412235916,2.0432226585791953,-0.10955056179775269,1.4302554027504923,1.119500382381947,0.7620418361513006,1.101694915254236,0.6271186440677956,1.0692530086997503,0.34607202467633424,0.3000221922531967,0.23412521043931836,0.04544534412955464,0.09999999999999995,True
sz.000529,2021-10-13,-0.05042016806722682,stop,0.017543859649122417,0.8601656869134106,5.1971,1.476363636363639,1.6345206345909544,1.7294987832128794,-0.016750418760468788,1.5046728971962755,1.5833984819461762,0.7560119615729116,1.2068965517241368,0.3448275862068924,0.9238025939867959,0.09944751381215466,-0.007712477917286131,0.0802441620013299,0.034338358458961445,0.12690355329949193,False
sz.000534,2021-07-23,-0.029563932002956372,stop,0.1031746031746029,0.7969775188661097,5.7143,1.557746478873237,1.533923443349405,1.815098791720898,-0.065529010238908,1.313915857605175,1.4224647011770333,0.6468961121733589,0.7088607594936727,-0.2025316455696191,0.8266139274360712,0.09289176090468487,-0.10928242264647803,0.03584894826497214,0.035205715693520566,0.006289308176100465,False
sz.000534,2021-11-12,0.08684210526315778,tp,0.14893617021276456,0.9491698869760988,7.6394,2.1758241758241725,2.5961451760226835,2.89319798484778,-0.20334314612507243,0.595744680851062,1.2268969675046724,0.47025874518824273,1.1212121212121224,0.12121212121212244,0.9061938669141192,-0.10588773642464899,0.09364191748672157,0.0024028305223654078,0.03476425052779734,0.0378378378378378,True
sz.000541,2020-08-04,-0.032558139534883714,stop,0.13978494623655902,0.4869019998799873,5.6911,1.4424242424242377,1.6703334951064843,2.598983631835962,-0.09788776737316207,2.4137931034482776,2.2530276392850404,0.6602872154206373,1.0588235294117618,0.058823529411761825,0.9039238759709155,0.4655250698199338,0.41329461659783995,0.28582987102043694,0.03609406952965236,0.2935779816513752,False
sz.000541,2021-01-05,0.0956937799043062,tp,0.028571428571428997,0.7940286779958555,8.2051,2.0613496932515316,2.9311760698012437,3.096014943072349,-0.0062794348508635744,2.0543478260869676,5.365839947870483,0.5860309365172844,0.7291666666666683,-0.04166666666666862,0.9308741754970201,0.0898100172711569,0.04991680532445919,0.06750126882084226,0.03232963549920762,0.1244239631336403,True
sz.000541,2022-08-18,-0.06488549618320627,stop,0.3982300884955752,0.8711713000837639,7.1831,1.3789649415692848,1.436744636340648,1.7028234432139773,0.014666666666666828,4.01081081081081,8.88533461935819,0.6099463433755747,1.3050847457627115,0.35593220338982984,0.9107536558852476,0.5886157829531986,0.42662812708856124,0.47777581627767757,0.04420289855072461,0.3682008368200839,False
sz.000543,2023-06-29,0.10037878787878797,tp,0.10243497578752823,0.7120336918796274,9.9673,1.816673391761785,2.1705810568405326,2.9740913025059426,-0.045611468101313335,1.3652482269503563,1.2981719537705458,0.6013130192753506,0.7924528301886764,-0.2075471698113236,0.6794197250442612,0.35117247375982075,0.5379705116068005,0.2612508331170287,0.0496202209403946,0.11766878131984154,True
sz.000546,2019-08-22,-0.027551020408163308,stop,0.01886792452830266,0.8942099928039969,5.5799,1.4843373493975902,2.9769272203247463,2.907494057728388,-0.04960898731950547,1.310638297872339,2.9759555095364107,0.5007178626422483,0.7727272727272716,0.11363636363636008,0.9580384592290282,-0.008763272222522822,-0.04561943235514909,-0.005778305950192195,0.026688527944168525,0.1512605042016808,False
sz.000546,2021-08-25,0.15680473372781073,tp,0.10714285714285578,1.0404626877643826,5.7052,2.174242424242423,3.1426914960262966,3.428552429397807,-0.11420663941034215,1.3320493187173896,1.8967687426658937,0.5533936529604004,1.1707317073170735,0.1707317073170735,0.9293589811391292,-0.08319669472181757,-0.06812595545697075,-0.020225132939412423,0.030118694362017796,0.33757961783439483,True
sz.000547,2020-09-04,-0.06690942193900756,stop,0.004580152671755652,0.8318095514458657,9.9606,1.3741339491916842,1.9493628746519267,2.6192856151186517,-0.01327433628318575,1.1237745098039187,1.5901475505329985,0.431645204834414,0.7117647058823521,-0.2882352941176479,0.8457570339710406,0.5281213732244849,0.5112941592041191,0.3481477782082016,0.058444138774262584,0.09230769230769251,False
sz.000552,2022-02-23,0.04166666666666673,tp,0.3333333333333349,0.6680014997086255,5.6452,1.4185022026431746,1.4597738860213205,1.8819805924704884,-0.03201970443349733,0.910958904109591,1.7631314382172307,0.6724358837764328,1.0869565217391315,0.43478260869565133,0.9227469978675573,0.3523489932885906,0.33959492888064324,0.17429547241070878,0.04574028122415218,0.06358381502890188,True
sz.000557,2021-02-03,-0.0634146341463414,stop,0.17333333333333245,0.7157050698546387,10.0271,1.6559139784946229,2.166735598021602,2.8212368213810417,-0.0876653494013736,1.6610169491525453,2.1588712972529756,0.7291771442199203,1.0,0.303030303030306,0.950077430573371,0.2057641930378935,0.15552401832798135,0.15382030850583997,0.05288604780749632,0.05994156435698707,False
sz.000559,2021-08-26,0.03826086956521749,tp,0.10869565217391323,0.8284672533879709,5.2727,1.4812286689419831,1.8919202475701078,2.1836859023840103,-0.038205980066445044,1.3311475409836129,1.4440753584463764,0.6377851849357671,1.0322580645161266,0.06451612903225623,0.8507132458259228,0.17391459897215555,0.26232657713742236,0.1401467307927275,0.03970166379804929,0.08571428571428577,True
sz.000559,2022-06-28,-0.05263157894736832,stop,0.11504424778761069,0.8649789176583224,5.6897,1.3470790378006878,2.084238935923934,1.9643416391084736,0.019966722129783454,1.5841176767179983,2.0293265753941823,0.6422696727922608,0.9285714285714312,0.5714285714285724,1.051217032947306,0.20944960094490983,-0.015947824685732415,0.1350813665246471,0.029610953036011085,0.3443352412172504,False
sz.000559,2022-07-21,0.0338050314465408,tp,0.09090909090909147,0.8465577165675848,6.9966,1.826086956521737,2.071852612502754,2.5809154873386544,-0.012598425196850394,1.4448398576512427,2.084238935923934,0.6206312221825505,1.0256410256410287,0.1282051282051305,0.879567663407537,0.22894931831259147,0.05084072145569429,0.14400089528960208,0.033333333333333354,0.09268292682926894,True
sz.000564,2024-09-25,0.2021857923497267,tp,0.05882352941176532,0.8505488262632139,10.303,3.315789473684219,4.504992502557189,6.586490572525067,-0.005464480874316946,1.2068965517241335,1.5604619784199758,0.6716078011676775,0.7777777777777778,0.16666666666666666,1.088935984373906,0.05113636363636376,-0.041450777202072464,0.032462553854372043,0.029369369369369326,0.37500000000000083,True
sz.000567,2021-08-20,0.055647840531561424,tp,0.17241379310344807,0.5223482556044005,9.1071,1.913818722139669,2.401802572142016,4.048007972324549,-0.05855161787365182,1.7288590604026877,2.004863719445734,0.4780253517079131,0.8586956521739121,-0.11956521739130456,0.7293911616003671,0.2294416243654822,0.4065040650406504,0.188147954344769,0.042554362785576665,0.029462738301559623,True
sz.000568,2023-01-10,0.056827731092436926,tp,0.31201248049921965,0.8891666527142075,6.1493,1.3293549802544975,1.3838153215369404,1.5836049669311267,0.03571743929359816,1.0672196796338642,1.4827714490275306,0.6734541309660161,0.9981515711645096,0.40757855822551003,1.0083731407189516,0.14975705970077446,0.020935280067183593,0.14187262673077428,0.037269177126917706,0.34770704996577656,True
sz.000568,2023-06-15,-0.04573275862068974,stop,0.26354758580115223,1.00010048135091,5.4676,1.5927117135009237,1.628208798697362,1.6077406832105083,-0.16717296402551785,1.594724220623503,1.9697239625327803,0.8070541144323435,1.3096234309623467,1.1129707112970768,1.0405935930466652,-0.022139105574417894,0.05083824952814342,-0.010872101767732423,0.031230724827639316,0.28163828410787584,False
sz.000568,2024-03-15,-0.03498788070397302,stop,0.12456263121063713,0.7451594757330421,7.5593,1.9243127454480555,1.7337440898816165,2.298200954019659,-0.03256515632315449,1.7045512985343216,1.5782960989228694,0.5580733246553503,0.9645021645021639,0.14112554112553988,0.9328941974238425,0.07630522088353398,-0.19516066755330574,0.0019342600809842954,0.03324804548685147,0.5358383328070732,False
sz.000576,2020-10-09,0.06703795379537977,tp,0.24545454545454623,0.9965607054802353,5.9675,1.2944523470839309,1.6218224686785,1.9529925502861951,-0.058634538152610216,0.8749999999999991,1.5407271264976332,0.816053430737324,1.1846153846153795,0.5846153846153817,0.9487091487886375,0.15347950428979984,0.6005291005291007,0.3382611821307112,0.048567493112947634,0.22887323943662005,True
sz.000576,2021-05-28,0.03585948878156795,tp,0.05633802816901568,0.8236330615416069,5.566,1.6523605150214498,2.592438970525642,3.1095790043541327,-0.15355521936459915,1.0625000000000029,1.2354299606457637,0.5903866323638561,0.9818181818181825,-0.018181818181817525,0.8619791257731448,0.06374881065651783,0.01917606332039057,0.030936623947904505,0.02918902802623733,0.13931888544891638,True
sz.000582,2020-11-05,0.05841121495327112,tp,0.37837837837837857,0.9203343237644589,5.0,1.6055045871559637,1.3190204208667715,1.7283011808605369,-0.22509225092250917,1.0252525252525218,1.9333451759700966,0.6435907610327403,0.7999999999999992,0.29999999999999716,0.7978308257178679,-0.11471321695760606,0.12018865307302673,-0.012625754284768186,0.030328638497652577,0.2541436464088394,True
sz.000586,2020-03-26,-0.10990840965861771,stop,0.09578544061302664,0.8979246440216783,6.8541,1.3124999999999987,2.5209381940775226,2.047171744238585,-0.027200000000000002,1.8309859154929584,2.5702198743971127,0.6808411760995846,0.7651515151515146,-0.23484848484848542,0.6648963004428539,0.15287959313373722,-0.1558687879334174,0.10359657956776809,0.06540084388185656,0.1437565582371457,False
sz.000586,2022-09-07,-0.033953997809419545,stop,0.3882352941176465,0.35197998970524397,5.1402,1.4420600858369104,0.943081933379543,2.175889930572214,-0.15333960489181564,2.800000000000001,9.257476403656066,0.6069854290788476,1.2499999999999982,0.24999999999999814,0.5521534170363734,0.17829457364341073,0.1890482398956974,0.11723631018008072,0.04272660818713451,0.32608695652173897,False
sz.000586,2023-09-27,-0.053359683794466435,stop,0.3926701570680628,0.8064631164749221,10.0,2.7065368567454815,3.9116342510308737,5.385170052628401,-0.0767386091127098,1.0676506765067673,1.355447024124928,0.7879639427915682,0.7841726618705032,-0.21582733812949684,0.7500770374341104,0.03922918100481754,0.3591359135913592,0.1172564325484175,0.03719646799116996,0.15969581749049422,False
sz.000589,2021-11-12,0.07527372262773717,tp,0.2592592592592588,0.7182502237123279,6.7961,2.3937823834196865,2.674837336488726,2.878833794154447,-0.09390444810543652,1.584905660377365,1.1827960864948157,0.42034574665916496,0.8484848484848493,-0.09090909090909041,0.7619098994983938,0.0,-0.09227757186616625,-0.03552685971266389,0.02461913467397927,0.05479452054794484,True
sz.000596,2021-09-30,-0.07125368303108275,stop,0.17695473251028787,0.8363967919725808,10.0,1.8915968024956156,1.89181703216678,2.5432250885810066,-0.03960911530297573,1.2227288670641847,2.166319671012395,0.6991405423506487,0.9374699374699371,-0.061568061568060974,0.8504050757464914,0.0119643614764533,0.1149864637786222,0.07030874868213413,0.048940689809380065,0.26621160409556355,False
sz.000600,2021-09-27,0.09030418250950557,tp,0.008849557522124412,0.9494963530567363,7.1287,1.6072507552870072,2.1781176027704072,1.9390653859203149,-0.012773722627737127,1.937106918238996,5.150270267187971,0.7722740422065321,0.7631578947368404,-0.2368421052631596,0.718392006057494,0.09465020576131677,-0.1732798357394576,0.07053385073283092,0.034837092731829576,0.35064935064935054,True
sz.000601,2020-10-15,-0.03971631205673783,stop,0.14563106796116498,0.6456447249805913,5.506,1.7142857142857115,2.1982424856574654,2.826610487394877,-0.09840915784155169,1.118055555555556,1.2874994938218456,0.5078048545508532,0.888888888888891,-0.11111111111110906,0.8665494104786009,0.05129640111858924,0.25757486880795133,0.1561171247976227,0.03144288428798071,0.22821576763485532,False
sz.000603,2020-05-13,0.09100418410041847,tp,0.3188405797101449,0.6298546994718939,10.0184,1.5695067264573983,1.7268627712437212,2.589612613710214,-0.24431818181818177,1.6419753086419735,2.4924747104569245,0.5202522124394082,0.7866666666666677,-0.1600000000000028,0.6031327026246156,-0.03501628664495127,0.017095310596215496,-0.0632116697241501,0.04267229254571028,0.008902077151335615,True
sz.000603,2023-09-19,-0.0538411030860143,stop,0.20737327188940075,0.5995912964739113,10.0356,2.1859931113662494,2.946560604880484,4.810288825568192,-0.01965757767913745,1.3300000000000014,1.870217146919291,0.4780934155889309,0.7647058823529395,-0.23529411764706054,0.7806214006431813,0.2328990228013028,-0.0944976076555023,0.04717111633697603,0.04220607661822988,0.1479500891265595,False
sz.000603,2024-09-24,0.07678883071553232,tp,0.15789473684210625,0.8685067222454471,5.2579,1.7043478260869493,1.966687717356802,2.298712860104895,-0.21407407407407408,1.1159420289855033,1.3826835754352087,0.737770913899123,1.3214285714285723,0.8214285714285771,1.1311096686898456,-0.058829256585892,-0.05080563558491935,-0.09901138002790735,0.03423667570009033,0.2781954887218047,True
sz.000608,2022-01-12,-0.03529411764705886,stop,0.19230769230768974,0.7815671569937214,7.8616,1.5117370892018813,4.195337135741715,5.131375932374737,-0.08533333333333315,4.112500000000001,6.9814383896929595,0.48078645212692295,0.7826086956521712,-0.21739130434782877,0.8380904367507834,0.12292358803986714,-0.028735632183907955,0.06367355501940625,0.03422090729783037,0.32026143790849626,False
sz.000610,2024-06-28,0.031515343017324844,tp,0.20231213872832365,0.7797468499688551,5.0622,1.4547454147793153,1.583729814287632,2.0063764884062114,-0.23280356766203625,1.1068376068376025,0.8152339449544708,0.7764755752197028,0.9129536058796434,0.19869630485534487,0.688526469671542,-0.04914370811615798,-0.02519083969465674,-0.02983721657369401,0.032282600805476555,0.0653170890288602,True
sz.000622,2021-10-11,0.008152173913043485,tp,0.18279569892473008,1.0449325664319669,5.9524,1.5272727272727264,2.219263081550357,2.0146162387012976,-0.06315789473684219,1.5638297872340465,2.383881308906351,0.7018301284425736,1.125000000000003,0.5833333333333344,0.9109229433626198,0.07558139534883712,0.0393258426966292,0.06823212395342101,0.03459459459459459,0.21019108280254709,True
sz.000625,2024-11-07,0.06332179930795848,tp,0.1204188481675392,0.7989465673765643,6.0044,1.2415902140672794,1.741789680558745,2.0412452622069015,-0.12538226299694188,1.7500000000000064,4.068004016375025,0.7757568629645767,0.9827586206896519,0.12068965517241179,0.9451201098971702,0.08126410835214459,0.016049559204057928,0.06551361996978812,0.0427047088842496,0.16203703703703726,True
sz.000626,2021-01-28,0.1816920943134536,tp,0.11242603550295867,0.7931357788292358,8.3642,1.7039914333999802,1.666711120266273,1.9446894582980923,-0.010810810810810922,1.6319845857418134,1.3648457134673075,0.6553943551452437,0.8799999999999981,-0.08000000000000267,0.8258103005857864,0.8335263346095227,0.9944943530114563,0.5012405362420158,0.05366828994193669,0.21344134697259928,True
sz.000626,2021-05-18,-0.03839913466738763,stop,0.0780141843971627,0.6637347343303536,6.9066,1.4862559241706164,1.9782165854432383,2.1771925347232726,-0.0010845986984815426,1.1413043478260854,1.7831085356735512,0.4667485260079983,0.9107142857142845,-0.08928571428571548,0.8300459309704503,0.1082879612825165,0.8265033333895733,0.24692726660545938,0.041703056768558955,0.1509677419354841,False
sz.000627,2022-02-11,-0.028985507246376892,stop,0.3191489361702108,0.7142187635032914,5.8642,1.913669064748196,1.8254249969112712,2.191991790937804,-0.039215686274509665,1.350877192982454,1.7955952078632802,0.7052517893960368,1.1052631578947374,0.3684210526315783,0.8164642872288519,0.06382978723404253,0.035502958579881616,0.044776119402984926,0.0261904761904762,0.09677419354838684,False
sz.000628,2022-05-11,0.15730337078651674,tp,0.25798525798525873,0.8929715427646708,8.1308,1.6407447973713027,2.849890892974282,3.741811659568485,-0.06993569131832778,1.6460606060606064,2.193149094823733,0.5199811200441365,0.9626168224299052,0.09345794392523206,0.7315165621002665,0.1543026706231454,0.4697732997481108,0.08612024570329463,0.049014567266495265,0.09668109668109656,True
sz.000630,2021-11-24,-0.03342618384401095,stop,0.3636363636363634,0.8794280987534713,6.0606,1.2850241545893726,1.432691363113975,1.5932100861567735,-0.388111888111888,0.8531855955678682,1.084346404497509,0.7372155649305216,0.8947368421052637,0.4736842105263133,0.6950339149681778,-0.027100271002710175,0.24220109928501388,0.005484887384758825,0.05246053853296189,0.22077922077922105,False
sz.000631,2022-06-10,0.042613636363636485,tp,0.08333333333333316,0.5951495131890538,5.7576,1.773333333333342,2.1358163260485528,2.9613896279292375,-0.08157894736842086,2.0695652173913044,1.8275418607249956,0.565879262688726,0.7894736842105251,0.1052631578947335,0.8807974661610856,0.04776119402985057,-0.03835616438356171,0.0066440418718033785,0.03694207027540359,0.010101010101009814,True
sz.000651,2020-05-13,-0.0239684985447697,stop,0.06785714285714213,0.9640453265372584,5.342,1.9978700745473852,2.308281809214901,2.975121049991665,-0.11574864235841731,1.0566037735849056,1.7197840583083208,0.543804580663204,1.4552238805970155,0.5223880597014933,0.9739191378654416,-0.07170111287758352,-0.045446502517451415,-0.02350084286763424,0.026317291773705537,0.2727272727272734,False
sz.000655,2019-09-05,-0.04761904761904763,stop,0.08823529411764838,0.9347322325222286,9.9609,2.8119658119658086,3.2225318392800655,3.7184077570911604,-0.24833110814419224,0.7190332326283974,0.9780274857482538,0.6231736376232909,0.7021276595744677,-0.27659574468084974,0.9199540286014534,-0.03508771929824561,0.13168724279835398,-0.025614527201594278,0.03581818181818178,0.14450867052023184,False
sz.000655,2022-02-11,0.08426966292134827,tp,0.29257641921397365,1.040347134551037,7.7519,1.4538461538461545,3.09975289059402,3.2695940038276503,-0.08351648351648344,1.4035087719298238,1.8781937749769448,0.5693086723795642,0.8333333333333334,-0.16666666666666666,0.5110719953666492,0.013513513513513375,-0.12513255567338277,-0.09232602915558816,0.035676767676767654,0.10439560439560469,True
sz.000657,2022-07-29,-0.03885714285714287,stop,0.2115384615384618,0.7459219299450003,6.3738,1.2226593233674317,2.098779182329155,2.663676069365712,-0.016027475672581448,1.213938411669369,1.5840839701964624,0.7837161663970827,1.4504504504504503,0.45945945945945654,0.9141274437116177,0.7987804878048781,0.2919708029197081,0.3374135781480224,0.05156308851224102,0.1982665222101844,False
sz.000657,2022-12-06,-0.041767554479418774,stop,0.22133333333333313,0.781687335511298,8.0392,1.246256239600667,2.142440891438109,2.3472975831189484,-0.03333333333333355,1.2738626226583412,1.664828828598658,0.4520556118769242,0.7663551401869173,0.08411214953271003,0.8526507205396006,0.28832938440135636,0.034796334664136896,0.1070735910216113,0.047111913357400705,0.16568047337278102,False
sz.000657,2024-04-10,-0.05231037489102038,stop,0.12133891213389213,0.8971064791191344,7.9703,1.5301507537688468,2.244196589451332,2.852710758116281,0.03280141843971629,2.3411371237458174,3.225053089397876,0.6685850909168932,1.0114942528735626,0.01149425287356269,0.8553638497611511,0.39975990396158445,0.24357894736842067,0.28839021235492807,0.04348198970840482,0.4245283018867924,False
sz.000659,2021-02-04,-0.06318681318681318,stop,0.18309859154929564,0.9178365359336211,9.4675,1.7053824362606234,1.8364881281890109,1.8201526659074292,-0.0237467018469657,1.2963115961559497,2.27200228059653,0.4514525084732722,0.7209302325581394,-0.2558139534883727,0.723713975056566,0.5276965490321086,0.34965672564866734,0.32879350150052566,0.06750182012731876,0.17391304347826075,False
sz.000659,2021-03-25,-0.09090909090909083,stop,0.07692307692307755,0.8693151786671499,7.3107,1.6779026217228472,1.6881110633006078,2.249610307889296,0.014814814814814836,1.0144927536231865,1.4644024026092097,0.8404783886858577,1.218749999999998,0.34374999999999795,1.0029127562993496,0.668024560620897,0.7510797254650912,0.39902746157794594,0.04842022116903635,0.31034482758620696,False
sz.000661,2020-08-03,-0.09163306451612918,stop,0.1907164480322903,0.8467377545436084,9.2531,1.738317207305242,1.494402999699403,1.6828601517084874,-0.018834815161441254,2.3421956954241274,2.303543121692851,0.5710552586852202,0.8294647086688756,-0.1705352913311245,0.7750581704074402,0.6265941210412846,1.1026511378214563,0.5173779062482965,0.045173581710414884,0.32030151116240446,False
sz.000661,2021-11-19,0.05709996467679238,tp,0.05204053683922178,1.019897197236425,7.0702,1.3718002517834653,1.778104740777788,1.7556093552748953,-0.11494684177611014,1.5297336738416616,1.5265890835289069,0.5819684513573411,1.0519271948608147,0.05192719486081467,0.7153384637970674,0.00038746037337111794,-0.34490473774046215,-0.10863425239984179,0.045974906986843214,0.00284318728584899,True
sz.000666,2022-02-11,0.09703196347031974,tp,0.3731343283582105,0.8122900031001705,8.2833,2.240000000000004,3.3711105621659576,4.341903677693019,-0.010964912280701622,1.551351351351352,1.2374740504018844,0.36223300363727323,0.735294117647059,-0.264705882352941,0.6474418538456131,0.08599508599508576,0.03391812865497057,0.03396851698425853,0.03080693815987931,0.030303030303030082,True
sz.000668,2020-08-05,-0.03560162235241129,stop,0.04477611940298479,0.47853021079236835,8.3168,1.3562231759656644,1.2003339260350492,1.8013435016541848,-0.10266856170430072,1.1001540832049284,0.7620996209482738,0.7671761868013292,0.7594936708860739,0.012658227848102206,0.7999300253227091,0.8133615430032126,0.5113426211816177,0.48944003373204353,0.04921543316068118,0.1380070158063228,False
sz.000668,2021-10-13,-0.052980132450331056,stop,0.2434782608695646,0.8983158669891834,6.9164,1.4599341383095505,2.0314757836528377,2.2081970488504035,-0.17920353982300874,1.249698431845599,1.4316665233351433,0.490256581014158,1.2526315789473688,0.30526315789473807,0.8485465820069024,-0.09940476190476188,0.11495946941783353,-0.06393553343197854,0.04304912976426523,0.10763209393346357,False
sz.000672,2020-04-10,0.07359868111163444,tp,0.31446540880503127,0.6732552913296285,9.0862,1.3597513597513589,1.8683982950871667,2.3367708153730664,-0.10109983079526219,0.8502024291497995,0.9744540138544523,0.5499052213219251,0.960000000000001,-0.03999999999999907,0.8522745915274146,0.17062396466040863,0.3767417449274715,0.19681321153637354,0.05279874213836479,0.07445589919816714,True
sz.000672,2021-05-28,-0.03718199608610583,stop,0.383399209486165,0.7861805411237224,7.1751,1.5947712418300615,1.9751346133649168,2.2336449620721166,-0.07532467532467557,1.457967377666246,1.5561168789259856,0.508159210049469,0.9590163934426243,0.13114754098360795,0.8564762725962118,-0.013296652911508389,-0.052895695443771595,0.052521221077389796,0.0301270136307311,0.2671755725190834,False
sz.000672,2022-01-11,-0.13392070484581498,stop,0.06034482758620661,0.7327552007954857,8.2696,1.853486319505734,2.8059989412729416,4.009900333818843,0.052998605299860335,1.1339214113873255,1.465342578616074,0.43153767700642476,1.0333333333333334,0.03333333333333333,0.95390459247414,0.2583148558758315,0.35765550239234445,0.1939094837787849,0.035198237885462585,0.41632088520055444,False
sz.000680,2022-02-11,0.03512880562060889,tp,0.16483516483516586,0.9353189108060335,6.1576,1.5958549222797904,2.4611138962930483,3.052302031562016,-0.04222222222222238,1.4074074074074054,2.141612166915459,0.5013041319597348,0.8636363636363661,-0.13636363636363394,0.6842468024532246,0.09183673469387776,0.04131427114952402,0.035938784946461806,0.029361370716510928,0.02597402597402596,True
sz.000680,2024-09-23,0.07317927170868346,tp,0.08695652173913099,0.8733344279189497,6.5379,1.4598930481283436,2.1060498782296206,2.510405105630071,-0.24446786090621708,1.1589403973509966,2.1502055147563452,0.5691244880869792,0.9230769230769224,-0.07692307692307764,0.8850960160385988,-0.18678815489749434,-0.011123057662567049,-0.0748046900831018,0.034173669467787125,0.2547528517110268,True
sz.000680,2024-10-30,0.10705882352941179,tp,0.26666666666666655,0.7621632517830719,8.2895,1.3298791018998302,2.0274427473113716,2.9528542523134855,-0.10640608034744836,2.200000000000003,2.9719169866749366,0.48736670700763013,1.0181818181818172,0.30909090909090925,0.9085752815377353,0.2650602409638556,0.055530685196940155,0.09732625773032491,0.04408730158730157,0.2177777777777779,True
sz.000681,2024-12-02,0.13099257258609034,tp,0.19308357348703184,0.5536068930534565,6.7893,1.3838550247116945,1.2873863312745162,2.179543751216934,-0.07361963190184062,2.0746606334841684,3.6562726022575567,0.7473604826647043,0.7833333333333341,-0.1583333333333335,0.607180350960275,0.37285654358218756,0.22529703997380657,0.2250856132186423,0.05826067516208362,0.0711700844390835,True
sz.000682,2023-01-06,0.01995305164319246,timeout,0.10344827586206777,0.7783269990142957,5.0995,1.6033519553072613,1.6336780049043376,2.2528063674018077,-0.05056179775280911,1.7265415549597845,1.3561753622211812,0.6068780694031571,0.8780487804878103,0.048780487804881194,0.8626287042138987,0.12782956058588546,0.057428214731585436,0.05673559776675709,0.030696576151121605,0.09302325581395401,True
sz.000683,2022-05-24,0.10483870967741944,tp,0.1280745081860674,0.6875610880403045,6.8129,1.6064226307195217,1.521069563805933,1.9929018318328804,-0.14000463208046576,1.30827067669173,1.3286373527488033,0.5998185120964251,0.9358974358974331,-0.06410256410256687,0.8112036273493839,0.004986239533870673,0.2925239691782835,0.07772408951518785,0.06167332978371609,0.08345163387419856,True
sz.000686,2021-08-23,0.08225616921269092,tp,0.11475409836065302,0.9828587756877246,6.6085,2.3625000000000016,3.0663993993991845,4.0800115387470015,-0.04879692296706062,1.598173515981724,2.364225385528955,0.6031825572480461,0.7592592592592586,-0.05555555555555555,0.9879968661853604,-0.04052365273896974,-0.02422450754201,0.017485833692365595,0.022496087636932713,0.1794871794871794,True
sz.000686,2022-08-16,0.07507082152974506,tp,0.1688311688311686,0.7450765474761408,5.0074,1.8951965065502208,2.28705963946767,2.916194477184475,-0.05812417437252304,1.1840796019900546,1.8345578457892733,0.495613826609619,0.8064516129032276,-0.1935483870967724,0.7998868327369636,0.10332533816306899,-0.1657784028523135,0.0010052898457956624,0.021310702498821308,0.09756097560975659,True
sz.000690,2020-12-28,-0.07248103877080758,stop,0.2954545454545453,0.9253831300218003,6.8047,2.288461538461537,2.4806239982452984,3.133215857240569,-0.10864197530864206,1.0208333333333361,1.473107435748606,0.810324974053903,1.019607843137255,0.5490196078431384,1.0344891797985574,0.17554858934169304,0.4177693761814747,0.08290217783660209,0.0316,0.1559633027522933,False
sz.000691,2020-04-09,0.0992736077481841,tp,0.01075268817204335,0.8805606127590778,6.1497,1.4918032786885274,1.6816135594868828,1.9234933943910064,-0.05476190476190479,1.3046594982078847,1.9667216452301808,0.8981364293612315,1.1923076923076896,0.8076923076923035,0.9140145602089348,0.022004889975550057,0.024375661885048583,0.08510770196381726,0.04417862838915474,0.11224489795918356,True
sz.000697,2021-07-21,-0.0018050541516245915,tp,0.121621621621621,0.7556039537873316,5.8974,1.2128060263653468,1.2654184994022486,1.6680604439424462,-0.13778705636743216,1.1648351648351618,1.8934762027533723,0.6677274717116893,0.9347826086956527,0.23913043478260843,0.6061370552417251,0.07722007722007729,-0.2670753064798599,0.022134025339642743,0.05276782158502589,0.16049382716049349,False
sz.000698,2020-07-07,0.15625000000000006,tp,0.3750000000000018,0.7942225616869161,10.0649,4.428571428571423,4.249558673038556,5.537832133927504,-0.1731707317073169,1.1666666666666616,1.584602954170198,0.21143988046267537,2.096774193548385,3.6129032258064493,1.315541831895332,0.25277777777777755,0.31871345029239784,0.26362978355786965,0.021212121212121234,0.781609195402299,True
sz.000700,2023-09-01,-0.05486968449931433,stop,0.3898305084745764,0.536209592038836,10.0,1.7920000000000011,1.1833208880226134,2.0374242029696643,-0.1351351351351353,1.2727272727272738,2.5306545109678082,0.7476295076795368,1.0,0.4843749999999994,0.755935491400635,0.5123456790123455,0.3764044943820224,0.28941713082759535,0.05297052154195013,0.057416267942583706,False
sz.000709,2022-04-11,0.03187250996015952,tp,0.29999999999999905,0.76922122227377,5.4393,1.7319587628866002,1.712727558642775,2.1995414094844574,-0.049056603773584784,1.836065573770485,1.5657842126513022,0.7662027361232081,1.0,0.0,0.8817765824737266,0.003984063745020139,-0.06666666666666665,0.02605863192182431,0.03095238095238098,0.038961038961039626,True
sz.000715,2021-07-22,-0.04999999999999996,stop,0.045051245604846975,1.0286692504948765,5.7569,1.3923754811584965,3.15596729313359,3.854973252779834,-0.05062652988088967,1.0530973451327443,1.9535644275293604,0.38103353422165465,1.0,0.142857142857149,0.920034231551283,0.04410157833776762,0.14095262972204048,0.08601485165209274,0.0318395219634032,0.27063835462550045,False
sz.000716,2024-03-14,0.06188118811881186,tp,0.09333333333333324,0.6378165631308104,5.5328,1.367187500000002,2.0631934063410595,2.3644835878892922,-0.25899280575539574,1.384615384615384,1.833439373845406,0.6433751391686974,0.8000000000000015,-0.19999999999999854,0.751225831376077,-0.19937205651491363,-0.28067700987306066,-0.14468995010691368,0.04503267973856208,0.4255319148936177,True
sz.000717,2021-05-11,-0.03763440860215063,stop,0.2786885245901643,0.971521783395621,10.02,1.4456521739130461,1.4223325678389476,1.7366055969279217,-0.03684210526315801,1.062706270627063,2.522601192496879,0.8254371140092901,1.0263157894736818,0.1578947368421043,0.7755016663779465,0.36363636363636354,0.2499732511608994,0.18940476884524565,0.04804804804804803,0.09090909090909098,False
sz.000718,2019-08-23,0.045945945945945955,tp,0.3538461538461548,0.7357251238659759,8.1232,1.8958333333333357,2.889183669835033,3.9932282875965575,-0.025252525252525304,0.8456375838926218,1.2783212038707483,0.6248525865169262,0.769230769230769,-0.23076923076923092,0.6603658762655495,0.09195402298850563,0.11688881914426519,0.045266850212262594,0.03157894736842105,0.06249999999999997,True
sz.000718,2024-05-07,0.09223300970873788,tp,0.21052631578947392,0.9833773830301785,6.7358,1.8148148148148187,1.7279068874847565,1.6769070366938414,-0.22846441947565532,1.441176470588242,1.4711685932364942,0.7663765269632705,1.0,0.14285714285714238,0.7738361342566714,-0.19066147859922167,-0.22676579925650553,-0.1403478560358188,0.03044871794871795,0.03896103896103852,True
sz.000720,2020-04-09,-0.061769616026711285,stop,0.11249999999999973,0.6516820758235106,5.6838,1.2225352112676087,2.352777797885685,2.9234928736740717,0.003372681281618828,1.7810650887573969,1.7346585127571361,0.6028037222043383,1.0,0.0,0.8755731360497283,0.031195840554592902,0.27691196987431876,0.08916394533798996,0.03865546218487395,0.2885375494071142,False
sz.000721,2023-04-04,0.10625000000000029,tp,0.031847133757962776,0.7078663779581925,8.1757,1.7451879010082554,1.3086946194184943,1.928594002571502,-0.2836689038031319,1.5349521707137603,2.1432027504137996,0.7906591214771197,0.7720588235294119,0.1470588235294109,0.8655451659420703,0.027249683143219405,2.915458937198068,0.3037708280271854,0.056611145383508095,0.13236929922135668,True
sz.000725,2020-06-05,0.026845637583892606,tp,0.19402985074626952,0.7836263069975166,8.1425,2.1368421052631588,3.3520153948131854,4.404500537500635,-0.19507575757575768,1.7500000000000007,1.8097339595990323,0.606847921093696,0.931034482758622,0.3103448275862085,1.0218090604394925,-0.11428571428571421,0.07430164296528452,-0.005948846198402324,0.03210445468509987,0.31999999999999995,True
sz.000725,2020-11-05,0.048732943469785524,tp,0.3114754098360658,0.9583695246527253,5.074,1.2173913043478246,1.9158910008509944,2.1886289903968423,-0.1431034482758622,1.3084112149532623,1.4432510231494844,0.677113901618668,1.3500000000000065,0.700000000000003,0.768863566189721,0.07127882599580726,0.29910200355947514,0.06697244694593925,0.031180691454664077,0.1176470588235291,True
sz.000725,2024-04-08,-0.02981651376146797,stop,0.07142857142856877,0.947376398337832,6.8966,2.9119999999999955,3.4702394372434586,3.985286609985916,0.048309178743961345,1.2584269662921312,1.1800013602125023,0.4388209475832982,0.8461538461538491,0.03846153846153947,1.0026511882813234,0.1298701298701297,0.0984848484848484,0.12106178725597563,0.019616858237547864,0.39024390243902524,False
sz.000728,2024-05-06,-0.024853801169590694,stop,0.1200000000000009,0.8030252318740311,6.5934,2.037558685446004,2.6230586236158957,2.8055783719591574,-0.04366197183098586,1.1724137931034428,1.3691063808164787,0.7110387475877313,1.0967741935483883,0.22580645161290516,0.9597532113576944,0.026946107784431295,0.0014598540145986938,0.01883709992821608,0.020991253644314884,0.11627906976744125,False
sz.000731,2021-08-27,0.07975260416666675,tp,0.21428571428571455,0.8531232494377633,7.3529,1.7911227154047002,3.1627785122178076,3.4980727598266017,0.054913294797687806,0.9783132530120503,1.3903601137069586,0.5887891205527249,1.1632653061224505,0.5306122448979592,1.0547329687414344,0.3170731707317074,0.5782881002087683,0.35265700483091805,0.036022927689594364,0.40131578947368474,True
sz.000733,2020-09-23,-0.09889408762228857,stop,0.09935483870967639,0.7966559677090455,7.7103,1.5208263912029325,1.495889079091966,2.0145511136514784,-0.12122370936902482,1.358734723220705,1.1842916851381584,0.6225645822139484,1.2147239263803666,0.3558282208588932,0.8878407567199559,1.1296516588199306,1.5140775972331135,0.5965865425568333,0.05014855687606112,0.3523622047244092,False
sz.000733,2022-02-28,-0.03686950584620642,stop,0.047619047619047304,0.6222438130115524,7.4928,1.5437629221226736,1.6708445456238206,2.289991820105455,-0.11697071899432787,0.7245258759241409,1.6362504662284303,0.6250048471895449,0.914999999999999,0.2462499999999988,0.9115103258967066,0.07298534798534773,0.1800785577600965,0.0703169067960144,0.04758897328667749,0.05215298208077043,False
sz.000733,2022-10-27,-0.04843645048137931,stop,0.25491803278688413,0.7797908886910182,7.3322,1.4950508852641833,2.0970857136706096,2.2215112067502867,-0.01811648450366843,1.1223106395520215,1.5826910605475473,0.6643991941927491,1.0522193211488258,0.27676240208877567,0.9101824730015717,0.10559933637494812,0.390219201320932,0.08051272376593996,0.03916566626650658,0.058780173208033804,False
sz.000736,2022-01-12,-0.055989583333333315,stop,0.055793991416309155,0.7931847748604488,7.7778,1.3893129770992347,2.209013123041489,2.836860509147401,0.021052631578947212,1.843750000000001,5.109915603312951,0.4962002674610747,0.8974358974358982,-0.1025641025641018,0.8865490828530264,0.4436090225563907,0.2569558101472995,0.3238906526079901,0.06701388888888889,0.3901918976545842,False
sz.000736,2024-03-15,0.06163708086785001,tp,0.13913043478260811,0.6063292721890788,10.0317,2.1218424962852898,1.4832103185459968,1.7992624069658325,-0.13021702838063431,0.8345195729537361,1.629821648378818,0.8287801413859006,0.7058823529411756,-0.2745098039215681,0.7462840455827456,-0.0881294964028776,-0.24271844660194175,-0.04324579336373649,0.06814595660749508,0.21869158878504674,True
sz.000737,2022-04-19,-0.07427785419532318,stop,0.2241379310344833,0.9364978734940028,10.0471,2.5666666666666655,3.0768421310341196,3.63971010997421,-0.23804347826086958,1.4425675675675693,1.4528436378969538,0.6447600984347808,1.0606060606060597,0.22727272727272746,0.9554692836680111,-0.037634408602150615,-0.1016311166875783,-0.03657688771276703,0.0405959031657356,0.1272727272727275,False
sz.000737,2023-03-24,-0.027439024390243833,stop,0.32673267326732786,0.7410328332117312,5.28,1.5400000000000031,1.5181434464647776,1.929425140722332,-0.06534090909090906,0.7586206896551739,1.5061871071317374,0.47471866119506817,0.8181818181818172,0.06060606060605819,0.6847203537132025,0.28654970760233933,0.2043795620437956,0.14925849609658415,0.037121212121212145,0.014218009478673096,False
sz.000738,2021-08-10,-0.0458333333333333,stop,0.06477093206951054,1.0434060568071535,8.4552,1.44733420026008,2.2028999758157473,1.9847583570270877,0.061730475264035745,1.5070527097253208,2.2184862765892848,0.6128722625295279,0.8238993710691811,0.257861635220126,1.0154937738929275,0.21028885760278704,0.12215557808347444,0.22084121961573414,0.040334161833747564,0.2996632996633,False
sz.000738,2021-08-23,0.05822475570032569,timeout,0.2612966601178779,0.8500707472037565,10.0088,2.104744300677757,2.3063887954430853,2.3648580147601383,0.01175993511759943,1.5070527097253208,2.2184862765892848,0.7077675694366518,0.8852459016393462,0.4303278688524617,0.9531130554324395,0.29899351417675857,0.23379781696902313,0.301503466293884,0.04419230769230767,0.3435003631082067,True
sz.000738,2021-10-21,-0.06983339241403774,stop,0.14285714285714257,0.7828355817762261,10.0196,1.8347188264058685,2.1048192195499533,2.575297344991475,-0.0024937655860349794,1.014033499320962,1.2982817365831516,0.5678238252541543,0.813432835820895,-0.18656716417910507,0.7788028437431964,0.2862488306828812,0.5328779243937889,0.23755839020815683,0.053345454545454585,0.09888670595939739,False
sz.000738,2021-12-02,-0.04304635761589395,stop,0.2515151515151506,0.7303722935698648,6.5688,1.650435674013324,1.378333577977119,1.5194866827776914,-0.018661518661518772,1.208803611738152,1.268216799148339,0.7292842673218609,0.8391304347826085,-0.13478260869565137,0.7932651599462777,0.160707420222991,0.41388440099120505,0.2335388918502064,0.04314894556696479,0.20702826585179518,False
sz.000750,2024-05-06,-0.02380952380952399,stop,0.19999999999999948,0.8181202209472984,5.625,1.466666666666665,2.9258368430769575,3.259713201733135,-0.07142857142857162,1.0370370370370332,1.1780362276513918,0.6192225580643166,0.8181818181818227,-0.1818181818181773,0.782228642307424,-0.01754385964912275,-0.05352112676056331,-0.030769230769230823,0.020833333333333315,0.0361445783132532,False
sz.000756,2020-06-12,0.021596244131455455,tp,0.29857819905213245,1.0338363841324487,5.4711,1.2338983050847487,2.194670365560322,2.1902778498970585,-0.21729323308270676,1.1666666666666694,1.7012950284921782,0.6749264926865183,0.8653846153846141,0.11538461538461496,0.9484406577645982,0.052261306532663365,0.5489733308578684,0.10464337733559113,0.04027379815345429,0.1243243243243238,True
sz.000762,2022-02-22,-0.044585987261146515,stop,0.2693565976008724,0.9709615194874716,6.4829,1.2472307329719545,1.841962072482616,1.8871618436325068,-0.25178184071893395,1.188049209138841,1.3594591884814002,0.6473329220528501,0.9761904761904763,0.6825396825396792,1.0810722404597006,-0.15484299717561067,-0.1681112019623876,-0.07871463154018447,0.06360002621060218,0.13132795304475392,False
sz.000762,2022-06-13,0.08728425868163847,tp,0.06937033084311639,0.9202085039842536,7.5932,1.2001146788990795,1.9775894783188552,1.7098403198706464,-0.01268817204301087,1.633333333333333,2.941833392966957,0.7016416872548552,1.364548494983279,0.9632107023411407,0.9598834203835971,0.15616113744075832,-0.06622009569377996,0.129829680317714,0.0477761836441894,0.5790356394129976,True
sz.000766,2021-03-08,-0.04047619047619046,stop,0.39130434782608703,0.6831345906657506,7.1795,1.538461538461537,1.7732924051532652,2.1871147156371373,-0.19460500963391147,1.9133333333333316,1.9672937001823283,0.5803710509640677,0.8000000000000012,0.2000000000000018,0.9751986271162232,-0.10169491525423724,-0.24014336917562729,0.09027792658623869,0.04772012578616351,0.5568862275449101,False
sz.000766,2022-12-12,-0.0792880258899678,stop,0.1363636363636354,0.5058452134928502,7.5571,1.504999999999999,1.1541139044289683,1.9847347494754475,-0.07692307692307698,1.7840172786177113,2.367217646193564,0.7801282940793157,0.7441860465116311,0.20930232558139517,0.9020386339736555,0.2621951219512193,0.23214285714285698,0.19495846829800184,0.047879763821792806,0.05594405594405531,False
sz.000768,2020-10-15,-0.05017234775947911,stop,0.24654832347140093,0.8299865225541097,10.0086,2.430232558139542,2.9863372273342548,3.283315105529821,-0.10745537276863837,1.2389380530973453,1.4097874127015118,0.601029643381817,1.1435406698564592,0.18660287081339505,1.0010635263838832,0.12077922077922065,0.5879740574331009,0.23007980652851964,0.033577958027552444,0.28361344537815103,False
sz.000768,2021-07-21,0.1259124087591241,tp,0.2559366754617401,0.887015808282354,9.9958,2.199868507560814,2.9428676606306436,3.498462196986361,-0.05793533389687244,1.4641804061630501,1.5631362929763628,0.7191844596763511,1.2510460251046034,0.5941422594142282,0.9451754131719602,0.11030398699359156,-0.2067899619309691,0.02250027315950572,0.03746053738679107,0.09770933884930649,True
sz.000768,2023-12-27,-0.049613108784706476,stop,0.37694704049844363,1.0214278972277915,6.5366,2.0801886792452793,3.688755912460992,4.0740239739515145,-0.058214747736093364,1.5171102661596954,1.2292681001742618,0.5495668091381919,1.1428571428571446,0.1428571428571445,0.6838143024839604,-0.01740294511378848,-0.17342342342342332,-0.05753784258057154,0.02254011504692704,0.021108179419524843,False
sz.000776,2021-11-16,0.11499540018399264,tp,0.3802816901408446,0.7479053381088453,9.9848,1.8445322793148864,1.993715530372926,2.121590647313619,-0.1589147286821706,1.05457340507302,1.8253004159158988,0.5986111316952606,0.9050000000000019,0.11500000000000067,0.8465475514077813,0.20230263157894735,0.49666307230151663,0.20435869993830258,0.044246846025231816,0.1261682242990653,True
sz.000776,2022-08-16,0.02019583843329254,timeout,0.3789473684210545,0.9687015710960711,5.7605,1.8603066439522977,2.6183373557692464,2.7205740757114656,-0.19324758978494416,1.0921985815602857,1.3772741947305915,0.4683146827880355,0.9358974358974356,0.06410256410256439,0.7226856826708076,-0.011584127021765922,-0.10775997082292665,-0.020063852724254115,0.024811836151435125,0.12631578947368427,True
sz.000777,2020-07-06,0.05050271865061669,tp,0.07407407407407317,0.7525678466878759,8.0844,3.4255319148936163,6.355539795990528,9.169035220031843,-0.006462035541195399,1.3658536585365921,2.3631957489091517,0.43103426277938844,0.9456521739130413,0.33695652173912716,1.1434139827597471,0.12388591800356474,0.016935483870967438,0.07512824520767906,0.02109436954797779,0.4100719424460415,True
sz.000786,2022-06-07,-0.045454945509492965,stop,0.23550724637681186,0.8731905786060038,6.782,1.7414871438498938,2.187401972367662,2.3427142865439587,-0.0702018680325398,1.1318502441671225,1.4468904677423804,0.4635160508367404,0.7262569832402254,-0.11731843575419101,0.7939997874827682,0.015236833388539095,0.07581607581607597,-0.02545785992877742,0.036661228928765624,0.07871720116618051,False
sz.000786,2022-09-15,-0.04708842559309856,stop,0.11728395061728358,0.702322493845699,6.9767,2.1117318435754124,2.535783549564365,3.1029905986873376,-0.22905027932960897,1.5571002979146047,2.3671801541617055,0.46316860765705486,0.9788359788359777,0.20105820105820296,0.9807822612258982,-0.10291760179544718,-0.0268013867151895,-0.04006568961251193,0.0285918513223731,0.08896797153024939,False
sz.000786,2023-01-09,0.04981617647058814,tp,0.24691358024691343,0.7494019103451314,7.3325,1.9207630227439445,2.2302194796294885,3.0028255010605593,-0.028345891639755982,0.8917197452229269,1.906534763965667,0.54694249503037,1.117647058823531,0.11764705882353099,0.8590040016879396,0.12903225806451624,-0.12528035885933997,0.05514382615249333,0.03686202686202687,0.020702070207020817,True
sz.000786,2023-01-18,0.008762705923589145,timeout,0.20477137176938393,1.0134328129741497,7.2754,1.9122933141624725,1.9401539804992673,1.7879936925319604,0.021923620933521626,1.9207630227439445,2.2302194796294885,0.535339611039407,0.747368421052634,-0.252631578947366,0.839920886664966,0.28830462375339994,-0.025042881646655135,0.10226600603104742,0.03318085855031668,0.27926078028747525,True
sz.000786,2023-02-23,-0.04088976120379455,stop,0.3057324840764339,0.8559152941444403,7.4483,1.9810357403355265,2.983922562529562,3.4325667481579463,0.040053404539385884,1.1009708737864043,1.1513731631161446,0.31189758429946035,0.7474226804123705,-0.25257731958762947,0.8551083864753721,0.20938485804416396,0.17150496562261286,0.17773176874166005,0.02931203130094555,0.3093333333333321,False
sz.000788,2020-04-10,0.044576523031203436,tp,0.1506849315068491,0.6013069067459534,10.0649,2.745098039215682,4.1980800442444135,6.282961519520672,-0.20515826494724498,0.7777777777777805,0.983818991496059,0.6756011090353464,0.8400000000000004,0.04000000000000083,0.9965136251792149,0.027190332326284095,0.0625,0.015013744977796568,0.0318627450980392,0.04504504504504508,True
sz.000789,2019-11-22,0.030009680542110503,timeout,0.14465408805031357,0.8155849206299143,6.0291,1.882640586797065,2.592391858389722,2.6645651649956665,-0.024856596558317512,1.0441988950276277,1.6460453302062665,0.644297607913034,0.8909090909090931,0.0,0.8623732275791902,0.1099020674646356,0.016949152542372836,0.06138517702760119,0.026372549019607814,0.18750000000000033,True
sz.000789,2022-02-10,0.0068027210884353834,timeout,0.0036900369003696016,0.7185425148528605,8.4577,1.6398243045387981,2.054088740870855,2.4341592401897625,-0.015801354401805967,1.687050359712226,2.731834590146872,0.5453893638128319,1.0,0.18749999999999953,0.8691777085286222,0.16666666666666674,0.16358839050131935,0.06847213061795851,0.029579239103048632,0.03543307086614141,True
sz.000791,2022-09-09,-0.06965174129353233,stop,0.33944954128440313,0.8515369681817954,5.913,1.496855345911948,1.5904423596127615,1.9800398323459254,-0.031796502384737635,1.2027491408934694,1.921562774668269,0.540535653053789,0.7352941176470579,-0.26470588235294207,0.5451218128330527,0.027397260273972712,-0.010826058927493554,0.04169358243299885,0.03438888888888891,0.06976744186046516,False
sz.000792,2021-12-15,-0.05409582689335394,stop,0.13950073421439052,1.0430841464701208,10.0169,2.1099656357388294,2.549685607134384,3.1960895634501445,-0.18754669987546702,1.448785638859558,2.2081893262428625,0.5912599769597476,0.8859934853420213,-0.11400651465797873,0.9045073960858661,-0.15324061926003663,2.23044942207594,0.2583563703862524,0.046565437454808366,0.3964784456587741,False
sz.000793,2023-05-09,-0.05474452554744523,stop,0.1954022988505748,0.8885327165834931,8.1081,1.5480769230769238,1.9263113265953722,2.217486487758259,-0.024390243902439157,1.2947976878612706,2.327076977115118,0.4789049776380961,0.7826086956521747,-0.21739130434782533,0.695102796108954,0.07003891050583655,0.23318385650224216,0.09652766240239247,0.0459393939393939,0.03448275862068955,False
sz.000798,2021-10-13,-0.05940594059405946,stop,0.11290322580645222,0.6271910262570728,8.6604,1.7359999999999995,1.8922965549726152,1.9624596889065364,-0.03253012048192783,1.463806970509381,2.049250240613169,0.6484935042929008,1.0,0.0,0.7396860243976648,0.05242463958060273,-0.28239499553172476,0.008076327572498586,0.04379410543794105,0.011933174224343198,False
sz.000799,2020-11-10,-0.04964791870933226,stop,0.14409638554216814,0.8741964035173189,10.0,1.8154065620542077,1.563170875579699,1.724210048604961,0.02249488752556239,1.8558198656255702,2.087413190002909,0.7178958743643079,1.2222222222222219,0.24092409240924048,0.9880021438886849,0.6952251435478993,2.0524181264382433,0.4962060060183574,0.041471313545473454,0.31058358061325414,False
sz.000799,2020-12-09,0.054461942257217885,tp,0.39575713240673166,0.5482213699860863,7.9737,1.703187250996018,1.5732691678977335,2.0468425523652023,-0.04362276692978795,0.8777602523659266,1.6580140350155663,0.629892292814967,0.9883040935672511,0.023391812865496013,0.7960952107088012,0.36127508854781554,1.2375315350281388,0.3309592314374187,0.043619543220583985,0.06796116504854385,True
sz.000799,2022-06-06,0.09401924407269954,tp,0.31213872832369927,0.9531658076681311,7.5574,2.160237388724027,2.1976333678039675,2.533826770421492,-0.12046167637830574,1.1531456953642358,1.8355107784993216,0.4634851393351533,0.8578595317725759,0.17809364548495152,1.0333163521107869,-0.023385710778295987,-0.33088018840153066,-0.08396243388147254,0.04041229338193703,0.34521158129175916,True
sz.000800,2020-07-08,0.10607798165137645,tp,0.3484848484848498,0.8851792267072106,9.982,2.8618784530386794,2.7456938221695046,3.2988232512879048,0.03996598639455784,0.9467213114754068,1.750001229905029,0.7279861046379906,1.5675675675675649,0.6756756756756728,1.0318454444357972,0.3258426966292136,0.25531914893617014,0.292581927420894,0.03310220852593735,0.4717948717948709,True
sz.000802,2021-02-18,-0.10174418604651166,stop,0.09352517985611424,1.0059673488867584,10.0604,1.4100719424460424,1.7347258296432488,1.6268015854726228,-0.25068493150684934,1.659793814432989,1.5940830760772136,0.5795938756852026,0.9523809523809534,1.85714285714286,1.227455432070527,-0.07817109144542767,-0.26900584795321636,-0.0854104677820593,0.05328,0.5555555555555552,False
sz.000802,2022-12-26,0.08505154639175279,tp,0.17857142857142805,0.8358812973202705,7.5893,1.452830188679248,1.5546679839739594,1.7430362012557463,-0.04174950298210722,0.9197080291970826,1.637127252388452,0.6797209452085371,0.8181818181818145,0.060606060606056444,0.7782940784354548,0.24102564102564106,0.0431034482758621,0.1337107163771229,0.046556473829201125,0.28229665071770305,True
sz.000807,2021-07-14,0.09519230769230776,tp,0.018050541516246292,0.8643001867193221,6.6498,1.6820388349514546,1.5183940474667297,1.857964711438691,-0.1809954751131222,1.204793028322441,1.5090013999004004,0.8577849926556985,1.1010101010100997,0.323232323232322,0.9766805749732815,0.15159574468085113,0.9504504504504501,0.16956782713085222,0.04780600461893765,0.12521440823327598,True
sz.000811,2022-11-03,0.04259718775847814,tp,0.3271889400921665,0.8641830938716821,9.3156,1.4868965517241375,2.3058112210872515,2.644744561232093,-0.16666666666666652,1.2553191489361695,1.25730848998312,0.8525259085760337,0.9480519480519466,0.8831168831168805,1.0511727505779664,0.1964636542239686,0.389153459746421,0.1356263586408238,0.04474548440065682,0.27579737335834825,True
sz.000811,2023-06-30,0.07136478477773892,tp,0.39568345323741094,0.9012008341692366,5.2881,2.068468468468461,2.3309076189820286,2.833832833234798,0.023717926896901886,0.94275785067644,1.016938338619258,0.6399025549287441,0.9510913399315997,0.5317554598258137,1.0989582063164232,0.25913523969543584,0.45276022195979304,0.19388340319159644,0.024916013363834713,0.44409783138890324,True
sz.000816,2024-12-05,0.12121212121212124,tp,0.3181818181818178,0.7035203274695707,5.7971,1.2551724137931015,1.2812826554975643,2.03663120823685,-0.045751633986928164,0.9800000000000046,2.7937103972038644,0.7605854116056517,0.9230769230769212,0.3076923076923082,0.9210291983620502,0.6263736263736264,0.5999999999999999,0.44073996089044687,0.044144144144144165,0.03571428571428574,True
sz.000818,2023-01-11,0.050343964978111326,tp,0.22058823529411684,0.956119363391073,7.8767,2.003994673768312,3.3569711646064926,4.903804444470772,-0.03904820012202548,1.4607768469154614,4.322204125791355,0.4111149296995899,1.0139534883720924,0.16279069767441876,0.9579246287359611,0.01757188498402562,0.038135593220339103,0.042067120901052774,0.03248560962846677,0.25835866261398177,True
sz.000821,2021-11-23,-0.06794195250659621,stop,0.11297071129707086,0.9639530183664495,5.5021,1.701766784452294,1.8625241328124922,2.3769750928463766,-0.19685863874345566,0.9915014164305931,1.8219318952173593,0.5359433949603157,0.8953488372093028,-0.1046511627906972,0.72511562485912,0.09143268538516902,0.9586563307493536,0.215409078154438,0.06347845206684259,0.05211406096361838,False
sz.000821,2023-06-20,0.06821829855537741,tp,0.21428571428571144,0.7293941386227673,5.9229,1.3041095890410965,1.5473231582461782,1.9633171416622088,-0.24197530864197525,1.3077564637197658,2.244055079562422,0.6922439641484778,1.0490196078431364,0.3039215686274491,0.5677120231752568,-0.13527239150507842,0.04695360536612636,-0.09464423820572294,0.04520377291332981,0.026499302649930327,True
sz.000822,2022-08-12,-0.022950819672131383,stop,0.2846715328467169,0.7432443716224063,6.3473,1.3282051282051328,1.9465432436557168,2.7366198566899507,-0.19638009049773741,1.1778846153846176,1.1688570351042493,0.7757953475453504,1.162162162162155,0.8108108108108044,0.8825075720242443,0.13334021739460544,0.3011832679255415,0.11779715576792747,0.040777051561365275,0.1465798045602605,False
sz.000828,2022-03-25,-0.03418803418803415,timeout,0.36150234741784104,0.7093330427642349,10.0102,2.3891547049441835,2.4514568396999805,3.6610909284349398,-0.13424437299035363,1.7824074074074028,3.2179366732545467,0.577549386634896,0.8971962616822431,-0.10280373831775694,0.647394685503926,0.04203323558162264,-0.06573181419807195,0.03063214038253919,0.04274546591619759,0.08252427184465998,False
sz.000828,2024-04-30,0.000984251968503755,timeout,0.2571428571428551,0.8818132258245797,5.8017,1.464285714285711,2.172616491331921,2.3501792711473612,-0.042024832855778516,1.4693877551020413,1.8033483970558557,0.7280043501650052,1.195121951219516,0.19512195121951603,0.7283282594284229,0.005970149253731183,0.11836283185840712,-0.01912908494089874,0.02631058358061324,0.10163934426229537,True
sz.000829,2020-05-29,0.05962521294718909,tp,0.1940298507462699,0.9287242645451199,5.1282,1.7818181818181815,1.8047370641275549,2.1031820547029247,-0.16081871345029242,1.3124999999999971,1.4648077678392737,0.7586065409362139,0.8928571428571463,0.2500000000000016,0.9474107873722253,-0.015254237288135575,-0.001724941838325944,-0.00621609028175712,0.030407343660355673,0.33750000000000063,True
sz.000831,2019-12-09,0.033988533988533895,tp,0.03571428571428517,1.0023688413541756,5.6288,1.2220520673813207,2.201291570655867,1.9770420189119338,-0.19826435246995988,1.9444444444444444,2.9085950554005158,0.7250933373184831,1.1929824561403477,0.35087719298245573,0.877964044485625,-0.15267175572519087,-0.3224195338512763,-0.09584019845604155,0.03366093366093362,0.21241050119331728,True
sz.000848,2024-04-22,0.0381679389312976,tp,0.24390243902439088,0.9402181340272043,6.3232,2.2183098591549317,4.258985377102772,5.232707929480366,0.047289504036909014,1.308411214953277,4.499593583637925,0.39841567634189257,1.022222222222221,0.2444444444444442,1.025145360938049,0.15307402760351319,0.12622549019607843,0.1335649528195218,0.020964816829887517,0.4285714285714281,True
sz.000850,2022-03-30,-0.04264392324093823,stop,0.1954022988505748,0.7666157021206386,6.8027,1.631578947368417,2.690715995547958,3.092968298986606,-0.080078125,1.6733067729083653,1.3369131109213495,0.5093103947887604,0.9032258064516132,-0.03225806451612679,0.7289179661870029,0.07305936073059383,0.17794486215538852,0.05554723761042096,0.03411347517730496,0.06896551724137888,False
sz.000850,2022-07-21,-0.0518134715025906,stop,0.3368891929975908,0.8245297389394254,6.0773,2.268219967941083,2.1109137770369877,2.0431386065535206,-0.18775582560297321,1.6110588818629277,1.706001286500226,0.3630410992697951,1.0909090909090895,0.09090909090908948,0.7654571485133445,-0.1766498115078734,-0.21309589631034187,-0.06848276746306295,0.024616396114304637,0.1513674061395407,False
sz.000851,2020-06-23,0.04307116104868902,tp,0.0,0.9450542885113915,7.0667,1.4365671641790994,2.169517072979373,2.182379577813967,-0.05306603773584928,0.8577075098814211,0.9780250974336185,0.6922554241333396,0.8545454545454543,-0.14545454545454575,0.7668889673518066,0.04467805519053858,0.39947234620095173,0.1795479640133831,0.052620545073375324,0.12531969309462923,True
sz.000856,2021-02-24,-0.026113671274961586,stop,0.11724137931034484,0.9392775513486348,6.2397,1.3757225433526012,1.9220926221448786,1.8258524467283956,-0.2405698904004998,1.2303030303030305,1.6147725891584896,0.7464921872493344,0.7058823529411774,-0.05882352941176348,0.7003824322047342,-0.231186714091978,-0.36387145278419086,-0.1767885203172409,0.038242894056847526,0.18819188191881916,False
sz.000856,2021-08-26,0.038363171355498694,tp,0.1568627450980394,0.7853952505102169,6.8917,2.2749999999999972,1.7346974858548394,1.7362550817081528,-0.002624671916010568,1.3999999999999981,3.022022688693904,0.7557083963867122,1.326923076923077,0.5000000000000017,1.0090972411777028,0.1784107946026987,0.1508052708638361,0.1442713640995779,0.02909245122985581,0.4480000000000002,True
sz.000858,2020-06-04,0.06701338696499295,tp,0.1337522441651698,0.8231887312044264,7.0108,1.8140665350144356,1.674416148841005,1.7748248161673061,0.03295772813131004,1.4933639193839112,1.6786924595502402,0.6340412199095481,0.9589683470105478,0.03048065650644413,0.9429972539293269,0.22126547243791794,0.23663226979469854,0.2210893619402549,0.029713566257475583,0.4076034648700666,True
sz.000858,2020-10-15,0.038091251569694444,tp,0.1529850746268651,0.7434231721123316,6.231,1.9137986490833037,1.6582115423044563,2.037446749591807,-0.020064856100526995,0.8790786948176579,1.527998532477927,0.47948952208832074,0.7772549019607862,-0.2227450980392138,0.8771576889924632,0.0668006251395401,0.8929532307198562,0.2613238650316935,0.03021221380436149,0.30759511441808224,True
sz.000858,2021-09-30,0.07337941976427921,tp,0.16736401673640183,0.9139286477093156,9.999,1.5139874739039663,2.2921552714252664,2.719017643288784,-0.2552064163906269,0.926130099228225,1.6175876367507194,0.4625614559368432,0.7196911196911203,-0.0911196911196904,0.8850808903796503,-0.20107512202097166,-0.18219707432274113,-0.15359682820679216,0.04112007536046918,0.18315397350993398,True
sz.000858,2023-01-10,0.049887202625102635,tp,0.32039853172522265,0.7173361353797769,5.8112,1.408450704225357,1.8404634709998002,2.374921864684005,0.017222820236813652,1.3966054728091435,1.7096928883280198,0.588981405125284,1.1946666666666659,0.8319999999999967,1.051286170321871,0.23843958135109422,0.028120063191153344,0.17178626284066947,0.030038243529331436,0.304928687488716,True
sz.000858,2024-02-19,0.03694852941176463,tp,0.026691495965239034,1.0457688976131598,5.0723,1.8196355522499061,1.690489461480369,1.640309265571183,-0.15903629695206756,1.02990033222591,1.6730801422925348,0.8471212753301328,1.0858369098712433,0.45207439198855237,1.0545229597560848,-0.12930869092536945,-0.18326334733053384,-0.07320374371683998,0.025060594932060243,0.20845070422535056,True
sz.000859,2020-06-05,0.012632869991823495,timeout,0.39999999999999963,0.6084194646210083,10.099,2.4000000000000017,2.72850100713458,3.8624784685024323,-0.13260530421216854,0.9411764705882394,0.8806237793887968,0.6016533383901633,0.8125,-0.12499999999999813,0.6994974879755895,-0.05008635578583753,0.04562737642585568,-0.0036382300991831835,0.04048484848484846,0.09090909090909041,True
sz.000859,2020-08-17,-0.05627009646302248,stop,0.00884955752212533,0.7925096432398494,7.4336,1.8758169934640512,2.007714874737987,2.3548916902831736,-0.08721804511278208,0.9767441860465137,0.956217610071124,0.8366110644053608,1.0,0.4878048780487807,1.0119313747783285,0.2101998150415052,0.01798007132340551,0.12656913399991776,0.03997873471557685,0.12396694214876068,False
sz.000860,2021-09-30,0.062446778313937044,tp,0.23495145631067882,0.7604859859957083,10.0153,2.452852153667058,2.7807843226021633,3.7821178164677196,-0.153231492361927,0.7600798403193618,1.173677895445471,0.7253015694665532,0.7707641196013302,-0.2292358803986698,0.8423754281087384,-0.1160580290145069,-0.24585043510131688,-0.13314040794984888,0.04377475947934354,0.22879177377892077,True
sz.000860,2023-01-10,-0.032749675745784794,stop,0.27230046948356806,0.8214341234285912,5.4998,1.5506607929515428,1.509492301852009,1.876927734139193,-0.07799274486094299,1.2861445783132528,1.1166672082795497,0.764049776857639,0.7784090909090907,0.18749999999999706,0.6180989797767642,0.45768321513002364,0.3237440961786173,0.225426709903512,0.04120445453562549,0.0017391304347825632,False
sz.000861,2020-04-23,-0.04878048780487812,stop,0.14893617021276453,0.8565665147363124,7.0313,1.2645161290322593,2.192844036973837,2.3159522982738783,0.003663003663003872,1.1052631578947407,1.5866978760967114,0.6370973094467008,1.1428571428571384,0.6428571428571399,1.0217868941692383,0.17427385892116187,0.03286887466584831,0.14769502431598647,0.045111896348645486,0.5918367346938769,False
sz.000861,2020-07-23,0.03896103896103886,tp,0.24652783968336056,0.9978089167408891,8.4548,1.2993727081339213,1.7427547002698656,1.5224601943391796,-0.03599626065577555,1.4247787610619491,1.947225360139035,0.7161656236228386,1.2399999999999987,0.520000000000001,0.8701366691553581,0.3643350539875443,0.6021029887073654,0.3969412195761107,0.04612505816998275,0.3265392831945396,True
sz.000869,2021-05-27,0.08291457286432129,tp,0.016393442622950595,0.8498511089056996,7.0255,1.3464480874316886,1.4788529853100845,1.6890709943762767,0.016364551863041088,1.3360291144358998,2.1531706366820274,0.8153027833890537,0.7954545454545459,-0.1590909090909039,0.8272590899330786,0.23150431565967966,0.07740021574973066,0.06899404404862008,0.04192740926157699,0.26258637709772964,True
sz.000875,2020-03-10,-0.09728506787330306,stop,0.014925373134326968,0.8025194292541843,10.101,1.5755627009646325,1.9435946119473448,1.750792081884968,0.028301886792452713,2.039370078740161,2.748150662792331,0.7984341124984676,1.0285714285714274,0.1428571428571417,0.8791508650790743,0.3956688784053872,0.5207978123313877,0.3093736904096432,0.04822373393801966,0.48936170212765856,False
sz.000876,2019-09-02,-0.04987146529562979,stop,0.09604519774011304,0.978279449946719,6.1632,1.397482014388488,1.8020903881495107,1.974765161132565,-0.0862692743860125,1.4163424124513613,1.6048378769458402,0.7521203187194697,1.1801801801801823,0.18018018018018234,0.801370782142904,0.03764764627904649,0.4377510106318139,0.12254248374426405,0.03821601104209799,0.08022922636103111,False
sz.000877,2022-02-10,-0.06388526727509794,stop,0.22772277227722842,0.645539621290447,10.0,1.8102016607354672,1.655247969257712,2.244755682403989,-0.07941356139279176,1.7628111273792122,2.2538185363885517,0.8067238147081676,1.0,0.34862385321100775,0.7348114068385424,0.12773722627737216,0.18663594470046085,0.054115827657179136,0.03486515641855447,0.10294117647058842,False
sz.000880,2020-09-04,-0.055724417426544964,stop,0.10924369747899038,0.9311246854335131,6.413,2.029780887072425,3.1492464787227097,4.484819759887666,0.020006712322753195,0.9353448275862004,1.871611829762831,0.6194047546958524,0.881355932203392,0.08474576271186667,1.003622953333013,0.21310938558236692,0.3256154979549255,0.20062204788642574,0.03147009642759858,0.27001343206402173,False
sz.000881,2020-08-06,0.035573122529644396,tp,0.21658986175115158,0.58813362784337,9.9675,1.472703062583226,1.1412669052058195,1.5284125527813057,-0.06709558823529416,1.218785796105385,8.069129678254894,0.7312662331941038,1.0,0.03797468354430262,0.692982568174103,0.5166738248467169,0.48793219259743537,0.32528014693693663,0.04679109364767519,0.15325670498084246,True
sz.000885,2022-01-07,-0.0538599640933576,stop,0.109489051094891,0.7243304236394018,5.6604,1.9021739130434787,2.954417240507919,3.0923417204025268,-0.03197925669835777,1.306666666666672,2.723931035003559,0.538694722566242,1.0,0.0,0.9338448876149598,0.012658227848101111,0.14169215086646259,0.10295022772967857,0.024434523809523833,0.19014084507042187,False
sz.000887,2020-11-03,0.05736981465136795,tp,0.2916666666666656,0.9270589385912844,7.4286,1.7570093457943927,2.334548285475465,2.501498327170789,-0.12354312354312347,1.0166414523449343,1.8472616275397005,0.7233308068481249,0.7340425531914897,0.10638297872340578,0.7601014877711154,0.10271317829457383,0.5150414788357125,0.18557805940229874,0.04513766842413589,0.2339688041594456,True
sz.000893,2023-11-02,-0.025748086290883737,stop,0.10067114093959707,0.8818613192430782,6.7142,1.796460176991146,1.953733603885679,2.089749143967351,-0.07629870129870142,0.8654037886341016,1.213948020232318,0.5794361326183852,1.0413793103448326,0.165517241379313,0.8747024823890388,0.07012308839985071,0.19491878384006656,0.10173478106429347,0.027919135587312634,0.019943019943019943,False
sz.000895,2020-12-17,-0.0355691056910567,stop,0.20902255639097714,0.9724114679737821,5.4664,1.777329974811085,1.6497394050960739,1.6641906072228256,-0.11866224698983796,1.0753117206982552,1.531705439482562,0.7006673296667498,0.9285714285714264,0.23015873015873084,0.7638800120533543,-0.05469159773331722,0.19112473631690996,-0.0387326136859725,0.028160010238200455,0.13327600903515077,False
sz.000895,2021-10-22,-0.057839721254355214,stop,0.3580786026200869,0.8441044720703428,9.9923,2.359040829552821,3.0323205626793737,3.384787675340858,-0.05793285055957864,1.2992194275802262,2.1312094228063807,0.4716834122559054,0.7192307692307702,-0.20769230769230815,0.7704241538856832,0.002499107461620742,-0.26143700160791383,-0.06251744103246668,0.03250237416904085,0.2745424292845258,False
sz.000898,2023-04-17,-0.041800643086816726,stop,0.0,0.9082092985089097,7.2165,3.0624999999999964,3.3522446643689356,3.9940180235113183,-0.0031948881789137795,1.1264367816091925,1.201093520735701,0.47904536290897176,0.8571428571428553,0.0,1.00416019003361,0.15129151291512932,0.16417910447761197,0.10824971139330437,0.021153846153846138,0.17647058823529374,False
sz.000901,2021-08-23,-0.03684210526315798,timeout,0.04273504273504151,1.033082234314351,10.0114,2.537678207739307,3.245246608488819,3.1323868506079546,0.023280423280423346,1.5200000000000007,2.0527399446543195,0.6437725604539488,0.7865168539325861,-0.03370786516853894,0.8810062326627189,0.12616822429906516,0.14761904761904754,0.13776518839809965,0.03188105117565701,0.2485875706214686,False
sz.000902,2020-05-11,-0.032222222222221986,stop,0.13414634146341467,0.9083638360942748,5.2257,1.2643171806167373,1.4629266457833174,1.5219643614732752,-0.012263099219620988,1.7272727272727253,1.6225452688941924,0.8267185458778442,0.9024390243902483,0.4146341463414626,1.0251380421123557,0.2559109874826144,0.10394352979649768,0.14478698614894,0.039461055740125525,0.318032786885246,False
sz.000908,2020-09-23,-0.03756708407871217,stop,0.22033898305084704,0.6778732644044393,7.4144,1.6994219653179197,2.0523837449696756,2.8273445064565728,-0.33136094674556205,1.3649025069637863,0.8556021241035238,0.6355996581567206,0.9523809523809504,-0.04761904761904953,0.694413253893581,0.3799019607843135,0.5949008498583568,0.12918052514582729,0.0496743635287152,0.12977099236641199,False
sz.000910,2019-09-02,-0.03136200716845863,stop,0.15384615384615372,0.8081585147777555,5.6919,1.407969639468689,2.6246845719544565,2.6379339249886637,-0.07553648068669527,1.8819672131147551,1.7702390272596995,0.48580183320437004,1.1132075471698109,0.7735849056603781,0.9544008057746548,0.10039370078740162,-0.14688273722846457,-0.04534739385847628,0.0383124627310674,0.2534562211981568,False
sz.000911,2023-04-06,0.07439024390243922,tp,0.01639344262295187,0.7729105802735883,10.0119,2.082926829268297,2.989105720185683,5.285342011951763,-0.0053879310344828735,1.1067193675889284,4.22140262599464,0.7725004663204786,0.9672131147540991,0.7049180327868834,1.0700009371039871,0.16525934861278668,0.3001345895020189,0.20916259857303782,0.03291925465838512,0.19786096256684477,True
sz.000912,2021-03-19,-0.02576112412177973,stop,0.20987654320987656,0.5206542111622797,5.0971,1.2068965517241395,1.0618659810599465,1.7665699710686182,-0.11270491803278682,1.608695652173914,5.072884990975183,0.6737187430627656,0.6999999999999977,-0.2,0.575272871681578,0.07001144448276886,-0.013621633936574229,0.0517978849009616,0.04615384615384613,0.02654867256637151,False
sz.000912,2021-08-27,0.023396880415944506,tp,0.15463917525773252,0.782583636271135,7.8,1.8456591639871351,1.7434869708188216,1.9131947229001007,0.016981132075471583,2.119873817034698,2.197513721792608,0.7579742593938645,1.3170731707317076,0.8536585365853687,1.1437423005546363,0.3075170842824604,0.3634204275534443,0.3085354964949943,0.039895470383275254,0.47967479674796776,True
sz.000917,2021-05-14,-0.02840909090909095,stop,0.1199999999999999,0.46760836526552724,5.1587,1.6896551724137883,1.2081759822372782,2.479500295918193,-0.11371237458193995,3.23618090452262,7.709874845500784,0.6111225068355749,0.7857142857142855,-0.035714285714283076,0.7568695403008333,0.325814536340852,0.0037823603078357415,0.1035538761074929,0.039193446754883406,0.11475409836065587,False
sz.000917,2021-07-14,-0.053264604810996506,stop,0.14705882352941219,0.9222124304042573,6.8826,2.7045454545454533,3.225819119671434,3.926288600919662,-0.117056856187291,1.9599999999999982,1.7692902590245603,0.8748555085316534,1.3235294117647023,0.4705882352941186,1.0029647419234318,0.050193050193050315,0.3171912832929784,0.13250754658061847,0.023345588235294146,0.2213740458015267,False
sz.000920,2020-10-13,-0.05402160864345752,stop,0.1771428571428575,0.5840110318977348,8.3777,1.2873563218390818,1.3544862338675547,1.8102448184501205,-0.10733844468784215,2.129577464788738,3.3123300087216068,0.6091497319363749,1.218749999999998,0.2187499999999979,0.759018060515732,-0.05148741418764313,0.5034918231074317,0.18169237087697085,0.04989947728186569,0.16097560975609718,False
sz.000921,2022-07-29,-0.07178043631245613,stop,0.37326315647597064,0.6461071095497505,9.992,1.8750102949431577,1.5817458822863812,1.5160073671442957,-0.07215104517869186,1.288518129523365,1.9131490361136765,0.7186710253024224,0.9078014184397163,0.2198581560283702,0.8665544502158598,0.18826686512436241,-0.08324982549455473,0.13751475715603376,0.04924595820845967,0.09533198628222846,False
sz.000921,2023-09-01,-0.03266639444671283,stop,0.03191489361702035,0.8797058992815593,7.1491,1.604651162790695,2.248478117909697,2.498971706307958,-0.08723160938001939,1.0056710775047129,1.3191482524165168,0.5291882256856272,0.8768115942028981,-0.12318840579710186,0.8538168158329192,-0.017053371381436033,0.36879544006627185,0.055635672670225435,0.034179980882152135,0.09302325581395302,False
sz.000923,2022-12-02,0.06843940714908442,tp,0.16190476190476316,0.6265018331427199,6.1224,1.4407766990291206,2.0354554784593337,2.8055103886084685,-0.08406725380304259,1.0506566604127558,2.5140677391041755,0.5945399113252975,0.754716981132077,-0.2264150943396187,0.7955916158457743,-0.042301184433163996,-0.24126828944708367,-0.05671907116271295,0.03256772673733802,0.32782369146005513,True
sz.000932,2022-01-12,-0.03880070546737215,stop,0.19999999999999923,1.0318694396385821,6.1338,2.10679611650485,2.652839279841512,3.2817187795372265,-0.06239737274220036,1.601990049751251,1.8636557148256405,0.5082045587493362,0.8064516129032253,-0.19354838709677463,0.8885297750478937,-0.050420168067227045,-0.2354533152909336,-0.10500957032539089,0.02696165191740412,0.28834355828220803,False
sz.000933,2022-09-13,-0.06883867577509209,stop,0.12366412213740485,0.9820142920404313,10.0229,1.6575250836120412,1.7566135295354925,1.6913451598257356,0.01425554382259775,1.902662993572084,1.6026033729077493,0.6085910605340151,0.9435028248587557,0.13559322033898158,0.9202658711931643,0.501930501930502,0.38912880485409174,0.3604332195332653,0.04601542416452443,0.23345588235294085,False
sz.000933,2024-08-12,-0.04139562389118865,stop,0.33858267716535434,0.9760592104078301,5.9153,1.3053278688524608,1.5587775462290603,1.6416320278511232,-0.31822703664190066,1.727105484625138,2.0578746443070552,0.5226877579166644,0.7582417582417545,-0.14285714285714646,0.4498528161621129,-0.2504336751131566,-0.02690178751881378,-0.1688194751193706,0.04561611374407579,0.4491017964071852,False
sz.000935,2021-02-24,0.06845661450924584,tp,0.15384615384615385,0.9596999762982826,5.6818,1.7387096774193482,2.9330532951681567,3.040841189930464,-0.03332674317365569,1.2491582491582454,1.508399909214814,0.6731355831174776,0.8051948051948109,0.11688311688311884,0.9929875209394013,-0.008538894215123327,-0.08121143600040226,0.030723042721774965,0.03221948688377493,0.3203883495145636,True
sz.000935,2022-08-16,-0.04511278195488726,stop,0.14000000000000043,0.9506817849368611,7.0561,1.8753488372092983,2.7020438090289396,2.8574456120722553,-0.14674115456238357,1.0156250000000027,1.9330895134583626,0.41621051854991387,0.7847222222222198,-0.21527777777778023,0.8238328671337559,0.09418099425592996,-0.05625759826563248,0.08113610168614405,0.032713864306784676,0.087779690189328,False
sz.000938,2019-12-11,0.06171155813160599,tp,0.11183144246353212,0.8016253091591538,5.4044,1.2642140468227447,2.2713893397748555,2.2046718723468937,-0.19667212220403696,1.5221354166666705,2.0831873265557093,0.5196895407442974,0.9259259259259267,-0.07407407407407324,0.7690068015311496,-0.17066968070076294,0.13715614103060836,-0.04889212946084984,0.03351504826802953,0.13114754098360693,True
sz.000938,2020-01-16,-0.11877962085308053,stop,0.25727651166521703,0.8114907089878324,5.0805,2.1774654012661894,1.8379975703480154,2.1995137086670367,0.031630170316301554,1.1751412429378545,1.8407702251410694,0.48180817229332046,0.8995433789954359,-0.07305936073059503,0.880009764623833,0.10968500697705563,0.10568679699449834,0.06724717723004761,0.02836868624636411,0.2979500621891249,False
sz.000938,2021-01-04,0.082819902509855,tp,0.36283185840708,0.9286850893628978,5.953,1.7799145299145263,1.7600492146094509,2.093269020398399,-0.24879674194742707,1.230198019801974,1.5984089982543688,0.6096349357504613,0.848739495798323,0.3025210084033602,0.4860998690076244,-0.20239474700656646,-0.4396138985556328,-0.21992521733041956,0.029620661824051646,0.3047858942065505,True
sz.000938,2021-10-19,0.04705003734129933,tp,0.060550458715596854,0.8071918156257568,6.7277,1.694687289845321,1.9093542738952851,2.2630651921159997,-0.1393258426966293,1.3030303030302997,1.3135069865556779,0.5028165272896256,0.8888888888888906,-0.016666666666663797,0.941370724272324,0.037984496124030986,0.35645123348749697,0.14795534364272517,0.0370550161812298,0.10916179337231964,True
sz.000938,2024-05-21,0.03148558758314857,tp,0.023622047244094533,0.7875049529325099,9.2565,1.9336322869955167,2.9120742170840517,3.375050553843592,-0.1632730015082957,0.7829716193656078,1.33768755445277,0.5444440859176196,0.8506493506493503,0.23376623376623432,0.9793786128463124,0.2967222541690626,0.047375754760798916,0.12662217355643737,0.03569844789356984,0.23869610935856972,True
sz.000950,2024-03-13,-0.028790786948176564,stop,0.03030303030302846,0.6574800248482648,5.4108,2.2235294117646998,1.4836689290970129,2.0598062255400014,-0.03308823529411775,1.4383561643835607,3.3430073174238144,0.5026126057586953,0.7037037037037038,-0.29629629629629617,0.8459046659196076,0.013698630136986134,-0.040740740740740744,0.009090909090909184,0.03217503217503216,0.3131313131313143,False
sz.000951,2019-10-17,-0.050857480780603065,stop,0.01020408163265247,0.8901648801500669,7.3155,2.1728395061728385,3.409119044667337,4.849347104155311,-0.03692848769050394,1.442982456140344,2.038974545310436,0.5274862478376002,1.0227272727272714,0.18181818181818152,0.9770556989731649,-0.01426024955436711,-0.13991168267139042,0.013747155564576194,0.026803295157725553,0.27638190954773767,False
sz.000951,2023-06-14,0.06539987157711587,tp,0.17370892018779324,0.8376021375856558,5.8943,1.6240822320117492,2.415997893078101,2.8655160025261144,-0.09653179190751426,0.7862714508580321,1.0539451899412096,0.5279858145456843,1.4050632911392384,0.6582278481012644,1.0626923499908842,0.034593209481101894,0.04395604395604402,0.031273447103334864,0.03333333333333332,0.2755905511811023,True
sz.000951,2024-04-16,-0.04357798165137625,stop,0.018726591760299744,0.8579171465067262,7.561,2.1033653846153837,2.1533600465404326,2.0264862490199302,0.012629161882893092,1.6351999999999989,2.3114091106927424,0.7087074718364585,0.8240000000000014,-0.17599999999999857,0.8292554219018593,0.246957766642806,0.16834339369550655,0.15280259413672156,0.030290853425181778,0.1605723370429255,False
sz.000959,2022-02-10,-0.050000000000000086,stop,0.08433734939759044,0.6762726528313058,8.8129,1.7449275362318841,1.4721403850556225,1.66788124359732,-0.17076331460809613,1.3207547169811304,1.7812687640297042,0.6818340268482986,1.162790697674421,0.4186046511627917,0.9631129385498924,0.19224917105683925,-0.07211151151229822,-0.03519367907353567,0.03686463349384697,0.188284518828452,False
sz.000961,2021-12-10,-0.04761904761904761,stop,0.23076923076923117,0.7682711109323612,10.1266,1.9266055045871555,2.7758980486397355,4.081084849629956,-0.13346613545816732,2.633663366336629,3.227781344644965,0.7169761849103787,0.8666666666666665,0.23333333333333442,1.0462220170660739,-0.09795918367346945,-0.20263409827767165,-0.04346018897069484,0.03536953242835597,0.2129032258064518,False
sz.000962,2023-01-06,0.07894736842105261,tp,0.25619834710743694,0.773602813860999,6.5242,2.2754820936639124,2.6190789367734197,3.540916693451975,-0.021694214876032958,1.143790849673201,1.580537444934125,0.37427495421438944,0.8983050847457624,-0.016949152542372933,0.7810372104408287,0.04415011037527594,-0.05400000000000005,-0.021590174531351074,0.02181113460183228,0.03759398496240612,True
sz.000963,2022-12-30,0.031130063965884792,tp,0.03529411764706035,0.8458065540960423,6.7552,1.7008032128514026,1.906687915194131,2.4401116007360746,0.0006439150032195862,1.163184079601996,1.6933562949258736,0.6195766487793525,1.0743801652892577,0.07438016528925775,0.9263932439876794,0.16650049850448667,0.032428855062872186,0.08735427884364057,0.030925925925925916,0.3747260774287802,True
sz.000963,2023-09-14,0.06296758104738191,tp,0.07210031347962181,0.6081262670843609,5.7749,1.9330143540669977,2.372434345732038,3.2204116816611226,-0.1518414818005599,1.22260273972603,1.2228311583648188,0.4913470359534059,0.8712871287128673,0.06435643564355877,0.9295372243851814,-0.07253521126760576,-0.09784024077445252,-0.05508195841618715,0.029249978908293246,0.08815672306322306,True
sz.000963,2024-08-21,-0.019867549668874097,stop,0.06614785992217749,0.7368768298907595,6.0287,1.2962962962963,2.8725878906538767,3.319825612343403,-0.0746192603600464,1.8323917137476493,1.2121483578431316,0.49586803898844417,0.9363636363636367,-0.0636363636363633,0.8766280602243854,-0.02327848649272035,-0.08186917772819502,-0.00839129444719879,0.025789706207201217,0.18404118404118405,False
sz.000966,2024-05-07,0.06818181818181822,tp,0.34117647058823386,0.7133843913937005,5.1339,1.4559999999999975,1.295069806645486,1.5543928361454347,-0.05799999999999983,2.3178807947019866,3.1144525170508794,0.6645241123396615,1.038461538461535,0.4230769230769231,0.7503958903993121,0.07829977628635354,0.04103671706263512,0.07236220034484687,0.0298063623789765,0.1224489795918368,True
sz.000968,2022-09-08,-0.05946935041171104,stop,0.10243902439024373,0.9020460679275287,9.98,1.2775000000000016,1.7429793894166974,1.5113628904475305,-0.15700228511303083,1.2068965517241437,2.430498837244453,0.6736716325066514,0.8082191780821947,-0.1917808219178053,0.5750743291004635,-0.07476599297286912,0.481878856783291,0.05907355678475232,0.04561887254901959,0.15773809523809532,False
sz.000969,2021-07-08,0.05604395604395589,tp,0.23756906077348056,0.9005602227981485,9.9877,1.749999999999994,1.8269222199022095,1.796801577803476,0.00790960451977396,1.9938496228751985,2.8186586420444413,0.8400944307567485,0.845070422535212,0.19718309859155048,0.9001319558363499,0.1965082805825864,0.3907347396051808,0.22982170639500463,0.040745759530720294,0.168103448275862,True
sz.000973,2020-06-11,-0.02904564315352713,stop,0.2439024390243902,0.7276612190691234,5.8568,1.5023485958016765,1.9165941834289644,3.0473471696570695,-0.20906643459973528,2.398406374501987,2.9396456758625114,0.6629522005589582,0.7037037037037054,0.2592592592592617,0.9577259031582441,-0.07908463631323914,0.07376780359820101,0.024949522041138705,0.041726447645415124,0.1648814383941995,False
sz.000973,2021-08-30,-0.05098039215686266,stop,0.009900990099009592,0.7740936156685785,6.9815,1.8918918918918908,2.038262717866343,2.1037345324014844,0.007736943907156624,1.2645161290322604,1.4063693662971772,0.6145631204381365,0.8000000000000005,-0.19999999999999948,0.7989932561171392,0.16056332111614058,0.2502686985937166,0.17200824131816914,0.036705577172503244,0.18604651162790656,False
sz.000975,2021-03-16,-0.009803921568627425,timeout,0.2783505154639169,0.5661465703879248,9.9652,1.9432176656151412,1.4525749115304079,1.9718339789888661,-0.05572139303482604,1.2252836304700183,1.891908433490486,0.5606828899665879,0.7272727272727273,-0.20454545454545398,0.6686709851722415,0.07131370982084895,-0.1556299161849144,-0.003957948454224177,0.047189402076620125,0.16075156576200406,False
sz.000975,2024-04-03,-0.030142781597038454,stop,0.3208955223880589,0.8226704526458721,6.9149,1.3210784313725517,1.6062543734810306,2.035827116159349,0.0572764465225013,1.2507836990595622,1.960758800812493,0.6491942322918376,1.116883116883118,0.4805194805194828,1.0090126717005623,0.2439353099730459,0.29181245626312124,0.25243821768407493,0.028241242325749333,0.3696612665684824,False
sz.000975,2024-07-10,0.07803712035995505,tp,0.02351351948876366,0.8700618714962961,6.7182,1.7599294971186454,1.1904014923787118,1.5137154921520792,-0.1452539238691346,1.2493972809309115,2.283578665081165,0.6840430514228534,0.7657657657657652,-0.2342342342342348,0.8273820883301617,-0.08020862700873976,0.22806618336452833,0.05639031853546529,0.040343134329920656,0.009323485213947795,True
sz.000976,2020-01-09,0.025217391304347844,tp,0.10719597750309395,1.0113623137404495,8.0153,2.2846484252944874,3.329909080018551,3.582595918121051,-0.05025800463019636,1.9130434782608694,3.5460591442917146,0.4924328832921616,0.8717948717948718,0.025641025641022882,0.9600859559625162,0.005401260492032156,0.014394116131495549,0.09320194764954702,0.02527779750319579,0.6139115732001296,True
sz.000977,2019-12-12,0.02684775742261533,tp,0.04366812227074147,0.7939143165036988,6.5217,1.433823529411766,1.3232338353096005,1.7487190756618505,-0.032503037667071855,1.3913531723750694,1.8513481759863255,0.6398899706725902,0.7128205128205151,-0.28717948717948494,0.6590595962113445,0.1727886056971515,0.2897774113767517,0.21572004895516983,0.04286779588793009,0.0567484662576686,True
sz.000977,2020-06-23,-0.07177033492822958,stop,0.1496062992125993,0.9994703876887836,5.4854,1.631991636173559,1.4421751004198453,1.563571262699992,-0.07885919577487477,1.220302038182969,2.654791253201604,0.7132121778772212,0.9686098654708512,0.48878923766815324,1.0863678307030291,0.03157998162808395,0.4323292123165632,0.12027401129644129,0.03439363809979437,0.15933232169954414,False
sz.000977,2023-01-06,0.05780977312390912,tp,0.30143540669856467,0.6992936135779464,5.2045,1.859649122807014,2.2806011878827417,2.9835467618421934,-0.07440719542109586,1.1741935483870938,1.0361745378964722,0.6568542128083562,1.179245283018869,0.17924528301886902,0.8364177834841728,0.1251848201084278,-0.07119609438567942,0.009138828417667407,0.023244269236384844,0.03105590062111756,True
sz.000977,2023-09-14,-0.054168879447689895,stop,0.27382388419782816,0.7454261392411999,8.0182,1.3365032918800295,1.8527149035219672,2.1847397158030546,-0.4247451804642123,1.207320130358485,1.1520048781493635,0.6001859261793012,0.9042145593869739,-0.09578544061302606,0.3635746371047627,-0.417804709576138,0.0940356715105819,-0.12251620220511397,0.05687157745981277,0.21263157894736845,False
sz.000981,2024-05-07,-0.03846153846153849,stop,0.1428571428571432,0.7385799662307394,6.993,1.5909090909090933,1.8149502396242498,2.00987185512016,-0.11560693641618491,1.3404255319148914,0.9531735676758566,0.7308831202408355,1.0,0.2,0.803096719844103,0.09154929577464799,-0.06626506024096379,0.010869565217391264,0.045591397849462346,0.0526315789473685,False
sz.000987,2020-05-11,0.10674931129476559,tp,0.1610169491525423,1.0254577127927553,8.1373,1.844192634560904,1.595223271015552,1.7828899092970036,0.03470919324577837,1.1268758526603007,2.2607362057367717,0.7227013227789567,0.8064516129032269,-0.19354838709677308,0.837485384484255,0.3151515151515152,0.21901181215787924,0.18873248598711612,0.04823348694316434,0.19636363636363638,True
sz.000987,2021-08-23,-0.031336673008305865,stop,0.24324324324324378,0.979837292355238,5.3428,1.5724637681159386,2.2935075579931263,2.3514354026495368,-0.14769452449567722,1.9778393351800516,2.1185558442471426,0.7383643884271912,0.8548387096774215,0.2419354838709701,0.9758360061986767,-0.0882800608828006,-0.12298682284040985,-0.06093840837682643,0.02943795214245963,0.06166219839142133,False
sz.000987,2022-08-16,-0.010703363914373227,timeout,0.22666666666666702,0.5810872587768442,5.5195,2.1388888888888897,2.022233432439508,2.4633732375634447,-0.1431575451642746,1.192307692307693,1.5435097395667372,0.529364831033428,1.0303030303030307,0.060606060606058366,0.8317643982279518,0.15258323364561366,0.04902558021421077,0.0740368322029185,0.0280163599182004,0.03401360544217668,False
sz.000988,2024-05-06,-0.04237037037037039,stop,0.013953488372093342,0.648836156903536,6.0424,1.487081339712917,1.391344128704209,1.7873884597611136,-0.09844002151694453,1.5110701107011046,2.06015192745686,0.5512503171120934,1.0540540540540537,0.0810810810810823,0.7481781704307942,0.1912336514669497,0.21968874411871187,0.09831613253666498,0.04661721068249257,0.18879415347137565,False
sz.000988,2024-07-12,-0.02834541858932097,stop,0.09153747878612865,0.7212370412301731,5.2541,1.4999767857087773,1.7221748280672333,2.0074164594876587,-0.11036295828850429,1.4093229970638474,2.2073423966198127,0.5927172892298325,0.9551282051282017,-0.04487179487179827,0.6638728948468816,-0.05703640121715969,0.14356409470368425,-0.01150258395957037,0.0292768103157843,0.036566167772209605,False
sz.000988,2024-10-23,0.09349942726231367,tp,0.09702457956015523,1.002993073437364,7.533,1.325255585005678,2.0428393836377627,1.5160703398830135,-0.1080447800052069,1.838383838383842,3.665086520086856,0.7529217606544171,1.2480000000000036,0.4000000000000017,0.7365179344284469,0.2062949024974341,0.15771852134320619,0.16276116616595435,0.037152580828133844,0.3207724917569477,True
sz.000995,2024-09-13,0.10918253079507295,tp,0.05454545454545427,0.47835935896715137,10.0,2.1040462427745683,1.8423736212122066,2.863446293664203,-0.11616650532429806,0.861111111111112,1.6166127355156645,0.6632041142483897,0.7564102564102552,-0.24358974358974486,0.7854156460014426,0.08232445520581111,-0.3268072289156626,-0.05608093150602204,0.053728560775540654,0.10467706013363026,True
sz.000996,2021-04-20,-0.02687673772011114,stop,0.22222222222222276,0.5742879501787708,5.6281,1.2870967741935484,1.4199489367048694,2.314320305817384,-0.05739910313901353,1.946629213483146,1.7527399035939881,0.882901667645161,1.1578947368421049,0.17543859649122737,0.7930388092210492,0.21404854018987596,0.20851756734163063,0.13160411654003695,0.04291548853283068,0.0366492146596856,False
sz.000997,2021-07-22,-0.09211318482841659,stop,0.07104307312829342,0.6589711718323159,6.3185,1.6503830303719116,1.293664967488318,1.849627217990332,-0.07827149633321662,1.0996978851963743,2.1358538879151916,0.630540012412483,0.7738095238095256,0.14285714285714352,0.9185640895336139,0.21487551706419472,0.16805306079743998,0.12727340773649404,0.04579634802571002,0.03256786550802861,False
sz.000997,2023-08-09,-0.05651491365777054,stop,0.12903225806451565,0.7093187987223118,7.9426,2.035242290748902,2.776967326131627,3.609444650874009,-0.05913461538461551,1.2549800796812762,1.5525199638155802,0.39119728028075024,0.7196969696969684,-0.28030303030303166,0.6867726252235834,0.08231881388128848,0.1808324574571989,0.08599901903839319,0.03385416666666661,0.12813370473537525,False
sz.000997,2023-09-01,-0.05897435897435881,stop,0.1890410958904104,0.9814683605838519,9.6433,2.3589232303090775,2.519622613684238,3.3498016318771744,-0.054326923076923106,2.035242290748902,2.776967326131627,0.5024472111141867,0.88757396449704,-0.11242603550296003,0.7609874881732492,0.02688455455983152,0.20770865807368843,0.07945181502388265,0.03348733744010946,0.01217861975642781,False
sz.000998,2020-05-12,-0.0915068493150686,stop,0.182266009852217,0.7953759414271987,9.994,1.935937499999996,2.775145829290296,2.870646701708124,-0.09509658246656782,1.5194697597348805,1.9951837772436878,0.5479539554223826,0.9322033898305087,-0.06779661016949136,0.9032370395445862,-0.014657980456026176,0.39473092278552113,0.1222870105317591,0.051643709825528024,0.12573443008225624,False
sz.000998,2021-09-13,-0.0682819383259912,stop,0.17411402157164857,1.023105513392623,8.7434,1.5815561959654185,1.5045457941758278,1.5992163929148164,-0.06337448559670777,1.4940711462450584,1.5044095968841051,0.6648670021901546,0.7193877551020406,0.0,0.9266565279749086,0.4963839579224194,0.2976054732041049,0.2516211224812454,0.05780609256004687,0.11658456486042706,False
sz.000998,2021-11-12,-0.1090225563909775,stop,0.17647058823529338,0.9086687558927207,10.0131,2.0152135751901685,1.748009989262517,2.089901079963871,0.002777777777777768,1.603464870067373,1.8922814809797754,0.7140426098090691,1.1341463414634154,0.6097560975609777,1.089550218465142,0.1674662014827737,0.538505747126437,0.3508603724075291,0.05320632548873118,0.48252911813643895,False
sz.000999,2022-08-16,0.07319159164796711,tp,0.30448222565687977,0.8524546298566632,6.7107,1.5791603439554824,1.647494336778393,1.8277310431331872,-0.2081632653061226,0.7164855072463778,1.17888633008407,0.3841829470887029,0.7481337059422472,-0.24728147137193573,0.6473746970117517,-0.0574528753366047,0.08877205575976599,-0.02890803833559924,0.04137364185479658,0.019708576419974047,True
sz.001212,2023-06-07,-0.028538812785388116,stop,0.30769230769230504,0.833113347251212,5.0453,1.7637795275590424,1.5106817769181935,1.6111165024544851,-0.3163160595177015,1.3347457627118673,1.0156584776540436,0.6122300829639732,0.7734375000000033,-0.22656249999999664,0.505777884915272,-0.2894878706199461,-0.12045378712045374,-0.10163671838390016,0.03425644916540214,0.0116618075801753,False
sz.001215,2024-03-15,-0.06323232323232332,stop,0.17294900221729473,0.7448626196155108,10.0,2.21978730261038,1.641567838968347,1.8148982846939827,-0.11071364693257002,1.7385140456812795,1.86575169445717,0.40689347470717924,0.9756097560975617,0.1504065040650392,1.0268914218334433,-0.05168201465889877,-0.19713603818615766,-0.0209261037864898,0.04897608666930899,0.39990258158792014,False
sz.001269,2024-12-27,-0.08657718120805376,stop,0.3176043557168777,0.6750597741260175,10.0186,2.3333333333333273,2.6531549139054387,3.775471812155228,-0.11808447352766205,1.1503184713375787,1.0145496957413123,0.6252164820275743,0.7727272727272729,0.04924242424242534,0.8037659715886051,0.11912814731304033,0.0912422132649322,0.09734078486765348,0.04702261025296618,0.07165605095541384,False
sz.001330,2024-05-07,-0.043715846994535554,stop,0.10743801652892554,1.012755830949115,7.4189,1.4510556621881006,4.5246776629569565,5.460369131908363,-0.06711409395973156,1.7687366167023557,2.2564780732499905,0.6522194842827679,1.3703703703703707,0.4629629629629629,0.9130948618581858,0.08433734939759052,-0.0055248618784530246,0.07039322084293474,0.05583333333333332,0.104265402843602,False
sz.001872,2022-05-30,-0.023653088042049877,timeout,0.328030255260429,0.7210232379001773,5.109,1.705004387626889,1.5321320656532225,1.88435008005194,-0.13954821351868885,1.3865814696485699,1.8016890590969241,0.5805987455789224,0.7311064809737959,-0.26889351902620406,0.685424776326387,-0.10874486460370258,0.007680355785903981,-0.0463191503649186,0.02869257862827255,0.3519264939655578,False
sz.001872,2023-06-12,-0.03637350705754618,stop,0.09523809523809551,0.7375041077011453,5.8057,1.9813084112149488,1.7708820926324678,2.0398974626697486,-0.1841023298309733,0.7016706443914109,1.483662330247045,0.6973564335607284,1.3867924528301918,0.5000000000000037,0.864280328113137,0.21386138613861383,0.21788079470198674,0.1276155438031731,0.041924959216965776,0.048016701461378125,False
sz.001914,2019-11-19,-0.0519307589880159,stop,0.1907216494845346,1.008119228906936,9.1787,2.0257234726688096,1.4035418856113442,1.5441915671999087,0.02587380844303211,1.0497322111706207,1.543425204856518,0.6404911649463938,0.7722222222222248,-0.05555555555555625,0.9216875168409827,0.6917293233082704,1.1834231473244432,0.5317666899033197,0.03917037037037039,0.4806201550387592,False
sz.001914,2020-01-15,-0.05898617511520737,stop,0.11747281786430114,0.9977158171763266,10.0207,1.9164394904173074,1.9491389268905361,2.1207652992724593,-0.06908945536105349,0.8915510718789357,1.7301620453662285,0.4070340327566408,1.112994350282486,0.1242937853107342,0.9523503837209113,0.14585864440748897,0.7024703593332788,0.22100506702206582,0.04636112553798563,0.33322570208170155,False
sz.001914,2020-02-19,-0.058270676691729396,stop,0.39130434782608664,0.9827269115848729,10.0,1.9811320754716981,1.838899932011897,1.8666180293642798,0.07525951557093413,1.9164394904173074,1.9491389268905361,0.6729659977923986,1.5125000000000006,0.7291666666666675,1.012801815743823,0.19914565645023297,0.9710401567874569,0.39573297311072314,0.0418389428520162,0.43489361702127666,False
sz.001914,2020-05-18,-0.059696969696969825,stop,0.14344685242518038,0.9279022720114396,10.0034,1.563235852639573,1.5648401021109812,1.5255234692296122,0.08862876254180607,1.5395770392749282,2.99408183440873,0.6154056149728503,0.7482993197278895,-0.06122448979591847,0.9414639536492884,0.24070525105404372,0.45608793401791026,0.4014841493523396,0.047379260632272664,0.3444444444444442,False
sz.001914,2022-05-18,-0.051704545454545565,stop,0.1540041067761809,0.8650073057792769,10.006,1.2502844141069407,1.466536398504205,1.507514813005713,-0.07552870090634434,1.2601626016260183,1.1538843604773983,0.5442439286286557,0.8216560509554118,-0.17197452229299298,0.7242789796192406,0.042651296829971264,0.31755280407865993,0.07842260574085666,0.06651925557398197,0.08841201716738205,False
sz.001965,2022-05-31,-0.037179487179487145,stop,0.18072289156626503,0.8762872868866765,5.9701,2.14981273408239,2.390380305632874,3.264032265676118,-0.07244655581947756,1.5707317073170728,1.4470412307747766,0.3997676229182651,0.731707317073172,0.09756097560975678,1.023024922912301,-0.012578616352201255,0.09179415855354667,0.0076590646527747875,0.029893842887473477,0.0,False
sz.001979,2022-07-29,-0.05588235294117637,stop,0.0612244897959181,0.668792597348294,8.3799,1.8782608695652172,1.7760680612518336,2.029622313284071,-0.17396593673965943,1.311914323962516,1.965706827910032,0.6522524277671631,1.0,0.11111111111111009,0.9475379165854073,-0.06802721088435393,0.009579955784819294,-0.004794421037338482,0.040413625304136246,0.056034482758620094,False
sz.002001,2020-11-10,0.0596421471172962,tp,0.10648148148148151,0.9425392374141397,5.7443,1.7349397590361433,1.8862177312210344,2.3484988712966994,-0.15363050182225957,1.0476190476190446,2.0509543254642786,0.5118329377111577,0.7569444444444404,0.04166666666666352,0.8916993609047804,-0.024193548387096864,0.18852791291503435,0.032679504163684904,0.026865013774104694,0.02714440825189983,True
sz.002002,2021-01-19,-0.055555555555555663,stop,0.38464630801126193,0.6998578646194064,10.0358,2.4907871412754257,2.2696694716326955,3.0304110269756657,-0.31778405506840113,1.1442307692307725,2.6232533830676816,0.7934721521974823,0.7931034482758623,0.06896551724137873,0.8051877995934209,-0.17380439353813149,-0.18470407172364423,-0.17356455544411534,0.0463864838392176,0.06252118317089267,False
sz.002002,2021-12-30,-0.04754098360655738,stop,0.04918032786885291,0.8943438306462211,6.1962,1.608695652173915,1.584575522600647,1.7348336731210214,-0.0389408099688473,1.5975975975975951,1.7043790211587344,0.5336185139989847,0.702702702702702,-0.16216216216216106,0.7534659149521443,0.09498207885304666,0.5666666666666669,0.11338891166689448,0.03955264593562463,0.03636363636363641,False
sz.002003,2021-08-17,0.07668711656441701,tp,0.2702702702702719,0.5694679836413504,6.0686,1.7721518987341738,1.3952088531176516,2.058548537288923,0.02420382165605095,0.9201877934272318,4.303567456319491,0.42558647635429186,0.860000000000001,-0.09999999999999687,0.889269758582923,0.11691035639561442,0.285211916948378,0.18002572328450026,0.03454317897371716,0.46031746031746157,True
sz.002004,2020-12-17,-0.03150912106136009,stop,0.3333333333333345,1.0170749218486426,6.3158,2.2427184466019323,3.0265158934302336,4.065378862417655,0.03767123287671237,1.3674418604651173,3.90564891445632,0.620670303993602,1.0,0.0,0.9443402591976643,0.13909774436090205,0.16091954022988508,0.105654467774551,0.027117711771177107,0.3103448275862071,False
sz.002007,2019-10-15,-0.03553854565336247,stop,0.20607375271149445,0.8599736923524954,6.7627,1.8660477453580926,1.633595028129449,1.9060485286194935,0.019943820224719078,1.4463276836158163,1.5646835189073678,0.5904632326677314,0.9950248756218899,-0.00497512437811011,0.9443957851011155,0.1451104100946372,0.2696223343134103,0.18375979989749916,0.03048668503213958,0.3906420021762779,False
sz.002007,2022-10-19,-0.03656678517013716,stop,0.1289398280802293,1.0135516976201753,5.9556,1.421236872812136,2.5407916909869153,2.7795247459681525,-0.12633928571428565,1.9748110831234367,1.6596795006173495,0.7221134905535581,1.2068965517241372,0.20689655172413718,0.9106641928737105,-0.08733826247689469,0.12692760211543108,0.01247064452838294,0.0305316455696202,0.016172506738544232,False
sz.002008,2020-05-11,-0.03431952662721884,stop,0.13289760348583823,0.8750558352779577,6.0726,1.7500000000000027,2.288734379358146,2.866954575927309,-0.28370849119679076,1.3521545319465063,1.938042670877148,0.6933705668598057,1.2324324324324334,0.6702702702702719,1.040024435528347,-0.16130653266331652,-0.10318439321598971,-0.07674892888854405,0.03410225684042339,0.20308483290488424,False
sz.002008,2021-01-05,0.07723485701418596,tp,0.052287581699346455,0.9757097650362853,10.0052,2.6552706552706495,2.9119358635001635,3.377725157037252,-0.05410199556541029,1.9408766564729818,2.164204473385666,0.6818908901394829,1.0193133047210303,0.3626609442060108,1.0311640252128813,0.25958534507242303,0.0984865456923909,0.14841998098983367,0.036692972566704306,0.20930232558139567,True
sz.002008,2021-12-07,0.06353650656902834,tp,0.27516778523489943,0.7738167269706022,5.5881,1.4756587762393867,2.1263179582549507,2.293812643085862,-0.000639795265515275,1.454712643678162,1.4822913850704806,0.5250289766000137,0.7161016949152526,-0.28389830508474745,0.7528831080263124,0.06208323752586775,0.20255141890132755,0.13587786259541984,0.03362921267229558,0.1384796700058927,True
sz.002008,2023-06-14,0.032613045218087375,tp,0.24104227629680774,0.9096840515914496,5.6794,2.168551339040668,2.008552949631716,2.2015326130294173,-0.22422329201198266,1.28121235082668,1.3611294318986296,0.46904914231201983,0.764705882352941,-0.1323529411764705,0.7521714382058661,-0.09279902165956833,-0.07135852586422586,-0.0828148324811988,0.023592557708699585,0.1596215773926145,True
sz.002010,2020-08-20,-0.02295081967213117,timeout,0.0555555555555548,0.7355158934514723,6.9444,2.5876777251184873,2.3967079429722373,2.9695656161652844,-0.003236245954692518,1.0332103321033261,1.2508382908253908,0.6403343043309937,0.7692307692307704,-0.23076923076922962,0.8522945952353584,0.07864079015155223,-0.0733715550871974,0.02455882805168874,0.028171334431630966,0.09219858156028385,False
sz.002011,2021-08-27,0.1038732394366197,tp,0.015873015873015515,0.8013736234981949,9.7756,1.8561797752808988,3.043047445753854,2.73238474128496,0.005873715124816492,1.7701149425287332,2.7016930715288607,0.5290086250674734,0.9830508474576275,0.22033898305084884,0.9250499665786628,0.5685393258426967,0.7670886075949368,0.38320535050780274,0.03896848137535818,0.5290322580645168,True
sz.002015,2020-03-11,-0.04295302013422799,stop,0.12676056338028122,0.7405132770338204,8.209,1.7387580299785872,1.5648883603407546,1.5721756849746258,0.029829545454545636,1.0926829268292695,1.8014841418287992,0.7181598306964866,1.3103448275862057,0.3793103448275838,0.9728067559580619,0.35072045497687143,0.36304454671936104,0.27084095573744843,0.05296742525658191,0.4498141263940519,False
sz.002015,2020-10-14,-0.02702702702702688,stop,0.38028169014084423,0.6744954496264642,5.3131,1.3592233009708747,1.5434926760044545,1.977021620524617,-0.16666666666666663,1.5433070866141767,1.019387449651528,0.5751130471271891,0.9500000000000045,-0.049999999999995506,0.5090108738237381,-0.07202680067001666,-0.10645161290322569,-0.0362563604470794,0.028760529482551117,0.2045454545454535,False
sz.002015,2020-11-19,-0.05115511551155106,stop,0.0,0.792391618439953,7.1804,2.007352941176474,2.528306406902294,2.7882901592959817,-0.08108108108108092,1.5555555555555602,3.304540517598264,0.5290175484764142,0.8205128205128192,-0.15384615384615738,0.7957926302696515,-0.0531250000000002,0.09189189189189162,0.060305610638049484,0.029262926292629228,0.2970297029702979,False
sz.002015,2020-12-24,0.0507246376811594,tp,0.373493975903614,0.9935088329548861,7.3043,2.5058365758754904,2.984027045564187,3.5024801913543433,-0.01751592356687892,1.063291139240503,1.7444548460515965,0.717505802840112,0.7826086956521726,0.1739130434782599,0.8752841678350672,0.13019891500904146,0.19502868068833634,0.07853147154833992,0.029333333333333336,0.1279069767441864,True
sz.002023,2020-08-19,-0.04345238095238098,stop,0.046610169491525154,0.9256048162192664,9.9379,1.6384180790960474,2.5346752412227804,2.67631258526014,-0.0871583290355854,1.1529411764705881,1.2467158258684505,0.6555410550700503,0.7793103448275845,-0.2206896551724154,0.7116117971075612,0.2620582064845034,-0.1706474643101834,0.09633017837263105,0.05454545454545454,0.04525862068965492,False
sz.002025,2021-05-28,0.03860000000000008,tp,0.2594594594594593,0.8574602269833331,5.4983,1.334569732937686,1.4257079309504135,1.6135150599457042,-0.13900087642418923,1.796637966379664,1.5975355664376023,0.5436613046677337,1.1245136186770412,0.2217898832684799,0.9212233736692662,-0.10371572871572876,-0.047047258871440345,-0.044895045614118445,0.034111491245723505,0.35829433177327047,True
sz.002025,2023-11-16,-0.041604197901049494,stop,0.19622641509433889,0.8916317265059709,5.6834,2.0645783132530107,2.4853159941085496,2.768864355908818,-0.14153354632587867,0.9384404924760618,1.5096834205298504,0.4245452307397688,0.875816993464054,-0.12418300653594608,0.8072473868317573,-0.059569968276348306,-0.17862113379782496,-0.07550064513467335,0.03072838580709645,0.19290465631929077,False
sz.002026,2021-08-12,-0.05287817938420347,stop,0.15183246073298443,0.9601101412540902,9.9777,1.568965517241378,2.318012785325835,2.821808328729909,-0.005387205387205496,0.9720468890892696,2.3890952638293537,0.6464025597615077,1.153846153846154,0.23931623931624005,0.8939847166110528,0.24471103538944483,0.7719340293758723,0.23638312349290325,0.050830564784053185,0.1301115241635687,False
sz.002027,2020-12-04,-0.08624031007751948,stop,0.09774436090225465,0.7809016442824406,5.567,1.2816901408450703,1.2830330102528327,1.5534754895261684,-0.0038910505836575737,0.8923512747875352,1.3730794363195715,0.5926017241173398,1.0769230769230769,0.07692307692307693,0.9164078441542721,0.40437158469945356,0.9188901615274707,0.36641611390183154,0.042898832684824896,0.046979865771812186,False
sz.002028,2019-10-31,0.08319805194805194,tp,0.3391304347826086,0.8137052218135322,7.4534,2.15384615384615,2.806417901396871,3.3507859610917397,-0.03429027113237648,1.1893805309734555,1.3399716100568975,0.6709455232588365,1.1707317073170735,0.341463414634147,0.9989621930991353,0.16997167138810187,0.166400111071352,0.16803289045571151,0.03136938391175681,0.41025641025640963,True
sz.002028,2020-05-14,-0.059730250481695564,stop,0.1608695652173916,0.8976169451401371,6.5871,1.2811127379209357,1.7743001577947775,2.0998577232061186,-0.0858540925266903,1.1992212848799482,1.4818315349708409,0.6887188918001828,1.0079999999999973,0.00799999999999738,0.7765275606823309,0.4727793696275071,0.5623338824566695,0.2678816766187544,0.05064850843060962,0.2569778633301252,False
sz.002028,2021-10-28,-0.05547584887613573,stop,0.08301404853129114,0.8279827040932356,9.9949,1.8606557377049162,1.870580414444989,2.2947776639422575,-0.03550561797752816,1.2140624999999987,1.380114128577009,0.608077841488186,0.7621145374449356,-0.2378854625550644,0.7994691151451646,0.5741158765989471,0.312794470412868,0.3165897902876352,0.060428616953473575,0.003452243958572785,False
sz.002033,2022-03-31,0.04738330975954742,tp,0.033333333333333465,0.8762561415788588,7.2948,1.524193548387096,3.0923357734160293,2.862311504115669,-0.07832898172323766,1.5046728971962633,2.3625909257446267,0.48102801044713683,0.9074074074074076,0.0,0.8598947253385691,0.1405492730210014,0.22569444444444464,0.14054927302100167,0.04329556185080266,0.11884057971014528,True
sz.002035,2021-09-06,-0.03660130718954261,stop,0.1785714285714267,0.852358139877715,6.0858,1.9555555555555506,2.45049211761515,3.1377609141378504,0.0013054830287206887,1.0558659217877133,1.9351316533909353,0.5191197265936603,0.8409090909090895,-0.04545454545454419,0.9479278249372894,0.08790423626140376,0.04427171341669478,0.05940299144597693,0.03154684095860567,0.2024539877300609,False
sz.002035,2024-11-12,-0.04534606205250611,stop,0.102941176470588,0.9251669162013668,5.8228,1.3632958801498094,1.4406640729180082,1.5056520019732238,-0.04891922639362911,0.9384057971014517,1.3868514663153173,0.6953608970078812,0.8269230769230782,0.038461538461541815,0.850653785535499,0.28134556574923564,0.07037287033175899,0.2196448432111048,0.050119331742243436,0.3443708609271522,False
sz.002036,2019-10-17,-0.05025445292620859,stop,0.06553911205073959,0.7059011221543948,9.9727,1.3347670250896102,1.2465972746555802,1.6354856737506362,0.010037641154328814,1.5607580824972138,2.507837551450697,0.7315744189473076,0.7593984962406017,-0.21052631578947434,0.8449301944312204,0.5404089581304774,0.396302110786402,0.45785649685013236,0.06009270965023177,0.20361990950226277,False
sz.002036,2019-12-03,0.08916204986149556,tp,0.353591160220996,0.9818680022454549,9.2969,1.2345890410958864,2.681692800481193,2.7743245236116323,-0.1521212121212122,1.1425762045231067,1.7953315848006777,0.560394003126284,1.058252427184468,0.6310679611650518,0.7048088567617977,0.2741514360313315,0.8637795009608455,0.1909690489331854,0.05095628415300549,0.0826666666666668,True
sz.002036,2021-11-24,-0.06736842105263163,stop,0.10059171597633204,0.8217744907060109,10.0094,1.6604156107450585,1.5144246122351679,1.6110816783408397,0.023053501522400932,1.3572267920094017,2.2853554650955434,0.7130418015383557,1.1025641025641038,0.1025641025641037,0.9189602145138884,0.38139534883720927,0.961835270109828,0.4048684323270846,0.052721661054994394,0.40343027591349695,False
sz.002040,2022-05-30,0.04332386363636377,tp,0.1904761904761898,0.8872226843436423,8.2426,2.043243243243246,2.164364574644504,2.268429995937606,-0.15840386940749696,1.2574850299401246,1.3199341471614345,0.6765010809446478,0.9814814814814825,0.07407407407407357,0.916698677670975,0.05580693815987936,0.19047619047619047,0.09656279780165272,0.04557142857142857,0.3529411764705881,True
sz.002042,2019-08-22,-0.02757619738751806,stop,0.06896551724137866,0.4934564698484975,6.0,1.4893617021276562,2.175455534667838,3.66571525233257,-0.0898282694848086,1.4736842105263173,2.3908427832213666,0.439939579319164,0.833333333333335,-0.166666666666665,0.8354737357426125,-0.03145098786871514,0.10435480581995504,-0.005788224606906082,0.03031189083820662,0.02189781021897839,False
sz.002042,2020-06-08,0.05215231788079465,tp,0.12311253765171545,0.8352727491072307,8.9445,2.1549926175815517,2.2489874162619024,2.874637500090336,-0.10657713847827932,2.2047244094488208,2.170243132959921,0.45735363330440576,0.9183673469387746,-0.08163265306122539,0.8822177032020388,-0.07113266132934226,-0.11996890248332559,-0.020970869154564767,0.036949573092054974,0.26421541147406674,True
sz.002043,2021-02-10,0.043684710351377144,tp,0.22580645161290333,0.6476777157975716,8.046,1.5046728971962589,2.0251557172180763,3.208304908366277,-0.005769230769230971,1.1245541751791928,2.251291915022544,0.5479599386236245,0.8985507246376815,0.10144927536232187,0.936885729134676,0.0721202447996796,-0.25534423626574465,0.04003500290007057,0.04783760037363139,0.22469135802469148,True
sz.002044,2019-08-23,-0.043894652833200286,stop,0.0561797752808984,0.8689978507478621,5.0085,1.2239263803680958,2.050843544433019,2.5380904094781167,0.017269736842105088,1.0244141721402198,1.3457755138771723,0.5117558681073169,1.1578947368421082,0.7543859649122845,1.0790119701393628,0.14917700780640253,-0.10352160124003162,0.02820217791465425,0.03635416666666665,0.28402366863905365,False
sz.002045,2020-01-21,-0.06836363636363635,stop,0.35663662352896713,0.8334833883556806,7.338,1.6266314927547028,1.8559112030606635,2.1605414702889796,-0.06456051951075514,1.060804490177741,0.9828989980770692,0.570515343507493,0.8989898989898993,-0.1010101010101007,0.8149946452120311,0.47737590678921227,1.4203818047397734,0.4379732971985086,0.049474930248754344,0.14501708275078917,False
sz.002045,2023-03-06,-0.04861538461538459,stop,0.20958083832335342,0.6537099400881129,8.867,2.2882882882882893,2.9183639624986935,4.103837662570087,0.02044854881266489,0.926713947990545,1.6447617487027866,0.548686422396275,1.2204724409448826,0.5354330708661391,1.076607284278541,0.27667984189723294,0.28378378378378355,0.22802015017583857,0.03746130030959752,0.3368983957219251,False
sz.002045,2024-07-12,-0.045420699925539716,stop,0.030120481927710857,0.8907870491180625,10.0329,1.6047382520378215,2.739101098931938,2.506874574324635,-0.04768683274021357,2.3968871595330676,4.281786800041529,0.6114392225246182,1.0431034482758605,0.0431034482758605,0.7485831928733828,0.055817610062892875,-0.07506887052341604,0.04702351464584952,0.042541649207345746,0.18367346938775508,False
sz.002049,2020-12-28,0.07986966542160037,tp,0.33892321270962145,1.0056000199719788,6.8247,1.4798843018669423,1.7281943491660534,1.6745013912551132,-0.0349278663629462,1.1342820910243727,1.4195718261107635,0.6647495081894845,1.0087064676616941,0.008706467661694164,0.871352523363194,0.10390625000000009,0.3141367807557256,0.07372093944302913,0.040413095331708226,0.5103132161955697,True
sz.002049,2021-12-03,-0.055749890686488744,stop,0.08877284595300307,0.8437695147979327,10.0,2.1517850570482158,2.3233428638690166,2.5793143331055526,-0.05100698725852859,1.41837439557909,1.616801395019868,0.5945673427626851,0.840517241379312,-0.02825670498084126,0.8594471226173059,0.029043789097408457,0.674056843788617,0.19027160985139713,0.041101461861340255,0.14519906323185058,False
sz.002050,2019-12-18,0.10167445103189848,tp,0.2535211267605606,0.6335990149438926,10.0273,2.3931623931623904,2.9394230671293253,5.0641600707853565,-0.0024737167594314213,1.053763440860218,2.389297857359836,0.7464851046664136,0.9750000000000032,0.40833333333333544,1.0796595957587132,0.2366071428571428,0.5219780219780219,0.3062871290371174,0.034636983553951034,0.3095684803001878,True
sz.002050,2020-06-24,0.09850543478260915,tp,0.3426573426573432,0.9030393174900438,10.0208,2.0756350277989744,2.31413999511239,2.306057067360163,0.052135054617676424,0.86201729016005,2.039666029554148,0.6577055728584162,1.3965517241379253,0.3965517241379253,0.9366485611433812,0.7601500454552412,0.6765183440773317,0.3693982055574559,0.03828259126642446,0.5743644650477217,True
sz.002050,2023-02-10,-0.04736275565123797,stop,0.09853249475890925,0.606572826917717,10.004,2.3418553688823978,1.6582561791633588,2.450834603076191,0.03320754716981145,0.9831748354060029,2.1761560416830683,0.8833213946310269,0.768558951965066,0.2532751091703063,0.94696301959891,0.22577816747040802,-0.10443433848134598,0.14415418154259296,0.034775870290891756,0.5620915032679735,False
sz.002050,2023-09-01,-0.04856661045531195,stop,0.11330049261083716,1.030611254646211,6.8868,1.8492159227985527,2.453935045081609,2.8061084609632463,-0.08757575757575764,0.9520865533230293,1.2178633943757768,0.549618440811987,0.8127853881278535,-0.1506849315068476,0.876423682285626,0.21859638647297452,0.2552765452631309,0.1372435271044337,0.03579583613163195,0.12616822429906574,False
sz.002053,2023-05-04,-0.03333333333333322,stop,0.01923076923077003,0.991153343932832,5.8546,2.3046683046683127,2.726785183198946,2.785821955774501,-0.18353969410050974,1.3084112149532736,1.6184568525683716,0.6174562347319037,0.7611940298507464,-0.08955223880597049,0.8499952883016683,-0.0993537964458805,0.019195612431444298,-0.03756240019565237,0.025949177877429005,0.22602739726027463,False
sz.002053,2024-12-23,-0.03297609233305856,stop,0.07317073170731701,0.845409466678392,5.2768,1.8013544018058698,1.9379174812937594,1.866105307217932,-0.10777126099706758,1.4593639575971764,2.196016955765568,0.6088279938477908,0.8596491228070158,-0.14035087719298428,0.8016813857671355,0.2212121212121212,0.0008278145695361783,0.06017757316672126,0.027377998345740295,0.26349206349206294,False
sz.002055,2021-11-10,0.1308453237410073,tp,0.13966480446927382,0.7841902524758477,10.0202,2.2617124394184147,3.90736162415826,4.324117918143552,-0.04732690622261193,2.4162436548223356,3.423040768838772,0.758309288023518,0.990000000000002,0.24000000000000063,0.9973953020303861,0.009082652134423164,0.08602150537634379,0.02482108677771708,0.034983498349834954,0.13271028037383142,True
sz.002056,2020-05-11,-0.04541044663176922,stop,0.06730769230769264,0.7466814198535708,5.4475,1.610429447852762,1.6358438387080976,1.8514580994126149,-0.2938110749185666,1.0588235294117627,1.2350264842342957,0.7338587757662928,0.759999999999999,-0.05333333333333355,0.8343364997919176,0.12149532710280342,0.5652717328409049,0.1052449085532242,0.045956790123456805,0.01006036217303806,False
sz.002056,2021-10-28,0.05555555555555554,tp,0.12592592592592522,0.7560911360826204,5.7034,1.8045738045738036,1.6472863008515561,2.255710277803627,-0.17605216360403086,1.2727272727272707,0.882260755288832,0.7012039383568507,0.9193548387096758,0.08064516129032093,0.9245431349702555,-0.0035714285714286698,0.03836498872030858,-0.004792447498241854,0.034050179211469564,0.14153132250580058,True
sz.002056,2023-01-11,-0.026268115942028925,timeout,0.37619047619047813,1.0308531452591545,8.8706,2.319845857418108,3.5831098636370893,3.6090798466838834,-0.00938526513374005,2.104347826086952,1.5695839535400993,0.5562577722084083,1.5174418604651176,0.5174418604651176,0.9928031846122344,0.09072880515617232,-0.11540008041817451,0.06956204675282582,0.031075757575757597,0.4059880239520972,False
sz.002059,2022-12-02,0.07074829931972784,tp,0.23076923076923006,0.5904360735478964,10.0629,2.279816513761468,2.580551821220168,3.518105362089938,-0.03978052126200271,1.6637681159420303,2.6417634089575435,0.75991422128944,1.098591549295775,0.2957746478873239,0.9498000604454652,0.05563689604685207,0.07451564828613999,0.06401033019738053,0.04253351826167361,0.17910447761193996,True
sz.002064,2019-10-14,-0.054744525547445334,stop,0.0843373493975903,1.0040046004727903,7.7519,2.467213114754097,2.0609346525554106,2.4879381652320083,-0.03928701345943986,2.4950495049504946,2.4767979768407384,0.50473634489954,0.7906976744186052,-0.2093023255813948,0.7949984408857741,0.0892756681997775,-0.08926454893892788,0.05781035131192126,0.02845825716026813,0.21739130434782594,False
sz.002064,2019-12-09,-0.032467532467532194,stop,0.0750000000000007,0.6723947435158466,5.4007,1.6756756756756672,1.7524016147307075,2.3187160512005307,0.02195945945945943,0.9596774193548382,2.432435683503882,0.5929794594554426,1.1612903225806492,0.22580645161290702,0.9625343315587624,0.20710059171597628,0.23584479788926527,0.15566907173861644,0.027342047930283254,0.3456790123456791,False
sz.002064,2020-08-03,0.12137681159420308,tp,0.32926829268292596,0.9685842809946743,9.9518,1.9065040650406542,1.8614653817762938,1.5574357624132922,0.07874015748031482,1.9245283018867914,3.480764505238715,0.6459070848531944,0.8805970149253723,-0.0298507462686573,0.9390777882661943,0.3359728528992354,0.060556910916931495,0.23699166217672613,0.03748169838945827,0.4106583072100305,True
sz.002064,2020-09-04,-0.050541516245487354,stop,0.14720812182741067,0.8931071717555641,8.5678,1.5685618729097015,1.4169838843431444,1.7656893652173975,0.053349875930521096,1.0467289719626178,1.5984513478220015,0.5817209596423223,0.7164179104477617,-0.28358208955223835,0.8765003314308799,0.5572232645403379,0.45946213272987224,0.4330341179078352,0.052208835341365466,0.16494845360824703,False
sz.002064,2020-10-20,-0.10924369747899162,stop,0.11904761904761936,0.954184796675877,6.8211,1.4088050314465457,2.1339308659090963,2.398777863924591,-0.06531531531531531,1.075199999999999,1.5506679773146825,0.5381779059682675,1.0,0.0,0.8444957681776513,0.3474025974025974,0.6110216618979742,0.29505159801826736,0.04678714859437751,0.19653179190751519,False
sz.002065,2019-12-10,0.04816955684007697,tp,0.21546961325966837,0.7564032021079078,9.8913,1.6824034334763993,2.08719140614843,2.538679160980569,0.05312499999999987,1.6174242424242389,2.016780931097964,0.5470264733530673,0.9047619047619047,0.3928571428571441,1.0468799582319797,0.3791281373844122,0.5357791051634024,0.4181310231541512,0.041666666666666644,0.49350649350649345,True
sz.002067,2021-12-06,-0.007499999999999886,timeout,0.09090909090909202,0.8801363075339879,5.2219,2.085106382978723,2.7019088217831464,3.366514657164421,-0.15336134453781503,1.2727272727272672,2.1640656769177427,0.5250401396650198,0.7142857142857149,-0.2857142857142851,0.7600780351175207,0.03385416666666674,-0.009975062344139585,0.04022009694746497,0.026448362720403032,0.20833333333333365,False
sz.002067,2024-05-06,0.08614864864864878,tp,0.32432432432432423,0.5048821265335262,5.8182,1.341317365269462,1.5674770585694067,2.1502482576538973,-0.10461538461538467,1.0926829268292697,2.0237895277498956,0.6306786143848695,1.0,0.4374999999999977,0.6861930964810261,-0.0687500000000002,-0.1286549707602339,-0.04484628328748111,0.04172259507829975,0.11290322580645189,True
sz.002068,2020-09-23,0.08894230769230782,tp,0.2477064220183494,0.8719996377689405,7.9002,1.5058139534883739,2.7059339962538984,3.1375066843069845,-0.11734693877551006,1.8566308243727534,1.4507462968342368,0.607274740567281,1.054054054054051,0.054054054054050955,0.8198767330725844,0.21728971962616805,0.4352617079889807,0.14926470588235288,0.04350607805502241,0.2020725388601035,True
sz.002068,2021-01-08,-0.038348082595870206,stop,0.11111111111111005,1.0323004903782556,7.074,1.4066985645932988,2.01147535158897,2.134862026510641,-0.14064516129032267,1.1636363636363583,1.4141661760055961,0.7639497177238987,1.2131650512516563,0.26078077838763836,0.972355749087247,0.2536162827634829,0.5281101415175637,0.2041690553993897,0.04663032961207288,0.2119047285800785,False
sz.002073,2021-08-26,0.07699275362318836,tp,0.014925373134327324,0.8717536899429292,6.2257,1.9249999999999992,1.7932034203847829,1.8180087737620034,0.0055248618784529135,1.7499999999999951,2.0790017669535,0.61974248809054,1.181818181818183,0.1818181818181831,0.8802720831922676,0.14760914760914767,0.2432432432432432,0.1593391206944833,0.02783816425120774,0.5220125786163524,True
sz.002073,2022-04-06,-0.04669887278582925,stop,0.3333333333333333,0.8562788564449569,5.5184,1.3999999999999968,1.5184632505160263,1.7078189148776706,-0.22194821208384719,1.5812672176308558,1.3258891891073064,0.5298888805053505,0.8125000000000043,-0.18749999999999564,0.6563697198121028,-0.20685279187817252,0.14889705882352922,-0.15824915824915817,0.03509333333333333,0.10576923076923045,False
sz.002073,2022-10-17,-0.04185351270553056,stop,0.2262773722627732,0.8070798450526624,5.3068,1.3802816901408448,1.3103228048183198,1.527264675169081,-0.2960088691796009,1.4615384615384603,1.4484034453534402,0.9453949395858178,0.9714285714285709,0.9142857142857125,0.7801482253866918,-0.0761772853185596,0.2514071294559097,0.008644806815031264,0.042878560719640205,0.1362126245847178,False
sz.002073,2023-09-01,-0.04634831460674151,stop,0.118881118881119,0.9249162507576193,10.0464,2.4871060171919783,4.270986713803677,5.158771605973779,-0.004195804195804231,1.743772241992884,1.8413665989968502,0.44570125255604454,0.9516129032258063,-0.016129032258063582,0.8941133526318364,0.19489749430523928,0.02860616439475394,0.08508450293075878,0.030145335208626337,0.04313725490196043,False
sz.002074,2020-01-16,0.1882352941176471,tp,0.3854118800132648,1.0124252052687612,8.8501,1.8538464914956259,1.6564194405877732,1.8273839991855045,0.06041535556954081,1.9545454545454537,2.8321331883998884,0.6762272467373499,0.8159999999999984,0.18399999999999586,0.959842553320372,0.35561569555358385,0.35014980514897664,0.3141845545114999,0.03245435734921195,0.5292858029504177,True
sz.002074,2022-10-17,-0.04628247237981484,stop,0.2209737827715356,0.9190225933266111,8.046,1.6539792387543275,1.8266180500704305,1.9955151719757347,-0.28637705609447495,1.4382133995037254,1.1604051065671568,0.7359755367127809,0.7280334728033448,-0.2719665271966551,0.6406227051562554,-0.2765911072362687,0.1537851081255015,-0.11289989709183712,0.04253289143316259,0.08056872037914757,False
sz.002074,2023-06-20,-0.034719710669077676,stop,0.3453453453453459,1.019447359310132,6.6771,2.173828124999997,3.001686335886627,3.0472837262197117,-0.10451697988789965,1.3266443701226278,1.3339869635156494,0.6160880027729556,1.3396226415094328,0.3899371069182384,0.8060371638929367,-0.0659045057162071,-0.08828355759763695,-0.04522411570958032,0.02736981041516679,0.041168658698539355,False
sz.002074,2024-03-14,0.039395441030723656,tp,0.036303630363035924,0.7501646047136893,7.0796,1.5991692627206688,2.337973446704724,2.6502088305700484,-0.10759219088937089,1.6690751445086693,1.4640978477886035,0.6172252345886959,0.790909090909091,-0.20909090909090902,0.8328291975797529,-0.0808856755535472,-0.15671641791044777,-0.048116746874244366,0.03869223205506389,0.32321699544764837,True
sz.002075,2024-05-21,-0.05194805194805193,stop,0.28735632183908005,0.8331804405780757,7.243,1.67078189300412,3.9307700838498842,4.327147610579964,-0.04175365344467641,1.5230125523012483,1.9184648390417136,0.46132674969537596,1.1724137931034453,0.17241379310344535,0.9188089574223562,0.3850746268656713,0.12895377128953744,0.18806810907694274,0.039511494252873605,0.33333333333333226,False
sz.002075,2024-12-10,0.10083449235048683,tp,0.07692307692307668,0.8912009706091593,8.2718,1.3224755700325743,1.3048008886761158,1.6124702073948476,-0.131516587677725,1.3085787451984645,1.3287897394175112,0.6290368725311022,0.827586206896553,-0.172413793103447,0.6619829559073579,0.4684086631551865,0.7583267532374884,0.36714047123752336,0.06569847856154906,0.1961722488038275,True
sz.002078,2019-10-25,0.03446191051995153,tp,0.14838709677419326,0.8567197386306568,6.1039,1.3284671532846686,1.5295494177407827,1.9508187455006845,-0.05549132947976887,1.382278481012655,1.5300355403533075,0.6230549524300526,1.1025641025641075,0.2564102564102586,0.9173358245074976,0.15020862308762162,0.19934408472740417,0.1570779897359429,0.03422007255139058,0.013698630136986236,True
sz.002079,2020-11-25,0.07709854014598531,tp,0.08196721311475322,0.8140334760766694,6.5153,1.8647540983606556,2.7583599060557105,2.786453883208807,-0.09631490787269692,1.613043478260879,2.612054547018173,0.7915980173675851,0.7230769230769243,0.23076923076923206,0.9907053723656779,-0.07834877843302446,0.09043181610886974,-0.04371499246004407,0.03025594149908588,0.18733509234828527,True
sz.002080,2021-06-28,0.05229283990345946,tp,0.18181818181818288,1.0335171524615547,9.4998,1.8465679676985216,2.5648964504655143,2.8558607708015553,-0.037433008834609205,1.4204458109146803,1.667216354561236,0.6310741864762207,1.2908163265306127,0.5357142857142856,0.9841123618883044,0.07285551182193317,0.08607307018177579,0.08187140825882061,0.03720400545678669,0.35264735264735303,True
sz.002082,2024-08-05,0.027334851936218808,tp,0.07142857142857177,0.7885974666862382,5.3659,1.3434343434343465,1.680964917448672,1.7059918426509864,-0.17799185888738123,1.0134437283419937,2.0799364569919834,0.7896490110510199,1.0526315789473673,0.05263157894736719,0.8459808003980694,-0.14745895245895246,-0.12203526316846403,-0.04802649123828916,0.03413232420476472,0.17507243170083997,True
sz.002085,2020-09-24,-0.05263157894736857,stop,0.32135543645912157,0.5622448704103754,7.578,1.6953485372141526,3.1645219366292787,4.183032320277841,-0.09072186043646502,1.614789709556136,1.8574705825199473,0.41646059834426563,0.7755102040816303,-0.22448979591836965,0.7465852616204077,0.08839353445485831,0.10815256987612676,0.07032409837895905,0.03296857527913772,0.09751774070785793,False
sz.002085,2023-05-31,0.04892039476004109,tp,0.21212121212121254,0.5493337532459045,6.5898,1.9999999999999996,1.7956391589912954,2.570190684135585,-0.04431314623338256,2.845901639344266,2.5615992023071827,0.6757323296127838,1.0697674418604644,0.06976744186046437,0.9574327754721981,-0.006116207951070374,0.007751937984496138,0.03344109385765003,0.039435897435897434,0.2265193370165741,True
sz.002085,2023-06-15,-0.027536231884057977,stop,0.07236697590727315,0.7755357883852,5.6872,1.5105035735965002,2.059926331716768,2.187896889536995,0.023581302070083465,1.9999999999999996,1.7956391589912954,0.6000814079318268,1.2941176470588225,0.558823529411765,0.953231463424946,0.18267458157180916,0.10072547670699095,0.10725826885549258,0.03023571776578244,0.5463372280664875,False
sz.002085,2024-12-30,-0.15295256534365934,stop,0.10389610389610408,0.8771961093393501,7.9651,1.7252124645892406,2.9077672472500486,3.5008309269618705,-0.1659388646288208,0.9373913043478321,1.3569296961306931,0.614716885376487,0.8333333333333296,-0.08620689655172581,0.8938962252991655,0.37871777924652994,0.6634768740031898,0.3121147314127563,0.04999999999999996,0.07676969092721875,False
sz.002088,2024-02-19,-0.042944785276073774,stop,0.15753424657534298,1.0434907036536374,7.0661,1.2578616352201253,1.5110511901361003,1.6262881561585738,-0.13790970933828095,1.8260869565217406,2.5760997215274704,0.8010847242174632,1.5500000000000045,0.7300000000000039,0.8362859577359791,-0.04054937867887498,-0.20487804878048776,-0.02538408304498267,0.04235401045216992,0.08841463414634156,False
sz.002088,2024-05-09,-0.01665510062456625,timeout,0.2976190476190468,0.8135586696102682,8.0755,1.51937984496124,1.7327228813375952,2.095165934646539,-0.09652996845425865,1.3843700159489674,7.156101712898292,0.2819850784866238,0.88095238095238,0.10714285714285551,0.797003357430262,0.07617625093353242,-0.07032258064516139,-0.0018413867547148071,0.037196391394864685,0.1467473524962177,False
sz.002091,2021-07-05,0.10182207931404076,tp,0.08791208791208692,0.6680482493236982,7.565,1.6294027565084233,1.2789467383592932,1.9401538365027307,-0.10256410256410275,2.2140434501584823,5.856745727724525,0.604858312477564,0.7236842105263165,0.144736842105265,0.8324219125133914,0.44707782750311176,0.21501503871823768,0.3341565099670803,0.053183713761706636,0.020224719101123657,True
sz.002094,2021-06-03,-0.04377880184331786,stop,0.16216216216216156,0.43533006154626136,10.0251,1.9136690647482004,2.8372483764284393,5.129301905129844,0.04275534441805218,1.2014925373134357,2.958860094670145,0.510752766281566,0.7368421052631587,-0.26315789473684126,0.9077560206394386,0.38834951456310685,0.05395469935011832,0.27187011108043074,0.047785547785547784,0.3111111111111112,False
sz.002095,2019-08-22,-0.04759704251386318,stop,0.2547770700636949,1.0192468560805865,5.8238,1.4893617021276622,2.3217848511292023,2.3099094444518404,-0.17981712284409757,1.6804618036102696,1.6844093731688952,0.6288554149666644,1.0,0.07999999999999668,0.7242174008460454,-0.1392944430284232,-0.26801734802383004,-0.1666740378212603,0.030459231490159316,0.07667210440456783,False
sz.002096,2020-09-21,-0.03296703296703299,stop,0.19565217391304573,0.7179953773809794,6.6901,1.628571428571429,2.0683208649842575,2.7359761605035318,-0.08734939759036164,0.7081712062256836,0.9070396241048309,0.665549330702818,0.9298245614035102,0.1929824561403494,0.9458679712943459,0.5910986237120037,0.5380620029216032,0.34528429125561044,0.04771739130434783,0.12030075187969826,False
sz.002098,2021-08-12,0.037993920972644396,tp,0.06474820143884885,1.0402312487873393,5.1037,1.228070175438595,1.9716598602428772,1.7760167551962258,-0.04492753623188428,1.1597633136094656,2.637678409381108,0.4560618507943572,0.857142857142859,-0.142857142857141,0.7652753681037818,0.1453590192644485,0.1657754010695187,0.0880807464611034,0.03730886850152904,0.12446351931330489,True
sz.002098,2022-03-07,-0.040057224606580885,stop,0.0465116279069763,0.9443498629461627,6.8598,2.496503496503495,3.3504351163401265,4.0594288785083465,-0.06533333333333347,1.1176470588235266,1.2225659491329826,0.431675974677197,0.8823529411764711,-0.11764705882352888,0.9072242373070896,0.07585139318885448,0.04041916167664672,0.06235271638749107,0.028153477218225406,0.32960893854748485,False
sz.002099,2021-08-05,0.07621951219512205,tp,0.11111111111111129,0.5935904063270082,6.4815,1.5750000000000022,1.4964057837647144,1.957457095886086,-0.3235188637968004,1.5446009389671325,1.737390296652628,0.6107895791247245,0.9777777777777737,0.15555555555555353,0.8342041454839763,-0.2921219548061369,0.0655232355666786,-0.09044881569951845,0.03370279146141215,0.026315789473683803,True
sz.002099,2024-08-05,0.045714285714285756,tp,0.13793103448275698,0.7652304754514241,6.6667,2.2374429223744325,1.9265545435210627,2.240457329268795,-0.2024169184290029,0.8358216511636344,1.1476869097572866,0.5152478210258665,0.7714285714285716,-0.22857142857142843,0.7156357584845366,-0.17981072555205035,0.1981566820276499,-0.06327393594205574,0.03551280109849767,0.09554140127388545,True
sz.002100,2020-01-06,-0.03125000000000014,stop,0.05723905723905698,0.9233778260783232,7.2148,1.4408901251738517,2.01349728639995,1.9993494322329228,-0.1839080459770116,1.1080669710806668,1.827588584995852,0.7069024722928993,1.2836289588229974,0.702544182919916,1.0331599304869852,0.3326535766894525,0.5182514492420933,0.20263009186835396,0.04107773468810811,0.22533626110484523,False
sz.002103,2023-05-09,-0.03754266211604106,stop,0.21008403361344516,0.8160620715676378,7.5092,1.4313099041533563,2.339628631511848,2.855212854371548,-0.2245706737120211,1.5986159169550178,1.2004478433275392,0.5053992004532634,0.9687500000000007,-0.031249999999999306,0.7652773854895066,-0.0623999999999999,0.09328358208955234,0.01756721558185994,0.034527872582480086,0.05511811023622064,False
sz.002105,2020-07-02,0.08287292817679547,tp,0.15846210680915065,0.5697582285411951,7.1713,1.4623995037708584,1.0924635240482887,1.8164680010063883,-0.11046241186476602,2.5229681978798637,3.7768994882248013,0.5312964177226354,1.0555555555555582,0.05555555555555823,0.640676570281665,0.13118071194895253,-0.0093898010190695,-0.026022368110653338,0.04427511534869456,0.14276819262987372,True
sz.002107,2021-07-06,-0.032258064516129094,stop,0.21951219512195086,1.0320044026785595,5.2,3.371727748691096,6.0372291469284765,8.805990231285397,-0.03897685749086499,1.3571428571428468,1.6889334282365984,0.6050604509011783,0.8478260869565222,-0.15217391304347788,0.8203735090470117,-0.011361789739055994,-0.09344637365425601,0.015777864528983974,0.02028985507246379,0.08965517241379281,False
sz.002108,2023-05-04,-0.013605442176870914,stop,0.2972972972972913,0.9242470826157632,5.0602,1.4951456310679716,2.152086045001546,2.4666637010951282,-0.14341846758349697,1.473684210526294,1.9579849310624173,0.5776857322242811,1.0,0.45454545454545175,0.8034952406503401,-0.1108870967741935,-0.0793319415448851,-0.06549647707005243,0.01632653061224487,0.03225806451612923,False
sz.002109,2020-03-27,-0.03975535168195718,stop,0.3725490196078437,0.640681029765004,9.9338,1.6597938144329842,4.602630795816712,6.427153052767817,-0.09048509004030325,1.7396449704141992,2.010304543737685,0.6178651658138598,0.7391304347826102,-0.2608695652173898,0.6255818856514653,-0.018152315864926716,-0.11660316766166856,-0.016387550575509006,0.037934560327198386,0.16176470588235284,False
sz.002111,2021-04-23,-0.05867215645908387,stop,0.14391143911439014,0.7313017653104406,8.8764,2.205479452054797,3.3500865304236944,5.120409176272804,0.01625589931830107,1.3761467889908212,1.5934358539468494,0.5301384886542319,0.7101449275362302,0.15942028985507142,0.9073247897087466,0.2273011897307451,0.18001204093919343,0.17678256040266793,0.032380952380952385,0.1637426900584792,False
sz.002111,2022-12-15,-0.02973240832507443,stop,0.1485148514851485,0.6384817516790013,5.3684,1.5638297872340474,1.8647424610684897,3.067870709038959,-0.08249312557286881,1.118343195266276,0.9058421104040989,0.5596570396313494,0.9285714285714286,0.3571428571428527,0.8959862625990407,0.13014460511679649,0.17904856649018908,0.1147772549650812,0.035137795275590536,0.11464968152866203,False
sz.002112,2020-06-19,0.1084010840108403,tp,0.17142857142857065,0.7560116131071871,9.9415,2.966887417218546,3.6623974840358797,4.475509458409036,-0.08068459657701699,0.9236111111111028,1.44196296807762,0.6320686319284942,0.8437500000000008,-0.1562499999999992,0.9190890909842734,-0.037613488975356435,0.04950495049504955,0.08017614732321601,0.029110512129380067,0.35682819383259956,True
sz.002112,2021-08-13,-0.03452685421994872,stop,0.09433962264150911,1.0188450739011041,5.4201,1.7938718662952693,2.121692200481768,1.846677258286033,0.029100529100529293,1.399999999999997,2.8770072681899133,0.5850105373373153,1.0217391304347792,0.06521739130434263,0.9050499352807756,0.13188405797101432,0.1141226818830241,0.08720114149159525,0.027998292787025182,0.36244541484716114,False
sz.002114,2021-07-14,0.06924715909090906,tp,0.06172839506172923,0.5308575801938348,5.3191,2.0760456273764274,1.7443684542057407,2.550493311591919,-0.12167300380228141,0.8601694915254241,2.0972364854454493,0.7043328969129179,1.3076923076923082,0.35897435897436075,0.9283083572840317,0.10468750000000004,0.048961424332344405,0.06339775889298352,0.03540782649693539,0.16842105263157905,True
sz.002120,2021-12-27,-0.05442804428044248,stop,0.08070175438596501,0.9050965556888169,5.5639,1.6288088642659266,1.9167367175363599,1.7771561005523606,-0.05898123324396787,0.907812500000002,1.3725968894811016,0.47441068557371413,0.9285714285714252,0.5079365079365074,1.0881966585864107,0.07372587827808008,0.641958355519435,0.24485007109744822,0.039569892473118255,0.37699680511181993,False
sz.002120,2024-05-22,-0.05396825396825379,stop,0.393939393939394,0.9415251066447035,10.0,2.349206349206351,3.402538210258697,3.731094002751254,0.09090909090909083,1.9050632911392404,2.4984659336474846,0.5779396068070838,0.9459459459459452,0.27027027027026895,0.9750702834097931,0.33711048158640233,0.03622392974753019,0.25998264854403474,0.02863700564971753,0.6464088397790053,False
sz.002123,2021-02-25,-0.04061212477928196,stop,0.05112474437627851,0.8830247080545052,10.0,1.319970304380103,2.573741614280729,3.0418286795893743,-0.10888727280827837,1.1963636363636372,1.8268451786390014,0.5004232984072354,0.716535433070866,-0.0708661417322849,0.9269948433539857,-0.038625300534354645,-0.05084166411872493,0.056039193899795135,0.05005820721769499,0.3022312373225154,False
sz.002123,2022-07-18,-0.04390613171839517,stop,0.057239057239057506,0.7718949881265869,8.2969,1.4456521739130443,1.8711541096751574,1.5743586361581854,-0.007205764611689314,2.2816901408450603,3.431948389707913,0.7964186736232309,1.2842105263157872,0.72631578947368,0.9566842817731599,0.22680412371134007,-0.16089743589743588,0.09688907510212623,0.03903743315508026,0.4002998500749626,False
sz.002123,2023-11-16,0.04723430702299555,tp,0.22352941176470525,0.7403185047086119,6.9629,1.408203124999998,1.6678075958417968,1.6924278096941545,-0.03873659117997641,2.3360946745562123,2.6830760193289,0.5959642889256538,0.9514563106796137,-0.0485436893203863,0.754820131775104,0.07486631016042766,0.23312883435582843,0.08487993568083312,0.041749585406301824,0.05774278215223078,True
sz.002127,2019-09-25,-0.027358490566037657,stop,0.18709677419354726,0.9686114080565055,5.16,1.5278396436525532,2.3563783688046174,2.2534996894059884,-0.14008438818565427,0.8000000000000015,2.0197465743423466,0.5308805034899626,0.8571428571428571,0.06122448979592178,0.7880698919554054,-0.11896551724137927,-0.13169073916737473,-0.04227903853062,0.038486627527723416,0.04477611940298507,False
sz.002128,2024-01-30,-0.028000000000000073,stop,0.29064039408866965,0.9050703794024397,5.0035,1.639639639639638,1.5219665446965627,1.927613003109365,-0.015852047556142668,1.5438596491228038,1.9021131619134015,0.7351639027388424,0.9846153846153843,-0.015384615384615715,0.6521023650427752,0.10788690476190488,0.08686131386861318,0.06663164555450755,0.02375195880904415,0.05039787798408539,False
sz.002129,2020-12-07,-0.05208333333333341,stop,0.21854304635761682,0.5372300934970051,5.4577,1.3235533822330896,1.5527237202056048,1.944149430136609,-0.05258995650454712,1.3222222222222235,1.7791142368814292,0.6053391455150147,0.7931034482758574,0.13793103448275643,0.8402469086503471,0.11049723756906094,0.2450671117160219,0.0452816204132987,0.040436705362078475,0.022222222222222376,False
sz.002129,2021-06-03,0.032279482444810624,tp,0.09604519774011241,0.9646101848975511,6.5483,1.965317919075139,2.335490785927354,2.544162961248764,-0.05882352941176472,1.066974595842957,1.5441670153973788,0.5394404319411465,0.9417695788374536,-0.05823042116254638,0.862489489997128,0.07979715139291454,0.20999191753894064,0.03905950518916804,0.03378906645150678,0.09781634584878651,True
sz.002129,2021-07-20,0.07745856353591146,tp,0.2500000000000001,0.7884648478921215,9.9267,1.2270562083200982,1.835274514159788,2.3537508642641938,0.057882352941176274,1.9242505112852637,2.599042358032538,0.4441118298255197,0.9818840579710145,-0.01811594202898546,0.9119499994021295,0.5503157517116553,0.5648701763626338,0.49356116224066177,0.042908038298819874,0.6161934805467929,True
sz.002129,2022-08-18,-0.07585083272990593,stop,0.0319735391400219,0.8836195431454017,10.004,2.1079423489727085,2.269587609194226,2.6462214031864923,-0.10561003054171358,0.9954557604918465,1.2970556909525672,0.542705255370553,0.7576374745417519,-0.08146639511201528,0.8842059904947855,0.2973399166562998,0.1866795465686002,0.17831261598059908,0.043332126478397286,0.04616619831393018,False
sz.002130,2024-12-16,0.10381175468483826,tp,0.2140077821011661,0.8790881710964552,8.6957,1.7925147734734082,1.887227348270136,1.856631722631168,-0.09132212630622438,1.1448040885860309,2.081607506076079,0.7421665968685525,1.2051282051282044,1.3692307692307693,1.2234458795229313,0.9730200174064405,0.6547208618874891,0.42034405060048285,0.05146302014409647,0.4525490196078429,True
sz.002131,2019-12-04,-0.03539823008849543,stop,0.3333333333333329,0.746579532826789,7.3529,1.9444444444444438,1.8098515904268009,2.446094624318434,-0.00454545454545463,1.1937984496123963,1.5421983214619783,0.649348276034654,1.3333333333333333,0.3333333333333333,0.87114396512559,0.2655367231638419,0.1313131313131315,0.19716741638088436,0.03675595238095241,0.29268292682926894,False
sz.002135,2020-11-27,-0.04004854368932046,stop,0.058823529411763824,0.8538692395086325,6.0645,2.777777777777777,4.2848666804439866,5.904798432298614,-0.06908267270668178,1.1891891891891893,2.5139787152695616,0.4792538054571455,0.9199999999999996,0.07999999999999848,1.0133645798070379,-0.015494636471990564,0.05222929936305731,0.037037037037037014,0.022800645682001613,0.3696969696969698,False
sz.002136,2020-05-06,-0.05164835164835151,stop,0.26511627906976654,0.8553941011485172,6.0213,1.243553008595992,1.4453177100966415,1.9680924337288934,-0.04162219850586957,1.6739130434782645,3.6468095482213188,0.7719917325156797,1.3241825815851718,0.5999075655266408,0.9900586219162485,0.40419559919317094,0.22568056233637201,0.20426248248032103,0.04868185874448969,0.11148716896479173,False
sz.002138,2020-08-05,-0.09365671641791058,stop,0.03071672354948875,0.9222379615008297,10.008,1.7346411977284495,2.2901668479173383,2.705172765891353,-0.025631897472410015,1.2277081798083995,1.6894247568668437,0.6150910035362088,0.8124999999999986,-0.15416666666666828,0.6932511118204613,0.18421052631578938,0.134480792864065,0.1329905364039857,0.04141975308641977,0.006485084306096016,False
sz.002139,2021-05-24,0.1205540355677155,tp,0.2934131736526948,0.7553744724587598,10.0,2.0225409836065555,1.501491545554082,1.6768875054934973,0.004881450488145145,1.768483102121612,1.5538131433789755,0.5523829823815536,1.1489361702127658,0.1489361702127658,0.8588547806037283,0.46682360307315474,0.6974252928290636,0.383581947585512,0.04691557783496321,0.1687898089171973,True
sz.002142,2019-11-06,-0.03664921465968582,stop,0.03514376996805205,0.6872921162620532,5.4054,1.6490939044481097,1.3658231297162915,1.71018646238038,0.001054852320675037,1.5555555555555574,1.7155146614869472,0.7007884368081019,0.8601398601398592,0.125874125874124,1.044415838045328,0.2911221270842721,0.3158539622898615,0.19823959408004013,0.03218150087260032,0.2676056338028165,False
sz.002142,2022-09-05,-0.03771043771043761,stop,0.14084507042253583,0.978705932315133,5.5182,1.7588961510530081,2.3048140909371955,2.362532572466395,-0.1698194005716006,1.222312045270821,1.5783424325875157,0.37125761261488593,0.9017341040462429,-0.09826589595375707,0.7781131376794523,-0.0910837516794687,-0.1674759384335306,-0.10217955522902585,0.03087210609125647,0.029702970297029313,False
sz.002142,2022-11-16,0.08080013976240398,tp,0.34749034749034824,0.7667617191237847,8.871,1.6258631512868817,2.166247600431904,2.320115147387808,-0.13514338010982296,1.9360667129951392,2.5685765953607715,0.6623786551868568,1.1297297297297284,0.1297297297297283,0.8534816894978249,-0.00969864911673024,-0.1299138216502611,-0.06321603295051753,0.038778127550425555,0.007183908045977087,True
sz.002142,2024-01-30,-0.03750000000000025,stop,0.14772727272727204,1.0427763001513688,7.3604,2.3566084788029924,2.5549839654120476,2.9688928878349823,-0.16666666666666663,1.466284074605458,1.5244504508917847,0.584300980305314,1.3481481481481496,0.38518518518518763,0.9915693989723959,-0.14007936507936503,-0.23046875,-0.09964060411747175,0.025749884633133328,0.3100158982511936,False
sz.002145,2021-11-23,-0.03772189349112425,stop,0.25925925925925997,0.9408209983310543,6.9804,1.4669703872437334,1.9932466978411247,2.2017929387957698,-0.3247524752475247,1.143790849673199,1.6885405303444407,0.5881782634281347,0.9021739130434793,-0.09782608695652076,0.635812760577004,-0.2920585161964472,0.04230769230769216,-0.12584404971829158,0.046248462484624824,0.24324324324324345,False
sz.002148,2021-08-05,-0.035564853556485386,stop,0.04347826086956564,0.9109236964749886,6.4588,1.7573221757322164,2.7507538017051845,2.793770184789582,-0.03238866396761153,1.2205128205128226,1.8943449965666588,0.538827186530782,1.0,0.0,0.8430726138912902,0.16015358656319134,0.2609037664489422,0.13386558914324612,0.030892608089260826,0.2727272727272721,False
sz.002149,2023-04-06,-0.06655092592592596,stop,0.10288065843621313,0.6953967593289699,9.9807,2.1269841269841234,2.7541817485027162,4.130720483120217,-0.08858057630736405,1.771197846567967,3.2630703770878737,0.4934080534978203,0.8283582089552267,0.08208955223880823,0.8650471717835295,0.04625684723067547,0.12869336835193712,0.07162338370745948,0.03670738801628852,0.020804438280166475,False
sz.002152,2020-07-03,0.08015267175572514,tp,0.28647502272331793,0.9531079150529286,6.7657,1.6724242813396348,1.7458138827559149,1.799655992246844,-0.09631258724639324,1.4968553459119491,1.453604795318594,0.7387690279028729,0.7738095238095238,0.0,0.8930889291975743,0.4649461870422822,0.3597543683670541,0.2033990793332828,0.036233838978075486,0.24900901334938222,True
sz.002152,2023-08-09,-0.029264214046822848,stop,0.16831683168316794,0.8298152198015034,5.6424,2.1071428571428537,3.16067397382577,4.08623929035217,-0.06528417818740384,1.2142857142857124,1.2138586719116957,0.36909589655411945,0.7118644067796597,-0.28813559322034027,0.8539021896795266,0.046031387100119225,0.1388166175151624,0.02718476378326824,0.022250000000000037,0.252595155709341,False
sz.002152,2024-12-03,-0.0409956076134699,stop,0.2093023255813952,0.9565580734020653,10.0418,1.580645161290323,2.6201146070735972,2.952419648157716,-0.02448071216617209,1.6138888888888903,1.675423712835594,0.7857843162719198,0.9142857142857149,0.48571428571428404,1.0820846098248345,0.4501061571125262,0.2826658080043396,0.27920930333032284,0.041727672035139114,0.26565143824027093,False
sz.002153,2019-12-30,0.028121310316050967,tp,0.04121475054230025,0.9483919664531595,5.8518,1.8390949088623536,1.7863649378273163,1.7717533389186133,-0.11721778791334092,1.3030303030303108,1.2134094079069264,0.6880794536468324,1.0861244019138734,0.28229665071769927,0.9120096334276508,-0.0038022813688215473,0.10548523206751059,0.06513205740330001,0.031628498727735356,0.33953488372093027,True
sz.002153,2020-07-09,-0.053640776699029315,stop,0.009954171892678007,0.7768116561002867,6.8353,1.3387989424339701,1.6675815298706844,2.184671188263364,-0.027867376966090762,2.696233292831108,3.7269618146734014,0.5865950364477123,1.4590909090909085,0.6772727272727235,0.995841373278301,0.332223335211423,0.02060178774241428,0.1822455541024734,0.03697316222156437,0.5075302635823008,False
sz.002153,2022-12-02,-0.06208718626155895,stop,0.3649025069637881,0.5541046147317741,10.0,1.5256410256410275,1.3176053543321768,1.9613318055861562,-0.1015015015015015,1.7310924369747887,3.493484795108585,0.687951781882918,0.9117647058823541,-0.02205882352941105,0.5517641228553317,0.10184501845018445,-0.012566137566137447,0.07742082917383332,0.058160303639205144,0.011494252873563121,False
sz.002156,2021-01-08,0.031257909269465214,tp,0.008077544426494611,0.8173057267250287,6.3311,1.6355555555555545,1.6740919771167713,1.9089373842322477,-0.11344262295081975,1.1913357400722022,1.526374300459575,0.6926643830103169,0.930917200483351,-0.06908279951664899,0.7965692709679355,0.08257794243320049,-0.05800183238049128,0.06296770180710001,0.04488582590513921,0.04184890742976461,True
sz.002156,2024-07-12,-0.0483870967741934,stop,0.3842204326610162,0.6566434571642238,9.191,1.767490229624781,1.4424263810914022,1.9689602054153361,-0.08764036185596913,0.856183927349274,1.3916923652801778,0.5933887352946821,1.0786516853932588,0.33146067415730357,0.6515249799752213,0.14186948486347162,0.13357503339957244,0.06356947721830918,0.0427978661860241,0.01692535775911816,False
sz.002157,2019-10-24,0.021676300578034772,tp,0.1867007672634271,0.9875783899132285,9.9933,1.2246108228317296,1.796464190082227,1.7627472741005474,-0.24126838235294124,2.31588785046729,1.282942605354145,0.7395154426868316,1.2033898305084716,0.5847457627118611,0.8371411867193045,-0.13480885311871227,-0.2378710568275566,-0.05603980522782927,0.04808139534883719,0.06172839506172852,True
sz.002157,2020-02-13,0.10496850944716583,tp,0.27567567567567614,1.0067052102209475,6.4234,1.4685314685314679,1.3941204420357098,1.523932813476539,-0.16970387243735763,1.964912280701756,1.5651017848990834,0.6141930827531253,0.7083333333333337,-0.23333333333333303,0.4553563226762346,-0.0914866581956797,-0.21038100496962997,-0.11101440716161819,0.050349650349650325,0.23284313725490197,True
sz.002157,2020-07-31,0.09231651376146786,tp,0.35412026726057977,0.8099957090720403,8.9576,1.4523195876288661,1.7599972543785491,2.0041181232597185,-0.013282732447817747,1.3125000000000009,2.0805049076746194,0.6653657785871991,1.2857142857142851,0.4782608695652179,0.9925577322225585,0.17420732635348002,0.5941225291553869,0.22192829930776267,0.04384175552464841,0.22373696872493973,True
sz.002157,2022-01-07,0.052527254707631345,tp,0.3870967741935492,0.9744092407853451,5.7971,2.0944881889763827,3.1170660200091898,3.1116325706649794,-0.09074733096085408,1.6872964169381108,2.16854995605757,0.6075588260412648,0.9649122807017521,-0.035087719298247964,0.8910802050211706,0.05699481865284972,-0.0769230769230771,0.045983985506627134,0.025849673202614352,0.14801444043321307,True
sz.002158,2021-11-04,0.06928181108508982,tp,0.06250000000000035,0.8684098774647703,5.9122,1.4693274205469338,1.9385881050817757,2.3515772893771207,-0.11000709723207935,1.1358024691358044,1.4598244313429145,0.6784158777989838,0.7394366197183087,0.41549295774647904,0.9784753923161303,0.03549818475191624,0.1009652309155975,0.043619196458890286,0.04190364887676925,0.23781094527363175,True
sz.002159,2020-11-06,0.03336045565500407,tp,0.0270270270270273,0.8263966577554976,5.1064,1.2028169014084509,1.9609040835974847,2.233964459403238,-0.1482758620689656,1.1400651465798075,1.750158468971362,0.48708977291080535,0.8688524590163935,-0.016393442622948503,0.8880909618617737,-0.011217948717948678,0.17411988582302573,0.05483609009702115,0.0370340356564019,0.10675381263616619,True
sz.002159,2022-11-04,0.06389117889530091,tp,0.2555555555555543,0.9456507459592387,5.6312,1.259796806966617,1.8472288645365165,1.8362475239188982,-0.13851851851851849,1.1292817679558018,1.3372631459826554,0.7778117135313363,1.4032258064516112,1.161290322580645,1.0856532527164997,0.14140480591497218,0.41628440366972486,0.11178628496837942,0.0492037786774629,0.2995594713656385,True
sz.002164,2023-09-01,-0.03321678321678313,stop,0.3707865168539317,0.9521508449346195,6.4815,1.852140077821014,2.0274049843595434,2.103708271256385,-0.1867043847241867,1.57219251336899,1.6020828905395488,0.4990518351870865,0.7352941176470591,-0.05882352941176348,0.6541489501267007,0.05719557195571956,-0.10188087774294663,-0.028731248410882163,0.026643397324025563,0.06896551724137871,False
sz.002166,2021-12-29,0.036294691224268684,tp,0.1529411764705876,0.776815138182873,5.5305,2.4499999999999957,3.0677211039173296,3.9653477041480465,0.0053763440860212786,1.2331606217616609,1.7197451458561126,0.5033723517207053,0.7857142857142894,-0.21428571428571067,0.7881441485755697,0.08716136631330973,0.2273936170212767,0.1037809180236384,0.02874684001444568,0.05990783410138293,True
sz.002170,2022-08-18,-0.03188405797101452,stop,0.0,0.7632499291061424,6.1033,1.3668639053254426,2.0035322105894693,2.660411287541186,-0.04908835904628328,1.2108108108108133,2.2928926764465363,0.659123216222342,1.3030303030303032,0.3333333333333323,0.9234321820359161,0.22142764989252361,0.05520890243008569,0.1485611667955995,0.03584905660377358,0.16738197424892678,False
sz.002171,2020-07-02,0.07612179487179495,tp,0.2347826086956522,0.8869510403145328,5.8087,1.8095238095238102,1.5313466365044346,1.931509574212012,0.01641137855579866,1.245207445487589,2.410370385321941,0.6104223098664388,0.8245614035087718,0.07017543859649056,0.9865266645030135,0.25347966258241583,0.28418676007857724,0.1613853936754135,0.038442458756245336,0.1840000000000003,True
sz.002173,2020-02-24,0.07166666666666666,tp,0.20930232558139483,0.5506725385977269,10.0719,1.7086614173228305,2.3425089601476605,2.3419504036275987,-0.04362430167597786,1.8516129032258077,3.1090549876848876,0.6319161542910399,0.7419354838709697,0.04838709677419568,0.9073876594720353,0.1285886995872616,-0.022129028179558752,0.039244995494723295,0.04504065040650409,0.14832535885167483,True
sz.002174,2020-04-17,-0.05506709856547882,stop,0.0170648464163821,0.7315580102849417,8.9207,1.3430749682338021,1.2058377458801757,1.55187556352616,-0.3157894736842104,1.365853658536587,1.1917812560108436,0.7388050683441091,0.7483443708609249,-0.25165562913907513,0.6732993062538994,-0.2273212379935965,0.3005148657187078,-0.0034816263313967744,0.05753529772866791,0.06722689075630223,False
sz.002174,2024-11-11,-0.07169117647058834,stop,0.05472636815920375,0.710051715890805,9.9593,2.0629470672389143,2.93034405174663,4.183012939496395,0.046421663442940186,1.765765765765769,2.659901754270469,0.5351397973774525,0.7087378640776678,-0.06796116504854562,0.9408693731643168,0.4144736842105261,0.15356813983698792,0.31943205062995167,0.05032558139534884,0.4411177644710574,False
sz.002176,2022-02-14,0.10682158920539735,tp,0.07042253521126762,0.9565190997202375,10.0,1.3822170900692847,1.9129286095550013,1.6892429616681628,-0.3222181949981878,1.5699322242760327,1.6574096742612665,0.8633605291642301,1.2923976608187133,0.8187134502923985,1.067437632099808,0.008529854490717526,-0.13918629550321215,-0.08551843370387777,0.061094527363184055,0.1362467866323907,True
sz.002176,2022-06-09,0.09277134277134284,tp,0.01512605042016744,0.8876397436126492,9.5851,1.4163742690058476,1.9423257411646697,1.8454916987112822,-0.08482676224611707,0.8927536231884086,1.7520257903761751,0.6710141622544259,1.0115606936416182,0.41618497109826513,0.9482695565076329,0.10027855153203369,0.011092150170648463,0.15266300008511227,0.04753867791842475,0.2959381044487431,True
sz.002178,2023-01-06,-0.04185022026431726,stop,0.29411764705882365,0.40463028687006286,6.7599,1.770114942528736,1.312282269145204,2.589159666850412,-0.14392523364485976,1.5451505016722387,2.2118223591694224,0.4031257142365488,0.7878787878787871,-0.1818181818181833,0.5461841952641558,0.031963470319634535,-0.11372549019607847,-0.01358502918871746,0.04262536873156339,0.07000000000000028,False
sz.002178,2024-03-21,-0.057450628366247654,stop,0.0571428571428545,0.6467421944134502,6.8834,1.3373134328358267,1.5135500745632706,2.2743184843778375,-0.2236111111111112,1.1929260450160764,1.0880145668647931,0.8003255757899905,1.0312499999999991,0.03124999999999922,0.884862187571632,0.06666666666666665,0.382716049382716,0.08014273314688009,0.057619047619047604,0.20622568093385202,False
sz.002181,2022-11-10,-0.033707865168539235,stop,0.020833333333332787,0.7484824023562421,6.4356,1.529411764705886,2.385734221310441,2.534266505978259,-0.1434262948207169,1.1475409836065564,1.6833464418526154,0.6810718498336092,0.8846153846153817,0.5769230769230739,1.078720527766186,0.07748184019370452,0.2756602599118385,0.03766298681679407,0.0408988764044944,0.3220338983050843,False
sz.002182,2020-08-03,-0.042721518987341896,stop,0.0204081632653064,0.7197810195732706,6.875,1.2437703141928513,1.8183195513515311,2.2575396245871806,0.011834319526627057,1.4979423868312718,2.2476024234166276,0.7100779447782773,1.2682926829268246,0.8902439024390195,1.0732710516912456,0.436651583710407,0.31585127115392075,0.2820530932739026,0.04574803149606302,0.25168236877523525,False
sz.002182,2023-06-30,-0.03774442928603905,stop,0.05481033672895004,0.9961883060960053,7.8441,1.8995041401887145,3.347349183506107,3.43935683252067,-0.17827699608403114,1.972350870844646,2.1905864693899435,0.4074795571905579,0.9503546099290805,0.09219858156028238,0.9066891654218624,-0.0816592570041087,0.04370705132173569,-0.030141808085565516,0.030627589579720362,0.17250956390727504,False
sz.002183,2020-02-20,-0.08955223880597,stop,0.2678571428571425,0.9521990054487405,7.4866,1.3461538461538416,2.1666827087670097,2.0179504372039045,-0.09459459459459485,1.4951456310679605,1.9913950987431934,0.6161891537222226,0.8400000000000017,0.0,0.5933063464122785,-0.038258139320453965,-0.06726659451496486,-0.05282169159238614,0.03474365508485631,0.18232044198895053,False
sz.002183,2022-12-02,0.01890034364261178,tp,0.3442622950819665,0.7421304805762312,5.7944,1.577464788732403,1.958774607995083,2.569863908494631,-0.14501510574018128,0.8086642599278003,2.425399154419828,0.5608821592818404,1.0,0.5833333333333315,0.8861913066705835,-0.010238907849829504,-0.24154216609626222,-0.05113455989145881,0.03068965517241376,0.1428571428571433,True
sz.002184,2023-09-01,-0.032867132867132845,stop,0.33770491803278596,0.9872037674977089,7.5529,1.8509142053445824,2.4738396650989647,2.7039825983923236,-0.17060277749296515,1.5736434108527138,1.205152055211387,0.42775262824966476,1.1063829787234043,0.15957446808510728,0.7060947845690663,0.03597660497551325,-0.04884622095290603,-0.005355067724668058,0.028584665276812592,0.07031249999999996,False
sz.002185,2024-07-12,-0.031818181818181884,stop,0.1197950721502839,0.6117192566405262,6.7089,1.6615065342429376,1.4781391865906839,2.03920407057914,-0.03766600713802726,1.3890244053917122,2.6815523577839535,0.6056036094307468,1.129629629629629,0.44444444444444553,0.938089915525443,0.15710275749431468,0.13296502070173433,0.0971199698317193,0.031615325384940246,0.14250770052147835,False
sz.002189,2020-08-10,-0.1001705029838023,stop,0.3046471600688468,0.9873041807215723,7.2377,1.3904996915484245,1.7186468154382575,1.8945956631857424,0.042297417631344425,1.4755555555555566,2.5043832503364523,0.917775236513094,1.0310559006211204,0.031055900621120364,0.907579079921657,0.4857820110778468,0.28800197250556425,0.25541399954982835,0.04909095303394218,0.1956856702619413,False
sz.002191,2022-08-17,-0.0365111561866125,stop,0.142857142857142,0.7990610541186203,5.8632,1.888372093023259,2.133636113782107,2.7262878818491183,-0.11684782608695643,1.1272727272727308,1.4432937462027287,0.5280999608508353,1.0689655172413772,0.17241379310344634,0.8537109875883144,0.17989651328979228,-0.35608171356740037,-0.06774164986501247,0.0332994923857868,0.03630363036303622,False
sz.002191,2024-05-07,-0.03663793103448275,stop,0.057471264367815876,0.9431190744729361,7.3059,1.7737556561086043,2.0736893477080254,2.0206885015625446,-0.08737864077669899,1.4141414141414164,1.3066534557729803,0.5312502158818481,0.7857142857142828,-0.14285714285714482,0.8018197486188675,-0.05858585858585863,-0.2074829931972788,-0.07976368752776991,0.029327610872675235,0.0,False
sz.002192,2020-04-02,-0.04969696969696967,stop,0.3931623931623927,0.7351623419861117,8.084,1.6482861400894189,1.6367289980102635,1.8335521309308758,-0.40295358649789015,0.8678966789667872,0.8909139457445959,0.6710543842756352,0.746835443037973,-0.253164556962027,0.43112410408718005,-0.340449948943612,0.0461254437575771,-0.1233625846576206,0.058202653799758725,0.2863157894736843,False
sz.002196,2022-06-07,-0.0337078651685394,stop,0.05747126436781696,0.6910680296057596,7.4468,1.4867256637168125,1.815796986714717,2.0861803103653696,-0.26575121163166393,1.4421553090332797,1.6418523999771442,0.6005333062029353,0.7666666666666656,-0.23333333333333442,0.8095680717498008,-0.1451766953199619,-0.19514388489208634,-0.12393040385666401,0.04845437616387342,0.39380530973451316,False
sz.002196,2022-06-28,-0.0704761904761905,stop,0.3392857142857147,0.9074161144753975,8.3505,1.4495912806539504,1.9431945891077762,1.8279531322591196,-0.016838166510757646,1.4867256637168125,2.3322946587387365,0.4901753839523366,0.7500000000000006,0.18421052631579027,0.9635826159636189,0.08231707317073167,0.08012170385395545,0.053455879322425334,0.04450704225352114,0.4958333333333336,False
sz.002198,2021-01-22,-0.06962025316455711,stop,0.051734996315424914,0.9200418941719414,7.1588,1.5719395924082464,2.7628233245595832,2.4351360917763776,-0.11620138083391163,1.7219700703728744,2.1834544718831395,0.463837606905819,0.8437500000000019,-0.15624999999999817,0.8751224755823356,-0.1022373961981975,-0.21389941159643167,-0.09242847768374149,0.03881782369699517,0.17660623444443818,False
sz.002201,2021-10-19,-0.06551446945337595,stop,0.036390101892285205,0.8466821926635927,9.9829,1.5345802522836058,1.3689569253889822,1.5340463208307478,-0.19225928256765257,0.752323232323233,1.117594904711392,0.6144372377433281,0.7301587301587296,-0.26984126984127044,0.6167788705031989,0.2941481097876748,1.9195945646194525,0.32158367643119695,0.06301187141523276,0.2535885167464114,False
sz.002204,2020-07-09,-0.046184738955823174,stop,0.24390243902438993,0.675067074406781,9.276,1.8472222222222223,1.7454667405139999,2.3792726825889723,-0.15147095225469742,0.7534754843688625,1.136558476024823,0.8930626411024883,1.0263157894736843,0.39473684210526266,1.0206259953647796,0.665470914001727,0.5145218885635041,0.35712423985791786,0.053828333274930244,0.1205233610747194,False
sz.002205,2019-10-17,-0.022173913043478394,timeout,0.10694183864915555,0.9245636649514878,8.2742,2.0976027397260317,2.6940754077376976,3.038962584415627,0.07059373539036917,1.5712841253791712,1.782258143508426,0.6573163751822587,1.0571428571428578,0.05714285714285784,0.9527189417643173,0.1604439959636732,0.07026523964634723,0.1884513531552092,0.033536231884057945,0.2846068660022148,False
sz.002205,2019-12-04,-0.09822534048699955,stop,0.008230452674897103,0.9988149501012727,7.9615,1.8813438170121528,2.4191785538599717,2.1959608660727086,-0.04820671037408386,1.4839769926047626,2.2742370256448696,0.389201467448561,0.7606382978723396,-0.23936170212766034,0.7955444752900974,0.17053140096618358,0.390929965556831,0.17229645279123965,0.0371990645205668,0.19999999999999987,False
sz.002206,2021-05-28,-0.05342237061769612,stop,0.28971962616822555,0.789475561536435,10.0,2.0623229461756365,2.9928771655934248,3.850173528290559,-0.06691772868506618,1.2048501610864975,1.5376600510259386,0.6353599683534968,1.0,0.09615384615384417,0.735909378522242,0.07054607839068039,0.4696641271032118,0.19616592019014023,0.042737517780165615,0.02045169116815739,False
sz.002214,2022-07-20,0.12979683972911962,tp,0.2517006802721082,0.915147317910201,10.0167,2.3676470588235308,3.939955767348419,4.528794029850746,-0.055575065735979035,1.7221418234442847,2.7438423099491067,0.583415740570029,0.8043478260869568,0.0797101449275357,0.9149598323957981,0.057700754154888845,-0.2965344616162279,0.013890612267394582,0.03906840416924443,0.21507064364207207,True
sz.002217,2020-01-21,-0.11165048543689313,stop,0.1647324601551643,0.9550793677825955,8.042,1.8932845531005194,2.594884393274331,2.895489200927924,0.019730364890421903,1.2047477744807185,2.191494076266873,0.5316794915596132,1.0465116279069753,0.04651162790697529,0.8962054234045258,0.099213582755598,0.15663518782492036,0.11783727259952309,0.03736495706551822,0.38382155850329625,False
sz.002218,2024-02-21,0.05313351498637598,tp,0.35526315789473706,0.8502845199083922,7.9646,1.2727272727272738,1.1744770959234672,1.5604335692546545,-0.24536082474226795,1.3424657534246627,1.9424815931876058,0.6355351629679705,0.9000000000000001,-0.033333333333333284,0.44544931161002854,-0.20305676855895205,-0.18344519015659966,-0.13964132078807298,0.05397260273972602,0.36186770428015586,True
sz.002222,2019-08-22,-0.03720106288751119,stop,0.37777777777777727,0.7284829264968665,5.7307,1.4214559386973222,1.8131820039500495,2.3861326776119376,-0.1332019584108427,1.8603603603603573,2.9645913801024313,0.6841262507746223,1.207547169811317,0.20754716981131702,0.6758777086123257,-0.09869733039604733,-0.08031840157051817,-0.0649886607359722,0.02996422182468697,0.03658536585365936,False
sz.002223,2021-06-09,0.07856299793449378,tp,0.12472647702407084,0.8077191937333182,9.1299,1.8776606481876092,2.396778762941763,3.196952010418884,-0.0164568005832737,1.1181267801290746,1.5881114176760793,0.6178305328837754,0.906103286384975,0.40845070422535285,1.0613617711191325,0.2363624621950533,0.24128286273200916,0.2026097267090027,0.04212480069433286,0.342495329815636,True
sz.002224,2024-03-21,-0.043222003929273,stop,0.012345679012345267,0.8305148505299842,7.4468,1.2537313432835842,2.437713486728406,2.034465238344637,-0.09498207885304655,1.0155440414507784,3.5055010522621584,0.5445569632421361,1.2000000000000017,0.2000000000000018,0.9396190695072674,-0.021072796934865634,-0.03219696969696961,0.01343646189697058,0.04787997390737114,0.3274336283185845,False
sz.002225,2020-11-12,-0.038461538461538436,stop,0.07894736842105146,0.9656749305807856,5.7613,1.3093525179856145,2.182791658417782,2.230215541667344,-0.04104477611940316,1.9061032863849754,1.780503645227013,0.7317070547850157,1.0769230769230773,0.3076923076923051,0.9961289781980103,0.1323210412147502,0.254927697674175,0.11233762581532718,0.03237547892720305,0.13207547169811232,False
sz.002227,2021-03-19,-0.03598099117447394,stop,0.043988269794721487,0.8216808312975694,6.7712,1.241830065359479,1.668826710037162,1.5826616993080567,-0.20534329961930464,1.3258655804480675,1.9827460242796664,0.4622392913684146,0.7157894736842113,-0.2842105263157887,0.6808699069997444,-0.13525621392893628,0.1646311798154234,0.0011722278988602428,0.04697484704282801,0.22418879056047208,False
sz.002227,2022-10-17,-0.026053639846743283,stop,0.3218390804597704,0.6936202898299462,5.3024,1.4831460674157306,1.178657024789078,1.60112487064848,-0.273299028016009,1.012578616352203,0.7023630353456625,0.6938890882360671,0.8333333333333316,0.37878787878787873,0.6769128143265106,-0.091800981079187,0.07107438016528933,-0.06283331425093545,0.044135802469135815,0.2219780219780218,False
sz.002229,2022-07-18,0.036827195467422066,tp,0.1570247933884301,0.9038263094304078,7.218,1.4125560538116584,1.5628730807250648,1.7496823632644873,0.011347517730496692,1.1435643564356426,1.3685446545345785,0.496108436783517,0.7111111111111115,-0.17777777777777984,0.8071691703311571,0.3007380073800736,0.05855855855855818,0.17348424951104793,0.045295508274231726,0.2851985559566784,True
sz.002229,2023-02-02,0.14974937343358388,tp,0.2702702702702699,0.7862302507539582,9.9702,2.153846153846153,4.992821979356845,7.839451082165714,-0.0808457711442786,1.0628272251308915,1.530223769285984,0.7755937777700747,1.0192307692307723,0.6538461538461559,1.0907197389135337,0.12354651162790709,0.0841514726507715,0.10198990198990204,0.03510133678309615,0.3863636363636366,True
sz.002229,2024-03-19,-0.08027210884353764,stop,0.3282828282828284,0.8648859312720524,10.0073,1.4570532915360512,1.8029099946626186,1.9579495151198651,-0.11045481393975176,1.5391008689081973,2.183882463482484,0.6360054062865247,0.8072289156626506,-0.1054216867469904,0.8297133189413576,-0.07489123679303922,-0.10868263473053896,0.003505696757230473,0.06777516515507787,0.41605839416058377,False
sz.002230,2021-05-14,0.11171991084695386,tp,0.27125506072874367,0.8564947356879493,8.6041,2.1807788495891374,2.2657105561581035,2.6187859642407485,-0.07950805473757139,1.2488262910798122,1.7977663910934498,0.5103035258115932,1.020642201834862,0.18807339449541355,0.917855167528534,0.2191595119746952,0.26664785692718174,0.18889725794082313,0.0328020756115641,0.4461045891141936,True
sz.002230,2024-01-26,-0.08199856562275884,stop,0.25859491778774163,0.9493349670066439,10.0052,2.718644067796601,2.7610287138635057,3.25961694413367,-0.18800617045892798,1.2038216560509507,1.4454690790301123,0.6037006878601441,0.9326683291770594,-0.06733167082294056,0.5831126065996066,-0.057445370578959154,-0.3231963765771595,-0.14913953074557043,0.03610579987253027,0.22793719545208405,False
sz.002231,2021-02-23,0.02721088435374152,timeout,0.29545454545454497,0.7045835593695153,7.6167,1.4334470989761083,1.6512756916920277,1.850770372082292,-0.3026604629335178,0.9483870967741937,1.324803764442829,0.7887055198825906,1.0333333333333325,0.033333333333332646,0.6968534197765511,-0.2598160747036098,-0.3774055777294194,-0.22280195064065197,0.048069474854949855,0.0890052356020942,True
sz.002232,2023-03-22,-0.027482823235477877,stop,0.26282051282051283,0.727867321709164,6.25,1.2098765432098773,1.6310463419061896,2.099151584521031,-0.048661800486618056,1.1953041622198493,2.6105267971111825,0.8239059217956298,0.9714285714285711,0.7571428571428636,1.0625575839548886,0.2593457943925237,0.32758620689655205,0.1664773034680521,0.03797155225726652,0.14119359534206782,False
sz.002233,2019-11-22,-0.0376681614349775,stop,0.3248407643312101,1.0062011411466603,6.5764,2.151447661469929,4.0004294461765,3.5846622333185745,0.04554079696394697,1.5984251968503946,2.861117385044342,0.4502316107825338,0.9710144927536228,-0.02898550724637716,0.8988258851308873,0.10057639215028824,0.008453345968518766,0.06453888221418153,0.02224242424242423,0.4093959731543626,False
sz.002234,2022-07-07,0.027825099375354927,tp,0.13333333333333397,1.0276517740903928,6.6948,1.3177892918825558,1.5701324578023346,1.610749393549731,-0.17220402433317727,1.278719397363463,1.9214189514571574,0.6113900944383482,0.7247706422018342,-0.22018348623853395,0.78520735137967,0.012768427161926832,0.010422698320787571,0.08198042721175591,0.040248328557784166,0.21625544267053645,True
sz.002235,2020-09-01,0.060153994225216445,tp,0.015075376884421572,0.7436076138003035,9.9895,1.9153737658674177,1.5426393500571633,2.269395174693319,-0.08084358523725843,1.1351351351351338,1.5438452707518406,0.5990329357871066,0.8659793814432981,-0.13402061855670186,0.6311798375503747,0.2928660826032541,0.07492195629552545,0.1699637571730596,0.05282349144885449,0.009823182711198784,True
sz.002235,2023-10-17,-0.07770270270270284,stop,0.005076142131979586,0.9508390215067954,10.0244,1.8544395924308594,1.8555471031778281,2.378569371788109,-0.052631578947368474,0.8990825688073395,1.2737487204430706,0.6260458690923274,0.8571428571428563,-0.10989010989010949,0.7865062073972886,0.3884555382215289,0.21584699453551925,0.21665033833815583,0.06292134831460675,0.054794520547945244,False
sz.002236,2020-08-12,0.009747452370403031,timeout,0.10874200426439207,0.8104060247463618,9.9951,1.9265129682997069,2.46140825369124,2.9866908360810265,-0.03766233766233784,1.1754827875734677,1.8739238123381579,0.618264083453102,1.0628272251308912,0.06282722513089133,0.8698361542012343,0.37131272572597296,0.08633886613682429,0.21361376426902415,0.04805369127516781,0.17140058765915758,True
sz.002237,2019-11-25,0.049357945425361066,tp,0.31555555555555603,1.02554557274012,7.1369,1.8979266347687398,2.2816289567697274,2.312743131995693,-0.27909604519774,1.1400651465798033,1.7703520394893417,0.7035936725304439,0.7999999999999978,-0.20000000000000218,0.6808419638299044,-0.23371880706025572,0.267875125881168,-0.13906190343224148,0.03582208101667992,0.09207708779443295,True
sz.002239,2020-11-10,-0.04301075268817212,stop,0.24324324324324434,0.8891631184603678,10.0,1.954716981132081,3.023106802409211,3.822051281138034,-0.228384991843393,0.6684350132626036,1.1089472222169952,0.6700657095126266,0.7027027027027039,-0.13513513513513747,0.7594118800424059,-0.10687022900763354,0.3604651162790695,0.032808592025893576,0.04337606837606836,0.08717948717948747,False
sz.002240,2021-12-01,-0.10199373867193941,stop,0.022595901208617798,0.9115243797773792,7.8004,1.3599828067913193,1.7338718830456181,1.8924738733082695,-0.24220374220374208,1.1871345029239753,1.655138920205932,0.6115968123462016,1.2168141592920338,0.5464601769911488,0.9591433799168362,0.12158671586715841,0.822788605697151,0.2145490145150493,0.06001535340242363,0.05352676338169092,False
sz.002240,2021-12-15,-0.07810457516339876,stop,0.16703539823008862,0.8979595153896747,9.9965,1.8394160583941608,1.6952711190574146,1.7336719136310437,-0.18360187110187098,1.4727863525588973,1.7338718830456181,0.588654148234291,0.7037037037037029,-0.29629629629629706,0.6823974542433208,-0.20854989604989604,1.0195623342175066,0.16082063596428534,0.058162315985333536,0.12415584415584391,False
sz.002240,2023-05-18,-0.06005917159763323,stop,0.006651884700666071,0.7177143730346738,10.0096,1.849413886384131,2.4482848101250485,3.4196073831941542,-0.13904048121467916,1.9837480954799367,2.5702541860122,0.5204052089451303,0.860068259385667,-0.13993174061433303,0.6768085590324573,-0.0905637719630894,-0.23412721808697923,-0.09263104182425666,0.0395149889989734,0.12237509051412025,False
sz.002241,2019-09-06,0.10748138117806355,tp,0.09295774647887321,1.0286085831757927,10.0147,1.4373484236054965,1.621721607817277,1.5694637045376914,0.03391003460207598,1.496437054631825,1.6228289305794659,0.7555871411506476,0.8031496062992147,-0.19685039370078522,0.7833494330977285,0.8385481852315395,0.5203755706548672,0.4504519642867814,0.05175856591785793,0.5055079559363527,True
sz.002241,2020-05-11,-0.08578199052132701,stop,0.27547169811320676,0.8870361057269502,7.7003,1.6795977011494239,1.5210172820376653,1.5472899830445281,-0.24300762804213583,1.1711911357340719,1.645939737857889,0.6139500101562099,0.7904191616766449,0.25149700598802516,1.028475586883681,-0.07525010874293159,0.06781445212174009,0.04348105838143398,0.04915333960489181,0.23251417769376162,False
sz.002241,2021-04-16,0.1085548172757474,tp,0.05723905723905752,0.68685176316274,8.2087,1.97678916827853,1.8408591146743238,2.2170458672527227,-0.3334831460674157,0.6493765586034907,1.4422449432986568,0.5768892458622595,0.9223744292237441,-0.07762557077625591,0.8205254959944798,-0.3125874125874126,-0.3069480791204051,-0.18660942031205247,0.04376624844580083,0.15956558061821238,True
sz.002241,2021-05-24,-0.053980773970914483,stop,0.05562130177514831,0.7368447139759904,7.139,1.5852017937219733,1.1675947469805164,1.5308178984290532,0.017071908949819026,1.9866585809581514,2.6715277481705706,0.7904219933362612,0.9474850096804048,0.4610146990971332,1.001989312411878,0.15149532065227134,0.06335831368951084,0.16959501896148518,0.044355799471184086,0.32432844697220087,False
sz.002241,2024-06-04,0.04320022658425128,tp,0.20149253731343383,0.716815496678145,5.6407,1.9725685785536182,2.170968628108731,2.8016403717258314,-0.08980454305335428,1.605815831987082,2.0476607397305946,0.5536408267868289,1.0533814176343204,0.30261511908347594,0.9459014845930923,0.008723024372234711,-0.03820716559582216,0.027657953544586594,0.027710038983420542,0.2181301110270079,True
sz.002242,2021-04-07,0.01271571298819275,timeout,0.05957446808510579,0.524183105651135,8.834,2.489082969432315,1.851743444962439,2.9125822658250353,-0.04420992584141481,1.074881516587678,1.5500932845205775,0.6422266267786417,0.9017543859649132,0.0035087719298263044,0.8564740336089762,0.020374023498200833,-0.2364627181795922,-0.01237649829835562,0.03885242641209226,0.07228070175438593,True
sz.002244,2022-08-30,0.0901378579003181,tp,0.1538461538461548,1.0163767379576525,8.1515,1.5866666666666653,1.794668191873582,1.8172005869191346,-0.06640237859266607,0.8043087971274661,1.2579191383276902,0.49654631025800217,0.9558823529411762,0.02941176470588075,0.9548057484675911,0.2510204696774192,0.38902702578796555,0.20359592320811168,0.0469632768361582,0.08816120906801005,True
sz.002247,2024-07-10,-0.03448275862068969,stop,0.3749999999999995,0.9324766019527834,7.4074,1.7499952790323097,2.228225474649103,2.2339014976940135,-0.17613636363636365,0.9999969169202492,1.5855728608072486,0.567072134703235,0.7999999999999996,0.10000000000000023,0.9490041393103706,-0.08750000000000002,-0.37339055793991416,-0.06659582757291009,0.04109593968407487,0.3214285714285709,False
sz.002248,2019-09-10,-0.04745370370370372,stop,0.08163265306122423,0.8066741888991363,9.9874,2.8455284552845455,3.771562098732448,4.2911932188740485,-0.1122448979591838,1.4666666666666661,2.362373476980441,0.5713897037642722,0.7066666666666674,0.013333333333335449,1.0001386315829626,-0.09176225234619384,-0.19202226345083473,-0.0596152808018282,0.02881745120551091,0.15151515151515174,False
sz.002248,2021-11-22,-0.04704797047970478,stop,0.08333333333333338,1.0402811343722902,9.9898,1.6055045871559641,1.9435788282645199,2.169530699734609,-0.23093371347113334,1.1596638655462181,1.2590000937832744,0.8154106811239777,0.8800000000000008,0.20000000000000107,0.9109592328749674,0.6402985074626866,0.5478873239436621,0.2638478935868444,0.061510464058234744,0.07286821705426369,False
sz.002250,2019-12-06,0.06876227897838881,tp,0.14163090128755368,0.8870195791240528,5.4208,1.2288401253918448,1.8235309258194952,1.867990269075783,-0.026350461133069936,1.4579439252336464,1.8271181066362674,0.5834205340391764,1.2142857142857182,0.40476190476190893,0.9932240988231584,0.11422254974207813,0.43580371972332,0.2028445031240492,0.03736772486772489,0.19776119402985068,True
sz.002250,2024-05-07,-0.04333868378812221,stop,0.3798449612403088,0.8089093281573597,7.8182,1.4848484848484862,1.8886011718732714,1.970755852077898,-0.19864864864864862,1.702702702702698,1.4220634877592522,0.5841802942285627,0.9714285714285722,0.9142857142857139,0.8506147843954881,-0.07952871870397649,-0.20076726342710993,-0.06686241819493867,0.03408000000000002,0.007299270072992515,False
sz.002251,2020-01-10,-0.03265306122448987,stop,0.2595214618719377,0.8089465029813687,5.2516,1.846202017371318,2.115835718474644,2.9080931402081722,-0.018326274442831858,1.006249999999994,1.7843279380790715,0.4049882104382627,0.9583333333333368,0.06250000000000432,0.9568200926259032,0.24360873269205863,0.22467052864091075,0.16870380811997224,0.025767780291746083,0.2343732186672448,False
sz.002252,2023-04-06,-0.052227342549923304,stop,0.2727272727272733,0.7735706763291766,5.9308,2.3333333333333295,2.72929594757105,3.0190145251870666,-0.06676342525399115,1.5664335664335807,2.3827591933817494,0.5352409628276228,1.055555555555555,0.16666666666666707,0.9710268841196152,-0.007645259938837912,0.2409177820267685,0.09071047434981744,0.019311761684643033,0.22302158273381428,False
sz.002254,2023-05-25,-0.03679090448693109,stop,0.0741839762611264,0.9549841546488416,7.212,1.7339449541284337,2.0275077995039092,2.0874424057409002,-0.19009036955839076,1.019798328047468,1.4883729210033647,0.5421566200928755,0.9259259259259295,0.030864197530866513,0.9156820194542185,-0.15347336530559685,0.10434568331883898,-0.0355544690742529,0.03577239075445808,0.15838150289017416,False
sz.002255,2023-03-20,0.06493506493506503,tp,0.38983050847457545,0.8718786866745523,5.9055,2.074074074074079,3.3022687049251056,4.1771369300745045,-0.023593466424682297,1.3446327683615862,2.0907510128083824,0.4562196411779553,0.8214285714285706,0.03571428571428331,0.8280752240868224,0.046601941747572484,-0.009191176470588425,0.05705273823726482,0.02455163883735311,0.07317073170731643,True
sz.002262,2020-03-10,-0.08573717948717961,stop,0.24358974358974375,0.8079519191455824,6.9565,2.1221052631578954,2.7361371119353532,2.860673484242667,-0.0016233766233765268,0.7813953488372095,1.6970805939418676,0.7270294594910047,0.9444444444444432,0.11111111111110812,0.9528122297685905,0.12136352513908943,-0.049166411863629245,0.06868433502437929,0.03484114162627894,0.24233983286908067,False
sz.002262,2020-05-11,-0.05031013094417655,stop,0.1570881226053636,0.9518826345717467,10.0,1.805653710247352,2.0238674770516827,2.3546922245134794,-0.004054054054054124,2.346368715083798,3.828616942260689,0.5176119328486066,0.8082191780821917,-0.1780821917808217,0.8163234505163491,0.258036490008688,0.18882006863866652,0.22916295557775837,0.04355432780847146,0.34920634920634946,False
sz.002262,2020-10-14,-0.029103608847497096,stop,0.3982300884955759,0.7639291928176977,7.0404,1.799435028248588,1.4475002032280042,1.9883952391193926,-0.21360153256704972,1.342672413793099,1.3414898317095814,0.7486302863569125,1.1758241758241734,0.5604395604395609,1.0493828938532952,-0.03257142857142836,0.2434973759937482,0.05330941018716442,0.033451466824178024,0.16824196597353513,False
sz.002262,2021-11-17,-0.050222504767959225,stop,0.1480144404332119,0.9838786407057384,10.0277,2.160714285714287,4.263454866473672,4.616216106599751,0.02446877012234383,0.7818499127399664,2.0106119843095804,0.3659184203483093,0.7603305785123969,-0.14876033057851362,0.9083430015736035,0.09084604715672673,0.027255946092338723,0.07944996015601251,0.03070565797838526,0.21311475409835995,False
sz.002263,2022-07-21,-0.0532544378698224,stop,0.322033898305084,0.6062718264321965,7.3016,1.7857142857142863,1.3192755248853592,1.8271162876872535,-0.06111111111111123,1.0111111111111104,2.256745530481063,0.450740204696323,0.9600000000000009,-0.03999999999999915,0.48705115051889925,0.23897058823529416,-0.10133333333333316,0.06499525966501632,0.0440158259149357,0.08333333333333329,False
sz.002265,2020-08-06,0.056856187290969785,tp,0.15695067264573928,0.7975753237684124,10.0599,1.6950672645739868,1.9004775745863793,1.7635236886277055,-0.0275132275132276,1.7460317460317452,3.1784754666709634,0.599788904909651,0.7407407407407407,-0.18518518518518462,0.843542983788979,0.17402597402597397,0.1271820448877805,0.1311547204437865,0.04078171091445429,0.1623529411764709,True
sz.002266,2019-09-06,-0.010377358490565973,tp,0.06666666666666837,0.8054802111573786,5.2738,2.12359550561798,2.7438933284018914,3.15592933282294,0.025691699604743157,1.9649122807017592,3.5931514152250035,0.5174528914199261,1.1481481481481453,0.33333333333333215,0.9204612057976516,0.162986944455892,0.17330168453975792,0.08961543333323631,0.02159090909090911,0.731092436974789,False
sz.002266,2021-02-19,0.01996007984031945,timeout,0.29787234042553185,0.6622758965537561,9.4382,2.1697416974169728,1.7321990949952462,1.9861992642286348,-0.048828125,1.2727559756983648,2.256350504627327,0.6341824553100686,0.8809523809523826,0.35714285714285665,0.9940474847490534,0.1180502716940699,-0.08700011237003236,0.04356249851480901,0.03532508037068483,0.2206572769953046,True
sz.002266,2021-08-16,-0.1114285714285714,stop,0.28275862068965446,0.9618346690956082,8.9983,2.0055096418732803,2.7561521817276677,2.9676152899897006,0.0789915966386554,1.7595628415300513,4.12144532986882,0.519328313596739,0.7115384615384607,0.15384615384615358,1.0556149038016167,0.27484177103045515,0.32377509153465445,0.2189761490385816,0.032512820512820506,0.36531365313653114,False
sz.002268,2022-06-06,0.04984726464870879,tp,0.39096267190569717,0.9175084539488836,8.1049,1.4771915906386364,1.7783691566153395,2.1653771457994395,-0.2677551020408163,1.1631578947368422,1.6627212007070105,0.5017340819344196,1.0075187969924815,0.18796992481203229,0.8372991124471936,-0.1841220004485309,-0.33709912536443143,-0.15534814608437214,0.058200476452263145,0.34580838323353363,True
sz.002270,2023-09-01,0.02690917743125735,timeout,0.33774834437086043,0.8109976752125981,6.2772,1.777391304347822,1.3936892237352396,1.8204261360617586,-0.0535714285714286,1.0129870129870115,1.6000823634205916,0.5210749786162374,1.0,0.0,0.7244700654162781,0.2438775510204081,0.3734377929156796,0.15963991352175866,0.03202078206179928,0.0432276657060519,True
sz.002271,2020-04-10,0.08570234113712377,tp,0.04109589041095895,0.7209743702747045,10.0061,1.490909090909092,1.6181313400516535,1.967807723949671,0.014345991561181659,1.2107843137254881,1.545453507346773,0.5401171879596864,0.9268292682926826,-0.07317073170731735,0.8484309240119622,0.3398058252427185,0.5967740839953055,0.3081968563112537,0.049758454106280194,0.3163841807909601,True
sz.002271,2024-02-19,0.04862385321100927,tp,0.3763440860215052,1.0468586128747315,7.5941,1.4981549815498187,1.57850778562217,1.5226461673136706,-0.330965315503552,1.271144278606965,1.7355337312233465,0.849512998401836,1.3534482758620663,0.35344827586206634,0.41374545077734687,-0.27824175824175823,-0.44225543478260876,-0.2742247383871907,0.04098660170523751,0.22193877551020408,True
sz.002271,2024-03-15,-0.037598204264871114,stop,0.26460481099656663,0.7538943515082079,6.4281,1.7118644067796618,2.1059103457031947,2.568911520220927,-0.14556962025316456,1.4981549815498187,1.7824876100808227,0.6133642096223233,0.8019801980198019,0.148514851485148,0.8702227295978848,-0.0809968847352025,-0.3789473684210526,-0.14513746624218682,0.040169491525423734,0.1712000000000001,False
sz.002272,2024-01-03,-0.05738880918220949,stop,0.3698630136986294,0.5592625588659358,6.2016,2.2022471910112356,1.6990492991129866,2.9111630287173877,-0.07055630936227963,1.0230769230769263,0.9582039581155445,0.6882466818306516,0.9761904761904777,0.28571428571428725,0.9886070782448321,0.15973377703826963,0.04654654654654644,0.10738921473870969,0.028933524629363962,0.17159763313609536,False
sz.002281,2020-01-14,-0.0544000000000001,stop,0.33764400760130386,0.9809515315468789,6.0992,1.5096257473524206,1.9873267790055142,2.308957006647131,0.01866151866151866,1.3728029602220126,2.1266369182303975,0.5336331640244286,0.7191780821917831,-0.2808219178082169,0.7881748339225227,0.0934556690003785,0.22312966810296753,0.08573478773717853,0.027167449755015272,0.13560968284074268,False
sz.002281,2020-11-10,-0.026719901719901865,stop,0.18505338078291766,0.8244798726625959,6.083,1.2435294117647075,1.5505891807076269,1.9969833400367827,-0.09748083242059158,1.233310392291817,3.0428886863983777,0.7465727809626476,0.7880794701986755,-0.1390728476821192,0.5356983032274651,0.03803486529318545,0.067070252302174,0.009485882445872595,0.03416793893129774,0.21456436931079287,False
sz.002282,2021-01-21,-0.03557692307692339,stop,0.31358638753349627,0.959944191829454,8.5153,1.7501328174975967,1.9212467247426677,1.891294699088504,-0.14071938539018236,1.1743421052631606,1.4664203119600498,0.7120774103458679,0.8783783783783805,0.3108108108108151,0.9369777220775511,-0.040384892835959474,0.18553847738214801,-0.027153306023944192,0.041292886433230605,0.052602378313932545,False
sz.002285,2020-09-09,0.12772277227722773,tp,0.1219512195121948,0.6862566213470624,10.0446,1.919354838709674,1.863361396713155,2.699806209029575,-0.04457364341085279,1.5602409638554218,2.340703469417901,0.8349061062416694,0.9215686274509809,0.1764705882352934,0.9616214852108322,0.7992831541218635,0.5936507936507935,0.5170746449078268,0.06374501992031874,0.1375464684014867,True
sz.002287,2024-08-05,0.027277406073082988,tp,0.29943502824858764,0.7933890931418424,5.61,2.0103806228373804,2.079027025767401,2.350269637397355,-0.14547422216352135,1.3978819969742833,1.2573337824109543,0.657184442835646,1.0240963855421654,0.048192771084335374,0.7864508669178049,-0.12026180533247655,0.07024571344829278,-0.045841717365068445,0.02498773663056648,0.11004784688995327,True
sz.002288,2020-08-04,0.10925644916540216,tp,0.09890109890109869,0.7018137379739985,10.0365,1.2163934426229515,1.9651405480320032,2.533103477372325,-0.02584814216478193,1.7560975609756115,3.993205821976515,0.6783719989083237,1.188679245283017,0.43396226415094064,0.9456384091844938,0.3520518358531317,0.3433476394849786,0.24029983819304535,0.050319488817891396,0.2706422018348622,True
sz.002289,2021-10-12,0.09410112359550565,tp,0.29333333333333267,0.8505906620017288,7.7922,1.508038585209004,1.8781284147420874,1.6680387673956887,-0.19841966637401232,1.0237659963436938,2.2942639087303447,0.36045537070809897,0.8059701492537301,-0.19402985074626986,0.5368495111657229,-0.08163265306122458,0.33136094674556227,-0.014805287211625403,0.04170370370370369,0.04929577464788753,True
sz.002291,2021-05-07,0.09930555555555554,tp,0.3013698630136969,0.7447389638083237,10.0,1.818346957311535,2.7172092126684557,3.089148001279826,-0.1379807692307693,1.207048458149777,1.9575196651918823,0.5201894224916843,1.041958041958041,0.06993006993007093,0.9113565509911954,0.02037351443123936,-0.210712272534457,0.005536581070352615,0.05106304307635423,0.025850340136054577,True
sz.002291,2021-07-12,-0.05437469105289181,stop,0.37195121951219695,0.8211969726740462,9.1557,1.9884393063583814,2.433874852654251,2.7111741462876635,-0.12445030782761657,1.0467289719626174,1.0041791642513125,0.6390325286423362,1.040697674418605,0.18023255813953426,0.8665679795935979,0.24430769230769234,0.09712425393380353,0.09012000125796865,0.05060995713814708,0.03693931398416941,False
sz.002292,2020-06-01,-0.03693181818181823,stop,0.29850746268656797,0.9630482699364538,8.3333,1.7761194029850753,2.4071950248541483,2.957548373310979,-0.1983071342200725,1.427762039660053,2.92003422210349,0.674459453891948,0.8039215686274515,0.6078431372549011,1.008688517610842,-0.11817026683608634,-0.16280448016236493,-0.13470812064244517,0.03818443804034585,0.2715654952076679,False
sz.002294,2020-08-26,0.07774607703281029,tp,0.33601609657947595,0.6470537837104251,7.3397,1.4729729729729708,1.6251684477297081,1.9250900382295595,-0.08759867583397019,1.5509545576767958,1.6792534842513063,0.6037939955790449,0.9633027522935795,-0.0366972477064205,0.7518198618026796,0.754170755642787,0.9399359172190374,0.4649671959793428,0.04804662004662006,0.13295880149812778,True
sz.002294,2023-11-02,0.04182330827067668,tp,0.006928406466512797,0.8293453275400926,5.6721,1.6731266149870798,2.2683685859652614,3.0536022760777843,-0.04785819793205337,1.0827532869296217,1.8665230866091094,0.3696737509233992,0.8432432432432474,-0.1567567567567526,0.8958268028753527,0.045841519318926105,-0.1013314407102428,0.03489176412635597,0.03219578376121894,0.25527831094049963,True
sz.002297,2020-07-13,-0.02916666666666675,stop,0.2598425196850392,1.0471191138798017,7.0045,1.5312499999999987,1.7352182462139503,2.018832154225503,-0.11901840490797566,1.173652694610782,1.432644822553824,0.7160232449770436,0.9047619047619059,0.09523809523809625,0.9625427262000683,0.34701492537313405,0.06962962962962949,0.2010313565665807,0.046675900277008325,0.17449664429530137,False
sz.002297,2021-11-03,-0.07514450867052033,stop,0.151785714285715,0.9759608200351698,10.0213,1.7396449704142,1.8264422877939017,1.9027896251346874,-0.12911392405063282,1.3658536585365848,1.3014421074013327,0.7620281361893,1.071428571428572,0.07142857142857204,0.7950372434597577,0.1862857142857144,0.4807417974322399,0.175571222288287,0.05234425176621709,0.1256637168141594,False
sz.002297,2022-09-14,-0.034028540065861555,stop,0.08256880733944942,0.5684283904005865,6.5805,1.514348785871964,2.6904744828335363,4.653416973497041,-0.08012170385395534,0.8731808731808746,0.8705238273151782,0.7154169290844898,0.9591836734693886,0.061224489795917034,0.7708623972144797,0.16666666666666674,0.17419354838709666,0.1478184092414097,0.03890109890109893,0.01351351351351383,False
sz.002298,2024-09-25,0.09268292682926849,tp,0.09333333333333349,0.8162917387794015,9.893,1.8796296296296355,3.705596057824697,5.082462916499369,-0.11231101511879038,1.1465517241379322,1.1963687920242718,0.8473148710210265,0.7931034482758607,-0.0689655172413808,0.9746413319326948,-0.08501118568232657,-0.2786596119929453,-0.06688562264326478,0.03830480847595757,0.2555555555555553,True
sz.002299,2021-01-26,0.08173418621179819,tp,0.33179234061565716,0.9110507720509347,6.5938,1.425060049242135,1.4654723244189125,1.5115549996283772,-0.04020099226278828,1.8260869565217368,2.213410818094794,0.7114889253031548,0.739130434782609,0.0,0.8053257445601266,0.2660738096887152,0.023005283856491587,0.13432907330312815,0.0363373552793086,0.21989807266177933,True
sz.002299,2021-08-12,-0.04189526184538673,stop,0.0566037735849057,0.9285508522220648,5.2138,1.2903225806451617,1.6198886208227463,1.590231434842734,-0.23849056603773577,1.147317073170731,2.115172871114522,0.574320933591201,0.8199999999999977,-0.05999999999999945,0.6188165344725652,-0.19680638722554888,-0.3172718018323719,-0.1987548576150479,0.03706096752816433,0.19612590799031449,False
sz.002304,2020-10-16,0.09069579288025867,tp,0.21145194274028603,1.0444759496012292,8.973,2.377878787878782,2.983074953859674,3.5702783196310914,0.010289990645462987,3.1954570434145375,2.5586290903898212,0.5009960482870531,1.0713648528099924,0.19446922390722746,0.9740338930377194,0.1884394855106153,0.7525425574871194,0.27761125494495487,0.03719954796366321,0.3830787309048177,True
sz.002304,2021-04-21,0.03727977872647465,tp,0.3675787299948366,0.9551448028319637,6.1412,1.4296814296814306,1.741681171334902,1.7609354395913002,-0.33970065327048715,0.9998922762038142,1.3088690920581636,0.7526689318824281,1.1619565217391288,0.6391304347826083,0.681878623862137,-0.13131525103614716,-0.011368999668293633,-0.1265778827811843,0.040300760961468785,0.07418576598311225,True
sz.002304,2023-01-12,0.06336438450108597,tp,0.19473684210526268,1.0428836145116047,6.139,1.5713020372010682,2.0659691917727736,2.4332282101509835,0.031311953352769706,1.6723421370156855,2.634736760902832,0.4573939079325927,0.7891770011273943,-0.21082299887260564,0.8989637321269495,0.23999149720116209,0.02543068088597189,0.1259576672087348,0.03412761904761901,0.15949675324675378,True
sz.002305,2023-06-07,0.036036036036035966,tp,0.2941176470588243,0.8393684079163833,6.3107,1.8571428571428559,2.6510118125705513,3.3257478775246874,-0.20363636363636362,1.1428571428571366,2.3788459482023803,0.6693277731193739,1.0,0.38461538461538697,0.8027110810242142,-0.13513513513513498,-0.26072607260726066,-0.1261094313859359,0.034077380952380935,0.013698630136986018,True
sz.002306,2022-03-21,-0.029126213592232966,stop,0.26923076923076944,1.0450837295961077,7.0671,1.3125,1.973575382317366,2.229845488505976,-0.18108108108108112,1.0065359477124176,1.476831664190905,0.6405238072617295,1.3333333333333353,0.3333333333333353,0.8229670605807631,-0.04643962848297212,0.030100334448160515,0.03564223268325498,0.036147186147186136,0.11504424778761053,False
sz.002306,2022-11-08,0.04391891891891888,tp,0.04347826086956526,0.752477690010194,7.5426,1.6559139784946226,2.502885905188057,3.0521283712936045,-0.17690875232774672,1.3911205073995796,0.9134477171182946,0.5282861817123434,0.8484848484848491,0.09090909090909165,0.9601310647484169,0.3244047619047621,0.5505226480836236,0.22322757988775624,0.052734082397003765,0.14619883040935688,True
sz.002308,2022-01-05,0.040130151843817796,tp,0.33333333333333287,0.774490182100332,7.7982,1.3293768545994082,1.3149529858739464,1.5348783186679338,-0.09266409266409259,1.2380952380952372,2.2376848586972886,0.5926048805904696,0.7187500000000007,-0.125,0.73995690956663,0.20103092783505172,0.11750599520383709,0.13973585520952228,0.04463519313304719,0.18699186991869918,True
sz.002311,2019-12-20,0.07488653555219359,tp,0.0,0.7992332192582596,6.129,2.023357664233577,2.3996562900709035,2.9003931637679172,-0.060000000000000164,1.1150442477876086,2.484231140593784,0.3230797824942389,1.1414141414141425,0.1414141414141426,0.9595097940716125,-0.012499999999999956,0.07170542635658927,0.055122575584522986,0.028179626280892107,0.23878787878787808,True
sz.002311,2020-10-30,-0.03740728797162215,stop,0.2669962917181711,0.7264220802742868,9.5488,1.39502885042166,1.9441006347455578,2.5391595042782824,-0.1720856463124505,1.2896094325718515,1.5240396327787178,0.4751712499027187,0.7238307349665916,-0.23385300668151354,0.6262097272589573,-0.006612903225806321,0.4377352356018247,0.0836981011067599,0.04485576662878172,0.108476585655009,False
sz.002311,2021-12-08,0.08141624730409781,tp,0.11801242236024975,0.9977512807460805,6.7064,2.3959199093313233,2.642907439132963,2.670518401004435,-0.023935789021069076,1.1009251471825074,1.7446241503689184,0.42714639270467836,0.9492273730684322,0.2428256070640167,1.0470782268364447,0.05794221067115135,-0.10842424327204281,0.01949592278837924,0.028930635838150233,0.2522875816993464,True
sz.002312,2021-01-21,0.10691823899371058,tp,3.278163875843523e-05,0.9009081032540464,7.8534,1.7445442867574203,2.5265109886876145,2.678842205533683,-0.08850058153429707,1.6867469879518056,2.0311074047437354,0.679217220682469,1.0,0.5500000000000036,1.093459620844998,-0.043353535294822665,0.09965031767656973,0.05408550218303261,0.030052177161714346,0.22528052425413245,True
sz.002313,2020-02-20,0.08116385911179164,tp,0.26153846153846094,0.9058220819293153,10.0,1.3274900398406353,2.415522163983514,2.4422283796521294,-0.08765315739868051,1.5852417302798993,2.1176708346421353,0.7120270611912976,0.8487394957983193,0.14285714285714457,0.7132540865538464,0.04774678111587982,0.011917098445595853,0.011436709680203789,0.036798088410991615,0.07150715071507133,True
sz.002313,2021-02-24,-0.04579439252336434,stop,0.09090909090909075,0.8829777322835664,8.1466,1.752639517345401,2.0291405285324977,2.00904095960116,-0.2814614343707712,1.0736196319018405,1.5670363024701046,0.7863483725437909,0.8313253012048207,-0.04819277108433632,0.7424220460075659,-0.26323119777158765,-0.3926521239954076,-0.21626726915811703,0.0439508506616257,0.12206572769953047,False
sz.002315,2021-12-16,-0.027929568913175277,stop,0.1711026615969591,0.9480240446128967,5.0576,1.4383561643835545,2.1217786253058217,2.139745446312123,-0.11153221440173255,0.9971509971509951,2.042825346646214,0.46458013334736337,1.0400000000000016,0.12000000000000074,0.7517760801811223,-0.07821229050279332,-0.10228509249183904,-0.025441873514168146,0.027333333333333362,0.11059907834101404,False
sz.002318,2020-09-04,-0.035483870967742,stop,0.1081081081081074,0.9234006548099448,6.1017,1.9951690821256007,2.7336785277450915,3.72701784209397,-0.013655462184874012,0.8257372654155485,1.2366510111695392,0.7531639658333555,0.8135593220338964,-0.18644067796610359,0.8314605255581522,0.28888888888888853,0.1985999502834701,0.19859120361290403,0.036135057471264366,0.0671641791044773,False
sz.002318,2021-11-23,-0.03858317520556623,stop,0.3548387096774197,0.7774611291168031,8.5401,1.672955974842767,2.0241209677633916,2.1616038700094364,-0.16319639842431066,1.4934952298352124,1.852059739225167,0.6383743204142175,1.4385964912280698,0.7368421052631592,0.9937013903090051,-0.021183800623052917,0.2994210090984286,0.17385537892514905,0.04661574368767237,0.255494505494506,False
sz.002318,2023-04-19,-0.04845153506381311,stop,0.11235955056179744,0.8106104854500229,6.0881,1.940157480314958,1.5414767805764398,1.74099152521576,-0.08491620111731846,1.5506329113924002,2.065955325644996,0.3654667598973373,1.0,0.045454545454548266,0.8118717949277315,0.04987212276214836,-0.0358191426893717,-0.011934610370073106,0.02795371498172962,0.024719101123595866,False
sz.002318,2023-09-01,-0.02742731760833793,stop,0.3600000000000014,0.9182841986353311,5.3293,1.2974588938714493,2.846101401057986,2.9880964612393095,-0.036164383561643976,1.7470881863560788,1.8856020925046566,0.5911302583264418,1.258064516129035,0.7903225806451608,1.056559471746694,0.12788521522145957,0.09916406111839193,0.09791280727011582,0.024354719764011813,0.16279069767441892,False
sz.002319,2022-07-18,-0.03983516483516484,stop,0.10077519379844987,0.8446057053464783,5.5636,1.8433333333333342,3.3003099587477798,3.955953909705975,-0.06942675159235656,1.0370370370370396,1.3699643441759937,0.508547229708254,0.962025316455697,-0.03797468354430303,0.8898637484278625,-0.032514930325149294,0.12586872586872588,0.060119487633151135,0.03033836305441242,0.2281690140845068,False
sz.002320,2019-12-09,0.09510869565217388,tp,0.20779220779220722,0.547842365672582,7.2939,1.9599999999999982,2.0615219570339076,3.2505532753718254,0.026289180990900052,2.0151515151515142,4.238133017948422,0.44884311672580784,0.9610389610389596,-0.03896103896104039,0.9147974920565324,0.2207478890229193,0.17265353418308216,0.17037065592413403,0.03863636363636363,0.23273657289002508,True
sz.002320,2021-08-27,0.06092436974789913,tp,0.18749999999999634,0.6674307670954688,5.3097,2.1368421052631636,2.9382173355864185,4.230050247437752,-0.05405405405405406,0.9054726368159265,3.3118633309336682,0.5061214530074263,0.8620689655172459,0.0,0.8810720649861099,0.025862068965517127,0.018585562790399246,-0.011282050205372606,0.029803921568627417,0.15646258503401392,True
sz.002324,2022-08-03,0.11637689287717351,tp,0.28063241106719355,0.589541259231725,9.9938,1.760606060606063,1.2333232352012522,1.7927338972415088,0.04883859440142935,1.923150816522576,2.90847136133069,0.831670679132044,0.8433734939759058,0.07831325301204822,0.9329320245501331,0.8284479634294954,0.22609130972748148,0.3427564068137552,0.04900413378429161,0.407098121085595,True
sz.002325,2022-09-01,-0.044052863436123385,stop,0.07142857142857154,0.9698872844386454,9.9526,2.666666666666662,4.645069690127798,5.053807471231251,-0.1343283582089554,1.2584269662921352,1.9632476064883317,0.6766119528217149,0.7999999999999996,-0.20000000000000046,0.9133474581551458,0.0,-0.09881422924901184,-0.03471634208298065,0.03596491228070176,0.26984126984126977,False
sz.002325,2023-12-15,-0.06626506024096378,stop,0.28000000000000097,0.898564462329442,9.7403,2.6133333333333377,3.9517916395690724,5.6271024700495715,-0.028735632183908066,1.2352941176470629,2.473706973936598,0.7159728182400161,0.7857142857142854,-0.21428571428571463,0.6619833451199231,0.07792207792207795,0.12162162162162149,0.04506584124652432,0.03253012048192766,0.06666666666666647,False
sz.002326,2024-01-03,-0.03602811950790847,stop,0.39344262295082155,0.9100734691083916,5.4945,1.9290187891440493,2.158578218598894,2.494385235451913,-0.1351351351351352,1.3071253071253113,1.4667620380274964,0.3563667964915861,0.8333333333333343,-0.16666666666666577,0.5186033858207353,-0.11206225680933835,-0.23780895123580492,-0.12684140042089145,0.027139935728892773,0.14201183431952694,False
sz.002327,2021-11-23,-0.014492753623188463,timeout,0.37634408602150743,0.9641981282035791,7.6741,2.413793103448277,4.232216460946097,5.379013969048391,0.03050847457627115,1.5916473317865456,2.1727790226964183,0.44430207390166593,0.8307692307692311,-0.1692307692307689,0.8913600406720642,0.19179894179894186,0.03757774728583474,0.11701669762902053,0.03303736588975212,0.2846715328467154,False
sz.002328,2022-06-15,0.04347826086956517,tp,0.018792104952132904,0.8618995239033747,6.6288,1.6459243988653414,1.422525313846892,1.6062269456794627,-0.01573426573426573,1.272727272727276,1.4642902941884859,0.8575361462927649,1.1794871794871804,0.2820512820512807,0.8742596271578478,0.227918245315601,-0.03578223031774941,0.06895416701190078,0.041176877467282984,0.07160137952334353,True
sz.002328,2024-12-31,-0.09405940594059393,stop,0.23489932885905976,0.8754587577207853,6.2284,1.4718826405867953,1.9899953825400636,2.246512419166008,-0.04658385093167705,1.6169014084507027,2.398375388272033,0.6696131167162163,0.9767441860465115,-0.023255813953488472,0.7007566692472522,0.15830663147365542,0.2918639998825676,0.19934912828272236,0.0403558055577865,0.038961038961039085,False
sz.002331,2020-10-21,0.07161572052401749,tp,0.1295336787564755,0.538326554822714,6.3256,1.6690391459074725,1.0164556048663045,1.807382942469051,-0.06921824104234531,2.4767225325884583,4.5791408636884015,0.6463131809047648,1.0298507462686561,0.13432835820895422,0.7294983982032962,-0.040346554860009376,0.20006352145870432,0.03542547742784447,0.040625,0.04566210045662137,True
sz.002332,2020-09-02,-0.047560975609756105,stop,0.07947019867549743,0.629616749780475,9.9792,1.3153347732181375,2.751806396131407,3.4419933802348615,-0.161648177496038,0.9562433297758768,1.6730985044043396,0.5318437172270709,1.3908045977011514,0.6091954022988509,0.986118044161181,-0.0036452004860270115,0.4726669428183523,0.10445096054169208,0.04186991869918701,0.14204545454545398,False
sz.002332,2021-12-27,0.056592533756950066,tp,0.05785123966941829,0.7730984827511325,5.4654,1.7733333333333365,2.0630016105338123,2.5838403780826495,-0.06439393939393934,0.8373831775700885,1.0283710096901462,0.7394513785111239,1.2631578947368438,0.49122807017543985,1.0336985893227058,0.13477088948787053,0.020193861066235774,0.09083057434863963,0.028213248878331987,0.17607973421926948,True
sz.002332,2022-12-12,-0.0409764603312991,stop,0.08653846153846165,0.8629250025758654,5.6926,1.2305475504322807,1.894281391108429,2.1523715531956755,-0.02707423580786017,0.9379084967320274,1.1539537742468877,0.6695489105139815,1.0163934426229497,0.5573770491803242,1.1193417091059774,0.22257720979765705,0.1822863027806385,0.17460479869033602,0.03885017421602787,0.12093023255813921,False
sz.002332,2024-08-05,-0.043225270157938436,stop,0.01204819277108453,0.5674106694005759,8.5663,2.574999999999999,1.8522542445794095,2.5371025558588274,-0.053595678270208946,2.0401662106069023,1.9280519736590664,0.5941783181560771,0.8834951456310695,-0.1165048543689305,0.8955554991850536,-0.006657623127183099,0.24929562735538324,0.09303554963468416,0.037667614150173286,0.23493975903614447,False
sz.002334,2023-01-10,0.19333333333333347,tp,0.14150943396226473,0.831190616780924,6.8966,1.6454183266932325,2.8491249248985016,3.653959173722336,-0.1203522504892367,1.405511811023623,1.9252912169168677,0.46144715417313287,0.8474576271186451,-0.016949152542374824,0.9173575525164649,-0.03440860215053776,0.30333817126269946,0.0451076045738005,0.03652561247216031,0.1597938144329895,True
sz.002335,2021-06-24,0.1533333333333333,tp,0.17402597402597428,0.9239127271103624,9.7845,2.628685069531824,3.0271977379226183,3.6164257984749417,-0.07901900857299093,1.6525198938992016,1.704503033785964,0.6119953157214971,0.7885714285714288,-0.0571428571428574,0.9787866464666276,-0.02041776244911131,-0.14589952846888832,-0.0020717869481859503,0.03400164788892684,0.32345282199580755,True
sz.002335,2023-03-23,0.04970244655058409,tp,0.24514991181657783,1.0048953960680014,7.505,1.6549951814969501,1.8676960549956563,1.6121152524790072,-0.21245221190606223,1.0211416490486247,1.9934120985536794,0.5431988828536893,1.2554347826086956,0.5923913043478242,0.7681799733168138,0.029218573046432494,0.2231493943472409,-0.029813036887316825,0.04485035211267603,0.04808159300631388,True
sz.002339,2021-08-26,0.04673590504451046,tp,0.0,0.8430955054417429,7.2441,2.1021021021021076,2.5066414412118867,2.2967192111184094,0.0014705882352941124,1.2887029288702947,2.469929354346318,0.40670823625339714,0.8,-0.05999999999999839,0.8831247464400563,0.14339742592522264,0.11898992750645765,0.10830186815073262,0.030285152409046192,0.4218009478672984,True
sz.002340,2024-10-23,0.05177304964539012,tp,0.10563380281690106,0.8510409583523113,8.3981,1.4510556621881008,2.369215173961483,1.7735949772699378,-0.11096938775510201,1.7886977886977877,3.9306319317907588,0.6850261503474584,1.0555555555555558,0.2407407407407393,0.7388537535119023,0.16393442622950816,0.22726520592768318,0.13391331301156487,0.03713615023474179,0.366430260047281,True
sz.002343,2021-03-19,-0.03403565640194489,stop,0.30232558139534754,0.7688456126287689,6.9728,1.6444444444444462,2.0247179153642545,2.591675696459895,-0.11915768993922293,1.1389830508474585,1.3559687707927601,0.5597341959649864,0.702702702702702,-0.1891891891891899,0.7824576395625,-0.08809049266752256,-0.3120328716805867,-0.07471035679211262,0.04158628081457663,0.029411764705882085,False
sz.002345,2021-12-24,0.08016032064128235,tp,0.3599999999999978,0.990567117642362,6.1311,2.4615384615384515,3.002026431701106,3.3460824370316096,-0.15345699831365944,0.9607843137254848,1.1635642914281321,0.4314342572907982,0.7187499999999971,-0.12499999999999789,0.7158955493445828,-0.10752688172043001,-0.04961832061068705,-0.06894134143491454,0.02751004016064258,0.04054054054054005,True
sz.002345,2024-11-29,-0.040636042402827026,stop,0.0,0.9744430240021011,6.2378,1.9444444444444486,2.523733822673962,2.7176577339169254,-0.0979125474072583,1.5978260869565217,1.6480644237035686,0.8665359944615229,0.942857142857142,0.6000000000000016,1.1247091879833513,0.28816433023908483,0.03620348852195687,0.20362481909362062,0.029034157832744364,0.4636871508379898,False
sz.002346,2022-07-18,0.035842293906810124,tp,0.19341563786008242,0.9538968074940488,5.2632,1.37447405329593,2.0357356508068243,2.3065872055635803,-0.14509276991738562,1.251396648044689,1.3932906838192178,0.7860083326370199,1.15714285714286,0.4285714285714297,1.0489590774778106,0.14398028871713087,-0.31450208380374245,-0.018526780146167446,0.03733812949640291,0.1422413793103446,True
sz.002350,2024-01-03,-0.023494860499265587,stop,0.34246575342465646,0.8005152987181251,5.1969,1.815899581589948,1.783893970188669,2.151465389358441,-0.052482269503546175,1.0322580645161321,1.6427030450026132,0.7190979745352236,1.2258064516129101,0.3870967741935521,0.9443694335482342,0.06918238993710668,-0.06976744186046513,0.03870975954378239,0.024411764705882355,0.16883116883116847,False
sz.002350,2024-10-25,-0.03529411764705869,stop,0.21212121212121207,0.7900632446449489,7.6208,1.4659685863874328,1.9810363537790647,1.8245853883062115,-0.0706260032102729,1.8846153846153848,4.44959526285392,0.7079636587180289,0.9249999999999996,0.30000000000000154,0.8694661863941731,0.2574468085106383,0.2574468085106383,0.15617867623084453,0.03293852227862382,0.38194444444444464,False
sz.002352,2020-02-28,-0.04742602351033656,stop,0.07773109243697457,0.8947870646769309,7.9852,1.9658848614072515,1.4399756310816048,1.6127982478794207,0.0343893288870365,1.8310316815597079,3.2912376590775914,0.5897685721119911,0.7657266811279813,-0.14750542299349256,0.8133788752166842,0.29311323988354365,0.23596808408060954,0.22280956834264348,0.043357167177391874,0.38966760112134524,False
sz.002353,2019-10-15,-0.04973075704783016,stop,0.17024320457796882,0.8389555289375996,7.9359,2.049329758713134,2.117760307920083,2.8001884295043404,0.040480274442538544,1.3981723237597878,2.086362335883769,0.7464055414796344,1.201465201465202,0.3663003663003667,1.0077473854444923,0.15694239290989653,0.24355924854083244,0.26826684668207285,0.03661027768911588,0.28483184625943725,False
sz.002353,2019-11-21,0.035148828372387475,timeout,0.17092337917485168,0.817118412332716,10.0138,2.103712433706542,1.8950323915924796,2.1211950578810166,-0.019692307692307787,1.2424999999999995,1.5481751633106016,0.6240904127645599,0.8235294117647063,-0.17647058823529368,0.7932966739167454,0.2742393509127792,0.494430253337538,0.18642917143732213,0.034521914464607895,0.09913043478260848,True
sz.002353,2020-04-08,-0.08266129032258071,stop,0.27010804321728726,1.006476701445012,9.9912,1.434999999999996,1.7860822210684884,1.7417748646005173,-0.40471653168175326,1.050336646361014,2.7640305942338808,0.7173704355333782,0.7398373983739854,-0.07723577235772185,0.49638340508104567,-0.3719929095973664,-0.1969010494342619,-0.24546332617849256,0.07411290322580646,0.3539915966386559,False
sz.002353,2024-06-17,-0.04837516530747186,stop,0.08823529411764748,0.6964022883961822,6.3273,1.7118644067796724,1.5232229606096455,1.9721544604044625,0.014887640449438466,1.087205601527687,1.7232749950384143,0.5002863277005356,0.8910891089108856,0.08910891089108561,0.9561661801952667,0.1371750704666459,0.3806083650190115,0.18890335044162307,0.029899935738547677,0.2932203389830504,False
sz.002354,2024-07-01,-0.04729729729729734,stop,0.28974780363034175,0.8154045021841267,7.4733,1.3486341853953039,1.323682581892904,1.5349337884936722,-0.41698841698841693,1.4392523364485978,2.2291794001162337,0.7899613811669893,0.714285714285714,-0.28571428571428603,0.27583146442302675,-0.38842975206611574,-0.4477611940298508,-0.3108662628556643,0.048761073181741194,0.2838478295315618,False
sz.002355,2024-06-21,-0.05324074074074084,stop,0.051724137931034704,0.8820590675094628,6.235,1.4612794612794588,2.7952183210692603,2.7634609070643963,-0.17504655493482313,1.6824034334763942,1.8555210511840874,0.8120443902813347,0.8709677419354835,0.0,0.8314894702089414,-0.10141987829614607,-0.2032374100719424,0.0027350749787795154,0.04537246049661399,0.033492822966506804,False
sz.002361,2021-08-23,0.03014184397163128,tp,0.2830188679245288,0.9020640034493002,5.7252,1.526315789473682,1.7046679627247847,1.8926440288660533,-0.021201413427561877,0.9502262443438899,1.7053016824044447,0.5942167885399061,0.9310344827586198,0.5517241379310385,0.9748404277047374,0.2151702134823894,0.2001371799135352,0.18294032508476885,0.03304093567251458,0.27607361963190197,True
sz.002362,2021-01-22,-0.07706982067913008,stop,0.28605200945626413,0.8722268792530538,6.0976,1.5971316818774444,2.0682814892426937,2.3555704083449216,-0.13289036544850497,1.7077294685990334,1.9964057336141314,0.6903877195987271,0.7257142857142854,0.06285714285714253,0.9119077278394722,-0.09087755809920217,0.4585420144685588,0.11256535242555656,0.04466488617575989,0.2277834525025536,False
sz.002364,2019-11-13,-0.023273855702094597,stop,0.06666666666666794,0.9061491525314317,5.1581,1.3658536585365881,2.1785239740346016,2.7701327799707065,-0.07602339181286533,1.2767295597484307,1.365598327841586,0.6079842900998359,0.7833333333333333,0.39999999999999936,0.9571269417649552,0.16245487364620947,0.2717536107915173,0.18023322185838558,0.0366459627329192,0.011547344110854984,False
sz.002365,2020-04-09,-0.05267423014586714,stop,0.10280373831775759,0.6199631869603092,10.0276,1.390243902439026,1.8502241294482507,2.333218342359616,-0.026058631921824005,1.3611111111111105,4.1373146824602856,0.5906425261387152,1.122807017543859,0.3333333333333306,0.9021054616631344,0.28541666666666665,0.4168056417180599,0.3058255602482033,0.052377093462993005,0.30213903743315523,False
sz.002368,2023-06-05,0.07543374402816191,tp,0.02573529411764654,0.8962896865739944,6.5395,1.4070351758793973,1.8591432982344565,2.1356360992374133,-0.24048174048174042,1.0417615793469996,1.1123769638693786,0.5733188608550728,1.0750000000000006,0.28333333333333693,0.7433296736890307,-0.04855297775651746,0.24741298212605844,0.03911256617442187,0.05870621752974692,0.14047287899860836,True
sz.002371,2019-12-09,-0.06989853438556927,stop,0.15884476534296033,0.9811614211160499,7.926,1.760063454293082,1.8743774087340281,2.119314688455819,0.006177156177156196,1.3180219325470715,2.7763146200157123,0.6421246309114216,1.2886435331230282,0.3643533123028382,0.945465068841502,0.2605233219567691,0.40839450927419896,0.29916113969770874,0.039523164861612524,0.4787589498806676,False
sz.002371,2020-06-29,0.06490322102005082,tp,0.05669481302774402,0.8706049135464503,7.8969,1.324973204715973,1.3651065962653037,1.5146970801768005,-0.08411774307633713,0.9797079461407162,1.2921430608852678,0.6678658425220981,0.7700509999742003,-0.22994900002579965,0.8665034003680367,0.3431835096500462,0.7692205378027726,0.21697269127630797,0.05212415566299069,0.24027204135338026,True
sz.002371,2022-09-13,-0.034372969460688636,stop,0.2537623248572904,0.9053465723587679,8.6207,1.4887621603488743,1.5063309723093194,1.6858001623711591,-0.07079646017699115,0.8665452241406625,1.253836226084992,0.459367208602558,0.8685594111461628,-0.050998948475289387,0.7873422741124741,0.19716124457279216,0.01375794928984142,0.1411760502450426,0.04875754970331919,0.13052816557649116,False
sz.002371,2022-12-09,-0.03959183673469382,stop,0.19665531124187013,0.9314727720472468,6.218,1.503232758620695,1.8156234833914526,2.2354396114039803,-0.2751992213638298,0.9216490394992447,1.5668298010541437,0.5221078702627049,0.9784946236559102,0.4666666666666617,0.8801353493975902,-0.21793438328594705,-0.06351196743174015,-0.10205842329912163,0.042622169573683005,0.07408656548622816,False
sz.002371,2023-10-27,0.0406,tp,0.288580629180085,0.7973553326791393,6.3512,1.526962092899094,1.4857078702401874,1.6597402356732067,-0.1363195790639713,1.1260781083438303,1.7824185982974898,0.5985211580783112,0.8958041958041948,0.16013986013986065,0.8326118219150528,-0.08048789394880018,-0.2500961625023529,-0.09616151373683743,0.03169704912824178,0.2448206164729663,True
sz.002371,2024-03-05,0.07755066987289586,tp,0.23927506308786423,0.80870644609392,8.6562,1.6585109872089194,1.8862819720666535,2.087985586115679,0.04556831566548869,1.2239100713960245,1.3507321571619135,0.6198218222842559,1.3909191583610212,0.39091915836102126,0.9206918904382255,0.2503006356296169,0.07321389073213891,0.1843261480380563,0.03561188971329117,0.40856481481481477,True
sz.002372,2022-09-15,-0.04919583727530735,stop,0.22346368715083828,0.7958607749064549,7.2412,1.6223662884927073,1.7567555988360064,2.363215650270812,-0.12593516209476296,1.436241610738253,2.3609100714509696,0.5796614641455553,1.0699300699300676,0.2517482517482505,0.8953628384256141,-0.027727272727272823,0.10891487535586797,0.06728509779149748,0.037307152875175345,0.16602316602316522,False
sz.002372,2023-02-16,0.0442514474772539,tp,0.2720848056537118,0.9079228475550811,5.9603,1.9848771266540677,1.9333334125267327,2.1637746315414463,0.0008340283569641116,1.0052798310454079,1.5860194748489551,0.7628078592072495,1.2066666666666663,0.20666666666666644,0.8838930825319742,0.14131455399061021,0.23967363590005109,0.15910472550133703,0.0329219799808035,0.1607963246554365,True
sz.002376,2019-09-09,0.033809166040571,tp,0.301204819277108,0.9334673579660976,5.4605,1.8369781312127251,2.20852181247213,2.1640441406496502,0.02779984114376499,0.9565217391304413,1.8696942082341772,0.6847375776188391,0.878787878787877,0.5606060606060599,1.0049078930611914,0.1337308347529813,-0.24468391649514842,0.007464054834667096,0.026020535937891283,0.6,True
sz.002376,2020-05-28,0.045213124583222075,tp,0.18867924528302046,0.813360615537471,5.0251,1.976945244956772,2.000141304781125,2.4940414618277624,-0.2230483271375464,1.602409638554219,2.101894535128776,0.48036226452352265,0.7308175539717844,-0.26918244602821567,0.8273190251799408,-0.13366073875346984,-0.10115000631871607,-0.10259623856882423,0.023776932127972338,0.13327488862661122,True
sz.002376,2022-02-24,-0.045104510451045174,stop,0.0777777777777772,0.8294275598809692,10.0,2.3621399176954734,4.109203477307301,5.4073234571047095,-0.08059701492537319,1.8714652956298141,1.5570585089936124,0.6327259839899853,0.7560975609756083,-0.24390243902439163,0.7066972758425653,0.0,0.0672963400236124,0.05068428138347829,0.034402654867256646,0.002309468822170963,False
sz.002377,2020-11-17,-0.04831932773109241,stop,0.2444444444444463,0.9398404076300666,7.6212,2.1397379912663808,3.309403336634703,3.456741662530774,0.0021505376344086446,1.1497584541062882,1.333805426867951,0.6258903343272162,1.17142857142857,0.39999999999999797,1.0286257088760529,0.12941176470588234,0.26847938090130996,0.1666519101647083,0.0342361111111111,0.3587786259541981,False
sz.002379,2024-05-07,0.06628787878787848,tp,0.08433734939758969,0.55821610755597,5.7613,1.682403433476387,1.4342455526272229,2.004861414455738,0.025948103792414967,2.344497607655497,4.22806609003549,0.6378691206720757,1.428571428571433,0.535714285714289,0.9737561924389165,0.24178403755868527,0.1729490022172948,0.17942143693216644,0.03270321361058603,0.20418848167539266,True
sz.002380,2021-08-26,0.0639666919000755,tp,0.006711409395973203,0.8238887672320248,6.5443,2.2702702702702653,2.0868304036601666,2.359458145407048,-0.06118143459915615,1.2261146496815334,1.0154896971733383,0.724762009228141,0.7820512820512836,-0.16666666666666435,0.8274805483140034,0.03949168143926296,-0.03961614922503376,-0.01655920894965235,0.030282400403429135,0.3333333333333333,True
sz.002380,2024-12-10,-0.029411764705882224,stop,0.045822102425876615,0.7414221692615751,5.3917,1.4588665447897602,1.5885961353146132,2.133083635200115,-0.05732484076433131,1.1555169417897495,1.0377989702699224,0.6807734893828046,0.807017543859652,-0.12280701754385641,0.7944106625126336,0.3260309278350515,0.08831306187202537,0.14307457337532356,0.037900874635568536,0.0012300123001232793,False
sz.002384,2019-12-10,0.09524929444967098,tp,0.2695035460992908,0.6478427887781196,9.5135,2.1019462465245633,2.353334706011217,3.195012361125862,-0.1433403805496829,1.056402439024387,1.4608898353269484,0.6375624240453913,1.2592592592592569,0.5555555555555528,0.9574337659851722,-0.10224862112855326,0.5643302862329409,0.13626010967207133,0.03996534341524887,0.2040816326530615,True
sz.002384,2023-06-15,0.11040216550657403,tp,0.35884040481662965,0.9463603123083633,7.6988,1.4805639343333672,1.9461112311686446,1.8192745247425075,-0.1786642130506998,1.47224036577401,2.6110551523276233,0.5075926067879656,0.9010989010989005,0.24725274725274574,0.7704408958070967,-0.02137285129335864,0.03706427940170354,-0.023726460833255008,0.041086599786044176,0.11135382133887098,True
sz.002385,2021-10-13,0.01576292559899113,tp,0.17808219178082227,0.6732641478952888,7.1429,1.324324324324319,1.6935894561753,2.1001768452197345,-0.10497237569060791,1.7135416666666643,2.0401569168783236,0.7066858447794658,0.7142857142857181,-0.285714285714282,0.6278635025104077,0.09315068493150691,-0.041816270589388194,0.023029352872126096,0.038220551378446155,0.031884057971014686,True
sz.002385,2022-10-18,-0.044150110375276067,stop,0.21739130434782525,0.6883373444093612,8.9242,2.2626262626262643,2.600766984894572,3.030030073791849,-0.032573289902280145,1.072072072072071,1.0171595483635572,0.6036310410528645,1.0499999999999992,0.20000000000000137,0.9381483963615151,0.2544951590594746,-0.008743169398906958,0.16326792356034395,0.037339213524439516,0.07246376811594217,False
sz.002386,2021-01-05,-0.059165919848323936,stop,0.10526315789473563,0.8470082495443317,7.4275,1.866666666666661,3.9582884232344764,5.142347210923118,-0.0557324840764335,1.1755725190839659,1.1375632299675704,0.5387786718218327,0.9523809523809549,0.4047619047619054,1.0230008355423457,0.08348134991118994,0.14232209737827706,0.05451192808574354,0.03721311475409839,0.1277533039647574,False
sz.002387,2021-07-26,-0.08812949640287744,stop,0.3333333333333343,1.0117600440754444,6.486,1.4000000000000015,2.5538669413983524,2.8285162834314495,0.0027347310847765094,1.185303514376998,1.3974700871292574,0.5809609537857426,1.1904761904761862,0.1904761904761862,0.9058198874153491,0.18297872340425503,-0.025416301489921356,0.14027891714520063,0.03998800959232617,0.17333333333333256,False
sz.002387,2023-03-27,0.05180481283422468,tp,0.35999999999999877,0.9553221722592742,5.3546,1.3072289156626518,2.811367319120627,2.7881945842531124,0.03262411347517724,1.2222222222222139,1.9534343979856688,0.8956727175676202,1.4516129032258047,0.7419354838709651,1.0049742728905602,0.24337748344370858,0.07132667617689026,0.19438590910898174,0.028539724811362657,0.3957446808510638,True
sz.002388,2021-12-17,-0.034358047016274935,stop,0.24444444444444358,0.7475899541974462,5.9273,2.272251308900522,2.875819500142422,3.9493006760879337,-0.02464788732394363,1.2989690721649536,2.526296059163013,0.37803379969613576,0.7419354838709672,-0.1612903225806448,0.833746705887357,-0.02313167259786475,-0.01515760055559745,0.018292758320878448,0.023800850030358214,0.186440677966102,False
sz.002388,2023-04-07,-0.04607721046077201,stop,0.009900990099009691,0.9640137011988337,9.1907,2.6181818181818186,4.070688978805197,5.289476446127908,-0.061320754716981174,1.1105769230769236,1.6003503714791008,0.4554666237509827,0.9722222222222228,0.02777777777777843,0.9061159677939841,0.21832061068702302,0.3081967213114756,0.05072583034332928,0.03408521303258144,0.006756756756756917,False
sz.002389,2024-04-02,-0.040791841631673695,stop,0.33689839572192426,0.958165583685467,8.9718,1.657711442786071,1.8973881746592713,1.8742692512036008,-0.1333333333333333,1.160045402951191,2.0286284794211538,0.6582554437704761,1.092436974789915,0.15966386554621606,0.7283580777877415,-0.0951612903225808,-0.14481707317073178,-0.04703034535476854,0.03757179639532583,0.13237221494102197,False
sz.002395,2019-09-05,-0.041806020066889646,stop,0.34955752212389474,0.47968780311481096,9.2908,1.9662921348314573,1.8654577936610788,2.666011596463916,-0.09005979073243653,1.6870292887029292,2.1335558342279035,0.6074934286347765,0.7799999999999997,-0.22000000000000036,0.854662749073634,0.09400914339441702,0.7222829657437826,0.18703424282943648,0.044779032482922074,0.2609082813891361,False
sz.002395,2020-09-02,-0.047693105235873265,stop,0.13846153846153614,0.37852381864685897,5.5249,1.2622950819672178,1.6180253808795109,1.8457346450342245,-0.09004287756074303,1.2167216721672176,2.0915531457901015,0.6029449980812374,1.0227272727272745,0.2045454545454541,0.9022336561940022,0.1036061820263312,0.051832089741637555,0.10759450014576037,0.03599585062240663,0.0755555555555557,False
sz.002396,2019-12-11,-0.034963047185901056,stop,0.17363344051446955,0.8942873927179749,9.9016,1.8524945770065107,3.0771117608703262,3.4046805255124712,0.027602070155261726,1.2391304347826106,1.664559281279416,0.5619889913884427,0.7090163934426225,-0.29098360655737754,0.8371784030262885,0.2430801987224982,0.7479861634601983,0.24574155422307753,0.03154439052240933,0.3177636234961079,False
sz.002397,2023-02-03,-0.040366972477064174,stop,0.21904761904761902,1.0281133718374127,6.544,1.6816816816816833,2.4288510276906803,2.307150681312767,-0.033395176252319025,1.49554896142433,2.056849839924424,0.5576885625583089,1.349999999999999,0.6,1.0054382335276193,0.064453125,0.14016736401673646,0.0923120605281178,0.04152905198776758,0.4155251141552513,False
sz.002398,2020-06-02,-0.03804797353184415,stop,0.20821114369501453,0.6206612994044964,10.0184,1.243309002433088,2.0566458277931785,2.520106488839839,-0.017241379310344862,0.752860411899314,1.3121983200526057,0.6016691873478437,1.1506849315068517,0.15068493150685178,0.8089840936120474,0.3497206703910616,1.2327927023414138,0.4819874705795133,0.05830573951434876,0.09559939301972713,False
sz.002400,2023-03-22,0.07586837294332732,tp,0.2747252747252749,0.9918870207302004,6.7485,1.735537190082646,3.2087580105658353,3.9198732289902365,-0.07446808510638292,0.8399999999999893,1.448424467803204,0.7222637439762972,1.100000000000001,0.7000000000000003,1.1117911087504877,0.3021582733812951,0.2897862232779098,0.19251111802492635,0.03726212400245549,0.17021276595744653,True
sz.002401,2020-05-11,-0.07604832977967295,stop,0.07246376811594224,0.6306724262916364,5.4836,1.4930991217063938,1.0828624172117665,1.6817158672399297,-0.15907710989678203,1.7438423645320196,3.1352867098794643,0.6709526962974002,0.8823529411764705,0.17647058823529832,0.9017393241663161,0.3295346628679965,0.1647055579387735,0.1908415781425453,0.05659523809523811,0.11849710982658947,False
sz.002402,2020-01-09,-0.045968882602545995,stop,0.032916848109399946,0.737870431037117,5.4753,1.5535783781290966,1.4196771346497594,1.678683667010464,0.02062883418228667,1.1978609625668506,1.973075220975362,0.7515034279634736,0.7906976744186054,0.36046511627907135,1.0675808396279864,0.12275166956199768,0.558280613908575,0.17085592325613555,0.036882216843966094,0.3603350005851524,False
sz.002402,2024-03-13,0.033924441017733294,tp,0.05349794238683107,0.6981811250064363,5.3966,1.2157394843962004,1.4001465986681538,1.8765785369957035,-0.1159122085048011,1.3578595317725755,3.0829764731388343,0.7280060315133338,1.062499999999996,0.2812499999999966,0.8411144319438453,-0.052211747643219675,-0.1292471685542972,-0.017840928304391792,0.04473348635552158,0.5271565495207672,True
sz.002405,2019-12-19,-0.07965116279069759,stop,0.05226480836236938,0.9097739116739689,5.6511,1.557416267942581,1.7069132679139625,2.016577374660936,-0.1120289106866289,1.3999999999999997,4.485717410184868,0.6701234669988139,0.9462365591397837,0.05376344086021633,0.88440532828203,0.015303119482048322,0.06877323420074344,0.10666189073451335,0.03350724637681158,0.2611683848797255,False
sz.002405,2023-01-06,0.041595925297113645,timeout,0.32710280373831685,0.73450683471675,7.5318,2.606896551724135,3.8467885131360164,5.210018645379257,-0.061757719714964576,1.4756756756756753,1.309246845587514,0.30817582046295344,0.8888888888888901,-0.1111111111111099,0.8243460466227891,-0.009267059814658807,-0.08053166536356526,-0.06541189560057475,0.021740362811791383,0.045936395759716954,True
sz.002405,2024-10-23,-0.05549949545913226,stop,0.19634703196347023,0.9431310565234214,8.5556,1.3010648596321377,1.8899466554260702,1.5731820393496012,-0.09537037037037044,2.6201117318435743,2.6695511774911407,0.6452682483189807,1.0104166666666665,0.010416666666666454,0.7247120310787711,0.4640718562874251,0.5023041474654377,0.3776414043035101,0.050374914792092725,0.4478873239436618,False
sz.002408,2021-11-25,0.045690550363447394,tp,0.3515981735159831,0.6582574439225041,8.6806,1.2093704245973624,2.057137311761681,2.6867793511290854,-0.36021944154790875,1.5408805031446542,1.3835910134789933,0.4288266971129111,0.8813559322033889,0.3050847457627156,0.3828417698120687,0.07799831436999605,0.19127005630582983,-0.019189536182256026,0.05834204110066173,0.35766423357664273,True
sz.002408,2022-11-10,-0.0645161290322581,stop,0.1199999999999998,0.8587021309064234,7.7031,2.4983164983164903,4.040008251729943,5.182618071750831,-0.0856123662306777,1.0431372549019613,1.2420944232377458,0.5103090532799385,1.2452830188679265,0.4905660377358493,1.0353059465231957,0.019230769230769384,0.08904109589041109,0.0449183452173627,0.02784067085953882,0.37089201877934214,False
sz.002409,2020-12-10,-0.022969912649627985,stop,0.2602339181286539,0.7042879398757016,5.2765,1.2018264840182622,1.462044134129662,1.8356940114137954,-0.014719848053181495,1.0585092172054527,2.0972914973703314,0.5463220375410393,0.9113475177304967,-0.014184397163117918,0.8184709028376254,0.18676077832888205,0.32643923240938166,0.08164968529401556,0.041927878690457075,0.30253353204172845,False
sz.002409,2023-05-24,-0.06077367437970894,stop,0.048678720445062336,0.6417281706727582,8.4906,1.3010325655281996,1.3386161631846305,1.6951374311483502,-0.0669060920457567,0.9260156806842457,1.653383493278853,0.6296202916034835,0.9350427350427328,0.36752136752136494,1.0077664968267892,0.43937885725661974,0.2600209132101776,0.2833503194323438,0.06230520977408948,0.007180469123982668,False
sz.002410,2023-03-16,0.11917017625955392,tp,0.24046434494195726,0.967915816625136,5.2252,2.038940809968843,1.6384487316517686,1.6578935195289772,-0.06218978102189787,1.246326707000858,1.3249698994133352,0.7688998509219395,0.9545454545454533,-0.04545454545454672,0.8918140150845684,0.13177883766119058,0.3303571428571428,0.1499286566815932,0.02873419697206184,0.08056872037914639,True
sz.002410,2023-06-16,0.023167539267015782,tp,0.06422018348623851,0.9511809485237593,7.4011,1.4709939148072988,2.2323664092171818,2.160811812374672,-0.32127489808649234,1.3176808057854148,2.4964130949350145,0.48931366347959276,0.9150579150579138,0.16216216216216092,0.9333906575770932,-0.14214939577258423,-0.07670512287276088,-0.10905428163198687,0.03814235855479443,0.12712440516655307,True
sz.002411,2020-07-08,0.04551451187335073,tp,0.35185185185185314,1.008524516791774,7.6687,2.281150159744402,2.5422837092793955,2.598916220165561,-0.24839400428265523,1.3481481481481463,2.14791264588604,0.8903548651785922,1.5294117647058854,1.078431372549024,1.1050601964386737,-0.15039281705948382,-0.5318491032776749,-0.2629495001947294,0.032804931748128575,0.170212765957447,True
sz.002413,2021-08-26,-0.03667136812411832,stop,0.17073170731707255,0.9239121713777423,5.3599,1.7388535031847112,2.364525057866173,2.399630361181881,-0.04178272980501385,1.2727272727272771,2.3390461718510163,0.8078389645159989,1.1282051282051277,0.4615384615384589,1.0101067644235266,0.09287925696594401,0.0895061728395059,0.08338981316896633,0.03271954674220962,0.34054054054054006,False
sz.002413,2024-12-10,-0.07072691552062857,stop,0.012987012987012717,0.7531411960354562,5.8091,1.5384615384615363,1.7326769320774054,2.4686648537651252,-0.06593406593406603,0.9162303664921466,1.6635356472472222,0.6482023128302612,0.9333333333333347,-0.06666666666666529,0.8373420189686196,0.4639769452449567,0.3692722371967656,0.2578151025394733,0.043569553805774285,0.04477611940298501,False
sz.002415,2019-09-06,-0.03333333333333328,stop,0.050228310502284185,0.8143129069392591,5.6825,1.5682102628285326,1.338436921981624,1.5550667772501288,0.026835286859962837,1.3848009650180955,1.1351615006336058,0.6206298345653344,0.8715083798882706,0.3351955307262576,1.0058818988102889,0.3342519685039371,-0.03101780510058172,0.14522674144226494,0.03352021245205074,0.4801324503311263,False
sz.002416,2020-08-03,0.11650943396226424,tp,0.18007662835249075,0.8039509851372668,9.9768,1.5953488372093034,1.7007445599849942,1.8769078264267245,-0.02066115702479332,1.527272727272725,2.2387541299294322,0.9149071094877986,1.0714285714285718,1.0612244897959167,1.159064197440267,0.41370365928268127,0.6361320716357806,0.46082759040378296,0.045817490494296564,0.43055555555555564,True
sz.002416,2024-03-18,0.06820365033621512,tp,0.14450867052023103,0.7083732265930484,5.0473,1.7012658227848105,1.9834248665328607,2.4443231246854378,0.0010020040080160886,1.2222222222222228,2.074655230727181,0.6405956849017223,1.2916666666666743,0.8750000000000063,1.0675691946763122,0.09233997901364144,0.41825613079019086,0.20737647877522622,0.03634325968619916,0.46153846153846223,True
sz.002420,2024-12-05,-0.07606973058637077,stop,0.010752688172043709,0.6292363266168541,5.1839,1.4323432343234308,1.898372341380687,2.9893437276219754,-0.06676557863501487,1.0000000000000022,1.0155971648417437,0.4997750153028342,0.8064516129032269,0.06451612903225677,0.7861928138725511,0.30371900826446274,0.39601769911504436,0.1905992944425498,0.032963549920760706,0.005181347150259411,False
sz.002421,2023-01-06,-0.027397260273972723,stop,0.18367346938775464,0.3522874142188781,5.7803,1.6091954022988528,0.8214325163719599,1.9504492879046094,-0.09852216748768461,1.1886792452830146,4.1414381759324765,0.6897824917110545,0.9499999999999987,-0.05000000000000125,0.7080792631130763,0.19281045751633985,0.08630952380952372,0.08276475823197865,0.03634703196347034,0.021276595744680753,False
sz.002430,2020-08-27,0.04834189631013518,tp,0.08015267175572453,0.6528294397883763,10.0204,1.5533707865168467,2.057119695211123,3.02244534033876,0.06271604938271569,1.465954068543183,1.4605879386943226,0.6956453943638546,1.0,0.12658227848101414,0.9672881167162879,0.7694536523504909,0.6598651330961551,0.5665995853201107,0.04679251074278699,0.3726235741444862,True
sz.002430,2021-02-05,0.07304747320061265,tp,0.012810851544838207,0.9489454999882384,10.0103,1.713232583855512,1.6785776736401254,1.8446558805259965,0.008935384558893755,1.2518883647013002,2.2334533955567393,0.6784140437815649,1.0993975903614457,0.14156626506024003,0.9215311397136866,0.13113479771360015,0.8206968388253588,0.2465438559615397,0.05605292232345153,0.18890814558058933,True
sz.002430,2022-06-02,-0.03380454824830987,stop,0.13812154696132636,0.7182586567125333,7.2566,1.986399149271452,1.4044510221989415,1.5358270628153474,0.020613538937842346,1.6746785913918427,2.0865018867619285,0.5161580064032518,1.1520737327188915,0.3087557603686637,1.0104688132105728,0.2062654795364618,0.10497280338026393,0.1053414661946188,0.04112026696303015,0.2613979822629356,False
sz.002430,2022-10-24,0.06041666666666666,tp,0.11413043478260979,1.0387801746995458,5.8258,1.3776054289869122,1.9943355050132958,2.2388588274190804,-0.07821229050279344,0.913654618473898,1.197724004048501,0.8438187267647985,0.7536945812807876,0.4729064039408846,1.0277868921838706,0.09621621621621612,0.8691586805739397,0.18156599633649717,0.03827251808021037,0.35342465753424673,True
sz.002432,2021-08-02,-0.04122340425531916,stop,0.0714285714285726,0.9060447745409388,6.0393,2.1272084805653657,2.3913817972438958,2.2362389375518954,-0.1029843414090269,1.2250000000000056,2.988814052879022,0.6369146019252159,0.930232558139534,0.0,0.902419971095325,-0.04077014062402862,-0.09119560515514313,-0.05198810323252381,0.022428256070640213,0.10869565217391305,False
sz.002434,2023-08-03,-0.03280423280423254,stop,0.036363636363638444,0.570825209495996,6.9397,2.103626943005181,2.585762844069937,4.439970598107051,-0.015706806282722585,1.6179245283018906,2.799213293642671,0.4747786458441789,1.0862068965517222,0.08620689655172209,0.9204514402502403,0.12232779097387181,0.011777301927194728,0.059318075665576724,0.032486772486772515,0.18656716417910474,False
sz.002436,2023-02-06,0.037358818418766315,tp,0.08641975308641998,0.9537638601411437,6.4067,1.5784313725490218,1.7175398839434908,1.6076948211485975,-0.10117647058823509,1.2844036697247696,1.8880116640612872,0.7491532486315045,0.9855072463768076,-0.014492753623192373,0.8686790842746358,-0.06834825061025229,-0.14167916041979012,-0.0029968145240290944,0.03711790393013095,0.40689655172413774,True
sz.002436,2023-04-11,0.09787472035794188,tp,0.1756272401433697,0.9192159000600421,7.6803,1.7904993909866,1.925667824390384,1.8197123949700065,0.01327433628318575,1.2691771269177132,2.286424420746686,0.4629842352050907,0.704761904761906,-0.2952380952380939,0.7853015746693707,0.2839388145315487,0.3218503937007877,0.16456867024120939,0.039290146438322175,0.41068139963167616,True
sz.002437,2023-02-02,-0.030188679245283047,timeout,0.27272727272727226,1.0366699775989003,9.8361,2.423076923076926,3.4573016082809156,3.9826987313287936,-0.11551155115511536,1.103030303030302,1.291221783178377,0.5030197289212752,0.722222222222221,-0.1666666666666679,0.7978042504430385,-0.02573529411764719,0.09053497942386812,0.014321712226085288,0.03509433962264151,0.19230769230769196,False
sz.002438,2020-10-15,-0.006777108433734925,timeout,0.06493506493506433,0.4455806399926826,10.0402,2.433936022253129,1.9599038349378812,3.601916404593648,0.04740061162079501,1.346465816917728,2.0542149582630316,0.6572538134267688,0.7440000000000009,-0.2559999999999991,0.8309828274923103,0.35151515151515156,0.7133915178849235,0.36930543106192115,0.04496761335326358,0.2854640980735555,False
sz.002439,2022-06-09,0.11249365159979664,tp,0.37408312958435336,1.0486165292061727,5.1696,1.3836344314558993,1.6311702306824636,1.7143619683505817,-0.2368112543962484,1.3222979552093506,1.3938943840798723,0.6942463946460817,1.1505376344085991,0.15053763440859913,0.9332552669483788,-0.15506872852233688,-0.3279808677827126,-0.14133238265348808,0.0394170479579732,0.2796725784447483,True
sz.002441,2022-05-30,0.02549889135255012,timeout,0.21599999999999975,0.8501914773688399,5.1044,1.8694362017804231,1.4680608198807672,1.9419142037179926,-0.12209302325581384,1.7499999999999962,2.9305116588916236,0.6380012435590323,0.7555555555555535,-0.13333333333333505,0.8567974674368234,-0.04862579281183954,0.023890784982935287,-0.016787444011507297,0.032000000000000015,0.5652173913043473,True
sz.002441,2024-05-07,0.035796766743649004,tp,0.02380952380952482,0.8429490997234114,5.75,1.6303797468354466,2.560379528435926,2.5099926019879293,-0.023094688221708903,1.5812672176308502,1.9117331036245577,0.5933014989718465,1.0434782608695616,0.49999999999999467,0.9824716243214551,0.0558930741190764,-0.07257203842049087,0.014742373376149436,0.027272727272727282,0.1401273885350318,True
sz.002444,2019-08-22,0.03571428571428562,tp,0.05365853658536708,0.8393236714952412,5.5449,1.3309859154929538,1.9266062103838175,1.986279122180123,-0.011638316920322356,1.4959677419354862,1.760684694349986,0.4720213020184583,0.7037037037037085,-0.16666666666666374,0.8000789605911124,0.1288659793814435,-0.0009124087591241281,0.013310301216897805,0.03144596651445967,0.07734806629834273,True
sz.002446,2024-05-06,-0.048104956268221574,stop,0.13385826771653572,0.64458857992019,7.7165,1.4295774647887298,1.4437000080405822,2.0687482245168005,-0.17291414752116085,1.7654867256637166,3.804754458661736,0.49500277066003523,0.8793103448275871,0.0,0.5999286231454278,0.060465116279069475,-0.2524590163934428,-0.09229646340654249,0.05657894736842107,0.23245614035087742,False
sz.002448,2023-11-20,-0.038356164383561715,stop,0.3749999999999993,0.6340037664071897,6.9322,1.4576271186440684,2.12055639196699,1.8903870135321121,-0.057217165149545,1.7959183673469357,4.033605640239584,0.41067294956819855,0.8139534883720937,0.11627906976744011,0.9132277051700655,0.028169014084507005,0.1665676784532686,0.039328249654303024,0.032922374429223744,0.21172638436482055,False
sz.002449,2024-05-07,0.04076086956521731,tp,0.070175438596491,0.7189413698164953,7.278,1.3589164785552994,1.6046285483267329,1.5254253132579465,-0.09570552147239286,1.4669703872437392,1.5536394993996732,0.5291671016158457,0.7209302325581416,0.023255813953488372,0.8028535625577088,0.005449591280654031,-0.1754189944134077,-0.05095643787172479,0.041960252935862724,0.039787798408488444,True
sz.002452,2021-08-16,-0.034941763727121565,stop,0.295454545454544,0.9920323970629276,5.1993,1.2233009708737914,2.4889012546362106,2.1743312406883,0.03231292517006823,2.9878048780487827,6.032029976847771,0.6940661666982205,0.8888888888888885,0.03703703703703831,0.8839213430468994,0.0952450586297815,0.17917188304585685,0.10095994062587905,0.026480263157894725,0.41,False
sz.002452,2023-02-01,0.028735632183907945,tp,0.030303030303030134,0.8125143822105054,5.9098,1.7827715355805231,3.1176531846460738,3.436013869347452,-0.14661654135338364,1.3391304347826058,1.5026238575657769,0.5237311111221964,1.3235294117647085,0.41176470588235564,0.9911195921477918,-0.07456724367509981,-0.12358133669609073,-0.07558274864496389,0.029448441247002407,0.2893401015228419,True
sz.002453,2023-04-20,-0.06780982073265777,stop,0.03797468354430372,0.6270453626822954,5.6235,1.4575342465753456,1.46440957363727,1.9825753269928217,0.02450592885375502,1.8591549295774656,3.371948115185159,0.6491761010279097,0.8026315789473684,-0.17105263157894804,0.8473351332309103,0.02231075697211149,0.11178509532062408,0.11511077954905946,0.03673681475707975,0.4321880650994575,False
sz.002455,2022-07-19,-0.09638554216867466,stop,0.07875894988066844,0.956741562675346,10.0324,1.676245210727971,2.214029519270425,2.5741416806918473,-0.007299270072992581,1.626760563380282,1.3816801863458799,0.9364253993933785,0.8080000000000007,0.639999999999998,1.1126419936663416,0.47389969293756407,0.09662323211938406,0.2652474921409738,0.049120370370370356,0.29916567342073885,False
sz.002455,2023-02-02,-0.04511278195488742,stop,0.270588235294119,0.675765698765402,6.5065,1.896551724137939,2.938968946936198,2.953418652750294,-0.047448522829006134,1.3606138107416899,2.2677636549811906,0.6560463535518612,0.8727272727272709,-0.12727272727272912,0.8837861438822939,0.009551098376313405,-0.17934782608695654,-0.017924199605125646,0.026017029328287596,0.4144486692015198,False
sz.002456,2020-04-20,-0.03713706954760304,stop,0.039215686274509685,0.8249914665504964,8.4831,1.2933333333333346,2.236926711091189,2.5950852618097673,-0.35040895393887206,0.8602150537634422,1.0905675021641363,0.5824935553642209,0.7835051546391765,-0.09278350515463946,0.76285237584986,-0.12790697674418605,0.3624044953120431,-0.021184146905795224,0.059244444444444454,0.043570669500531276,False
sz.002456,2020-07-03,0.0572855775408966,tp,0.19553072625698256,0.8994463035023338,6.9186,1.2336633663366339,1.4100566682337625,1.6135948574388392,0.02909904868494695,1.417536534446768,2.879237493507878,0.755197885955262,1.4494382022471868,0.9550561797752781,1.0534447601155128,0.317808219178082,0.23333937612281552,0.18132233603831296,0.03872141372141375,0.36144578313252973,True
sz.002456,2023-10-11,0.11805555555555561,tp,0.3043478260869563,0.6692413376120865,9.9656,2.910394265232972,3.178569303946919,4.883019327557952,0.0,0.6184738955823313,3.1124431290905377,0.29307221083664564,2.103448275862068,3.637931034482757,1.3176613734256442,0.44482173174872663,0.5876865671641789,0.5412943733397729,0.02965139052095574,0.6300000000000002,True
sz.002458,2022-05-30,0.06517960602549261,tp,0.23404255319148962,0.6471777034947428,5.3204,1.390728476821194,1.198911539148777,1.5217280117610397,-0.1942645698427382,1.3738317757009353,1.3270934203604212,0.5908114061802432,0.888888888888888,-0.11111111111111202,0.6656588154470106,-0.10351966873705987,-0.19140989729225022,-0.10953445926839929,0.051847575057736725,0.09433962264151004,True
sz.002459,2020-12-17,0.09674381054897745,tp,0.2716593245227621,0.8579584604233821,8.1298,1.3470394736842144,1.6905119088442524,2.102239588243147,-0.13649919706354674,0.9744920017293562,1.332797361631488,0.49960094019745266,0.777777777777775,-0.22222222222222499,0.9284670703462198,0.28978457261987467,1.344914718888187,0.3073376320354067,0.05713002873563218,0.465541490857946,True
sz.002459,2022-12-29,0.10822965702757234,tp,0.3639082751744765,0.910758606092516,8.414,2.1477509681263074,1.6795898388460626,2.055784422739235,-0.19845857418111756,0.8151382823871921,1.276704293387409,0.5908666014774575,1.1203883495145617,0.23106796116504735,0.8843873321997435,-0.10698722764838464,-0.21378489218150554,-0.09723039764851518,0.04129788546749674,0.06202290076335843,True
sz.002459,2023-05-18,0.10927152317880819,tp,0.22895927601809957,0.9839251659337462,10.0088,1.606497999024838,2.104619828121119,1.8017225626953202,-0.1571293689338995,1.9726117184121006,2.6476575796617348,0.5796715913352346,1.1090909090909085,0.1090909090909084,0.45634557531407105,-0.07341782270759534,-0.0906264540459617,-0.08067386605547258,0.045407888332874,0.07485610663990473,True
sz.002459,2023-06-20,0.05799256505576209,tp,0.1440255059606329,0.937846851370338,9.7132,1.8077449790679991,1.6622204524594497,1.7272432502870696,-0.06802952030815079,1.1527730520585258,2.062136664643301,0.5756871422667862,0.9196428571428586,0.03273809523809333,0.8012433078366632,0.049362343824789656,0.01598117098941776,-0.004134822509682206,0.04719417649495788,0.09139541612695665,True
sz.002459,2024-03-13,-0.032424086464230506,stop,0.0045248868778281,0.9332606777235688,7.2877,1.4102355808285951,1.954773624098566,1.9725448251998914,-0.10999999999999988,0.9562841530054693,1.3487069779724519,0.6713165845700415,1.0,0.0,0.8398269892567243,0.022988505747126187,-0.20632346980137828,-0.06341183411196324,0.04896152536601976,0.29937888198757756,False
sz.002460,2019-11-22,0.10186263096623994,tp,0.22471910112359506,0.8293501725801159,8.2979,2.265023112480742,2.8015404497992704,2.328795750935801,0.018407362945178196,1.0339976553341166,3.299016639152553,0.6911841724523711,0.8047619047619038,0.15238095238095004,0.9976912873869346,0.17671232876712328,0.08027234557587604,0.13727637213847074,0.030099599016944756,0.5212636695018222,True
sz.002460,2022-05-20,-0.040573770491803246,stop,0.21867145421902975,0.9233318598745148,8.9819,1.4149186763881072,1.8062600436936205,1.7694826723823065,-0.23502153765826916,1.5537306428906648,1.9697235700646811,0.660100022696723,1.0332963374028867,0.47835738068812533,0.951342515280343,-0.16715783702282228,-0.2522766428747232,-0.08456119843735593,0.04849407504937458,0.10094507601698378,False
sz.002460,2022-06-09,0.09558475378787874,tp,0.2290303390838776,0.8295624784804729,8.7076,1.678752629625047,1.7033391908778388,1.821804831180317,-0.12992179997256137,1.4149186763881072,1.8062600436936205,0.7012111767431044,1.0299277605779138,0.13519091847265394,0.8542779601131835,0.030310339282843213,-0.15690789473684186,-0.002633830157192844,0.04519963584341266,0.34873443149859407,True
sz.002460,2024-01-03,0.05089027911453322,tp,0.13140311804009033,0.7858647066372109,8.1419,2.1962054604349888,2.2483520523271068,3.165727243434541,-0.12494836844279222,2.2826933778519716,2.7717336538716295,0.38311625001828586,0.7935103244837782,-0.17994100294985316,0.7194471582151052,-0.06430652027784012,-0.31719653801438186,-0.11654863298182871,0.034251277139208135,0.14481811942347356,True
sz.002462,2023-11-02,0.04545454545454533,timeout,0.1538461538461536,0.9923813982947419,5.8866,2.319999999999998,3.9808847624775336,4.768583076769463,-0.02832674571804994,1.340050377833749,1.8961282449345835,0.356061655021586,0.7471264367816083,-0.2528735632183917,0.8104372463816576,0.045323741007194274,-0.06900826098174306,0.034596989002581215,0.02046340903877033,0.10204081632653068,True
sz.002463,2022-06-02,0.05477707006369446,tp,0.0036630036630031755,0.821393829371354,8.1451,1.4612702727933513,1.3942484034794504,1.7079071256470215,-0.10609532879683714,1.397526501766785,1.5791577178369927,0.5740053531714797,0.939655172413793,0.08620689655172303,0.9249654690187729,0.004698639014906192,0.0980312994698429,0.06572049862445098,0.04985881914207387,0.38366082133903334,True
sz.002463,2023-12-13,-0.03548966756513927,stop,0.060439560439560634,0.9089953486815269,7.2214,2.2751895991332587,2.690544982857805,3.4849435120664065,-0.044737963357477595,1.6566970091027304,1.3787184224714386,0.4212780899107274,0.8533333333333325,-0.14666666666666747,0.9039009887334999,0.10064452156668291,-0.01333333333333353,0.04297985294923677,0.033768768768768796,0.0719999999999994,False
sz.002463,2024-06-06,0.08671204498372309,tp,0.1548894420964344,0.7860439428835819,7.04,1.5975257639696718,1.9441709064052641,2.296894076087287,-0.019783958747672026,0.7114177260515987,1.1423913846734883,0.5816549874972625,0.7860465116279074,0.31627906976744086,1.0608949536422627,0.2015579258647433,0.7194913770435436,0.2776497286643528,0.04046170436608341,0.20727717067216275,True
sz.002465,2019-08-22,0.051587301587301584,tp,0.0924369747899153,1.004990553467032,5.9395,1.3000000000000025,2.887406559357938,3.29519617127083,-0.006954979536152761,1.3999999999999986,1.9006717348847184,0.629855017209888,1.0512820512820487,0.5641025641025595,0.9567914642602973,0.039217137407298264,0.03815454319727052,0.06089332022634656,0.02416085078099039,0.24137931034482735,True
sz.002465,2020-06-16,-0.059690493736182716,stop,0.19762927517878867,0.8049983427398417,10.0247,3.137315636464759,4.495521894028918,5.9099192073042275,0.01620952288416122,0.9208994950201598,1.3122349798499606,0.6285371456932602,1.0508474576271183,0.05084745762711823,0.9357520458839433,0.13031256520412904,0.2720927092482106,0.1311318960443569,0.02915479804471971,0.2246998239660991,False
sz.002465,2021-03-25,0.0203373015873016,tp,0.3521126760563379,0.8062453533403243,5.3362,1.3560209424083784,2.095154026628514,2.505908774767481,-0.16220132418027777,1.4186666666666738,1.2097127306293116,0.6875510555924396,1.5405405405405415,0.5675675675675658,0.8933285853626418,-0.08702419970801778,-0.15795715662293375,-0.06802521710733485,0.025396825396825373,0.21070234113712366,True
sz.002465,2022-03-24,-0.05970149253731351,stop,0.31428571428571406,0.9383964030270232,10.0327,2.226691042047525,3.4828469607992076,4.007889397222247,-0.0843920145190562,1.6410256410256183,2.0333363060729384,0.5898877921903316,1.0114942528735633,0.03448275862068795,0.7874633558764759,-0.04257332071901632,-0.06985294117647078,0.009451135881898052,0.028787878787878803,0.06865671641790995,False
sz.002466,2019-09-24,0.04701015419330572,tp,0.264550264550266,0.9873125192665455,6.5876,1.9516728624535251,2.251707709400067,1.9894213181200384,-0.06797853309481217,1.4231678486997617,2.17375926470271,0.7020329085824912,1.146666666666669,0.14666666666666886,0.9024459360866334,0.0026717557251907387,-0.27694610159506383,-0.028068268404779464,0.02668443090978304,0.43283582089552236,True
sz.002466,2022-02-22,-0.06359999999999996,stop,0.07630922693266826,0.9775358520975842,10.0,1.776895491803278,1.9347619826239812,1.9282881692906764,-0.23202562049639708,1.4108823128324024,1.4126665697432699,0.579153200454887,0.9757820383451059,0.49747729566094695,1.0902636984647884,-0.11457418788410889,-0.09119581868973603,-0.022792623222846496,0.05146256817055033,0.2397476340694004,False
sz.002466,2022-06-09,0.10698870419689584,tp,0.15299100052938086,0.8566582322686296,10.0011,1.61645193260654,1.5812776968970073,1.5937311086770842,0.012481716235982487,1.3050675185131415,1.663185544676245,0.6296709867497478,1.1201716738197431,0.6609442060085835,0.9346518467115068,0.34297924297924287,0.036077618688771684,0.2315369298725243,0.04610419129011728,0.5839766325891921,True
sz.002466,2023-05-18,-0.04534161490683252,stop,0.38860971524288096,0.8759826357347434,9.9987,1.6105072463768122,2.0458788455141854,2.5689281297972895,-0.08861040257291763,1.6867121306054935,2.6061767583004376,0.5484941848826178,0.7889763779527539,-0.18582677165354702,0.7515878922074094,-0.03052064631956919,-0.14655989885154364,-0.02088279705176923,0.04292592592592597,0.035106966538672894,False
sz.002468,2023-03-16,-0.028598665395615012,stop,0.3398058252427189,0.8465923530212008,7.3298,2.759856630824372,2.9013490001409274,3.6678057734313882,-0.11101474414570689,1.2419354838709769,1.7776289304581894,0.6221462822789949,0.7636363636363646,0.36363636363636453,1.055702795567458,-0.080914687774846,-0.16466826538768986,-0.0407343660355708,0.02060606060606059,0.22605363984674426,False
sz.002469,2020-09-14,-0.041742286751361164,stop,0.10204081632653147,0.6320681440232861,5.303,2.1061946902654882,2.029063258929003,3.100969347146693,-0.1676646706586825,0.7583333333333304,1.019244713746634,0.5931773033649541,0.8529411764705874,-0.14705882352941255,0.7930109842437202,0.2522727272727272,0.30118791020703806,0.1481598531091599,0.03962492437991528,0.03496503496503511,False
sz.002471,2023-02-02,-0.020618556701030855,timeout,0.21739130434782591,0.8795951091989097,5.8182,2.4418604651162763,4.074462150268929,5.691997335969373,-0.09627329192546574,1.3725490196078514,1.424587948756686,0.39686421187216664,0.7333333333333305,-0.06666666666666887,0.9479893351904042,0.07806691449814118,0.11538461538461542,0.03236524370346196,0.023448275862069018,0.3599999999999992,False
sz.002471,2023-09-07,-0.03010033444816051,stop,0.14285714285714327,0.9920020035439804,5.5944,1.2727272727272705,1.6160016858847066,1.7897999121344654,-0.11436950146627578,0.9438202247191013,2.487704346376402,0.6833315470127751,0.7857142857142846,-0.21428571428571544,0.6944957402505664,0.21544715447154483,0.10332103321033204,0.11390518766880885,0.04191750278706801,0.11864406779660948,False
sz.002475,2021-05-28,-0.03956378392087254,stop,0.2857142857142855,0.9448682116240363,8.125,1.6195082627972623,2.31953696014643,2.6351183402555485,-0.201004016064257,1.41458994109651,2.0168087809044404,0.4971029492716103,0.7665505226480843,-0.1707317073170747,0.887465114415177,-0.1743697478991597,-0.24423749130235783,-0.13103927674840077,0.04415606446140795,0.051724137931034427,False
sz.002475,2021-10-22,0.03835978835978853,tp,0.29667149059334336,0.7342684052000901,6.3237,1.2869254796965681,1.3766152121484556,1.6469806410523098,-0.15759508084718732,1.9851343624928506,1.7468402300051258,0.6159475886355339,1.0485436893203899,0.40776699029125646,0.8516808336927258,-0.10035671819262793,0.014770407137759012,-0.02097298481446194,0.03593268129350603,0.2812698412698412,True
sz.002476,2022-05-12,0.057522123893805205,tp,0.255411255411256,0.7049542653518966,8.498,1.3529411764705874,1.2906868902302313,1.5985949156348644,-0.14485981308411222,1.3780760626398216,1.2731685168555105,0.7979129265622528,0.8913043478260891,0.3260869565217403,0.7943770223652789,0.16528925619834722,0.19491525423728828,0.148734660624268,0.05626477541371158,0.10617283950617296,True
sz.002478,2023-06-30,0.04093959731543625,tp,0.13725490196078335,0.9147214732696107,7.1633,1.5593220338983058,1.841574988397367,2.0437551887662497,0.017687074829931815,1.1382996352734285,1.469465287767491,0.6046358553319098,0.7391304347826115,-0.06521739130434764,0.9663740860662504,0.38714346750981665,0.33397769000944,0.1915232605817838,0.03744848478763937,0.1762824922050297,True
sz.002483,2022-10-17,0.06615120274914084,tp,0.3333333333333325,0.757563697845784,5.4717,1.455197132616489,1.3229554179370109,1.6859306130332026,-0.26544021024967135,1.0034129692832778,0.9910433812172027,0.7828107511319596,1.0,0.7586206896551695,0.8285842687167236,-0.12500222449772258,-0.05432389045068886,-0.04097249931862678,0.03436603557085485,0.12962962962962943,True
sz.002484,2022-05-09,0.13155051323608855,tp,0.06203473945409427,0.7937926571857064,9.7519,1.511764465683856,1.417257408172283,1.8524682079538575,-0.29068194708101913,1.3033292231812579,2.002791126536506,0.4635549377502173,0.9531250000000007,-0.010416666666667372,0.7934652853198239,-0.16674873426047687,-0.21204905019030262,-0.17710874116058728,0.0653449633342227,0.08835547487592436,True
sz.002484,2022-07-19,0.03364449630493973,tp,0.14779270633397312,1.0373987516608376,7.9365,1.3491189427312784,2.420231776213511,2.3571750184272764,-0.03173311635475984,1.0700064226075814,1.982568061848484,0.596129735214925,0.9599999999999983,1.142857142857142,1.1556339962230369,0.45625461696128533,0.0518049541129284,0.17746309638723518,0.05055555555555554,0.23577235772357724,True
sz.002487,2020-01-06,-0.037974683544303736,stop,0.15942028985507362,0.7182167080465844,6.6667,2.3004694835680812,2.828709982783338,3.2227568169819,-0.21500721500721487,1.3270142180094828,1.8059413890721185,0.607349706486155,1.171771005198764,0.1717710051987641,0.929548422980153,-0.11431242321746093,0.33818823244983354,0.1407085874954081,0.02872745893926517,0.2267282543895619,False
sz.002488,2020-11-06,0.05212765957446814,tp,0.07246376811594288,0.5227939087303084,10.0592,1.4854651162790715,1.411263631368324,1.9778819260091591,-0.10144927536231862,0.7817258883248742,1.0285872155436468,0.6510240394950342,0.8082191780821892,-0.013698630136990145,0.8328139359365511,0.5535117056856182,0.5204582651391159,0.3860672145619114,0.06239684248295663,0.022058823529411443,True
sz.002488,2022-07-20,0.03231939163498098,tp,0.3773584905660359,0.8256287848278473,6.5919,1.706546275395034,2.829342254748991,3.491474331482729,0.020134228187919323,1.6296296296296349,2.1637567714136092,0.5828390989692389,1.5555555555555574,0.5740740740740754,0.9797846267027615,0.37326388888888884,-0.13076923076923086,0.18925014095094903,0.039064475347661165,0.5241157556270086,True
sz.002488,2023-09-27,-0.03658536585365853,stop,0.21875000000000064,0.9862190693420092,7.2464,1.9361702127659615,2.4615938569342264,2.250410640212707,-0.07151819322459207,1.8222222222222184,2.9545157494761773,0.6224302206380482,0.8653846153846142,-0.13461538461538583,0.8491902929013989,0.04415954415954415,0.053160919540229834,0.07350769493635355,0.03192360163710778,0.23694779116465836,False
sz.002489,2019-11-15,0.03619302949061663,tp,0.19047619047619155,0.7020962547082668,5.1136,2.0655737704918127,1.513130599969897,1.9828325640298399,-0.043927648578811374,1.0405405405405397,1.6629450983782241,0.7200658168150621,0.8888888888888883,0.2222222222222179,1.0694429560725276,0.19871794871794846,0.12230803709403104,0.09219505985882674,0.03057040998217468,0.1910112359550565,True
sz.002489,2020-02-21,-0.051948051948051945,stop,0.1162790697674408,0.7375599232655903,8.5714,1.6013071895424833,1.722981314245013,1.6880454557429245,-0.10412573673870329,0.7531645569620297,1.9722004945397773,0.7556278229688231,0.7428571428571408,0.2857142857142849,0.7026464215304503,0.21991721471803194,0.3952346587493658,0.18876530872070124,0.044921316165951394,0.06437768240343325,False
sz.002491,2022-08-10,-0.029090909090909115,stop,0.11764705882352987,0.7597440632519673,7.5697,1.684210526315791,3.0132998670806086,4.021501466274248,-0.03571428571428559,1.3517241379310363,1.8414112094905395,0.6137397096900096,1.2812499999999993,0.28124999999999933,0.901571219784285,0.36228287841191054,0.1046277665995976,0.1596549903186059,0.03624772313296903,0.06214689265536746,False
sz.002493,2023-02-03,-0.0365575019040366,stop,0.05228758169934663,0.840187131568073,5.7508,1.4911242603550297,2.400932737210793,2.074384636876875,-0.014880952380952217,1.5532233883058486,3.212341487023004,0.5991388054775275,0.8888888888888883,-0.11111111111111169,0.8402616683593443,0.1384083044982698,-0.03801169590643272,0.006635687376895723,0.03396656534954405,0.17254174397031546,False
sz.002493,2024-02-19,0.06966403162055328,tp,0.06153846153846374,0.9080921659310834,6.823,1.922630560928423,1.4662266366989254,1.6062529275282627,-0.11248892825509305,1.0149999999999986,1.7431354630216327,0.8452924690595239,1.1267605633802822,0.1971830985915506,0.9508435489693591,-0.08878923766816149,-0.15963606286186938,-0.0691708657810354,0.03047900262467195,0.17985611510791386,True
sz.002494,2022-02-10,0.06481481481481474,tp,0.1828793774319063,0.9378986121978112,9.9206,1.3296089385474854,2.6751343083711756,3.017593025327002,0.07782101167315192,1.9391891891891848,4.961616981001374,0.8572009431099745,0.8431372549019606,-0.1568627450980394,0.9104831533171792,0.44827586206896575,0.56,0.32736370819067684,0.06312576312576314,0.22025316455696195,True
sz.002496,2024-05-07,-0.04498269896193798,stop,0.09859154929577449,0.8745576684125038,8.1081,1.3508771929824535,1.4603413342635068,1.6164926273867466,0.021897810218977742,1.2405063291139238,1.8195570161494212,0.7736430775922978,0.909090909090909,0.4545454545454555,1.0246270036285197,0.6201117318435754,0.4215686274509802,0.45326985717865204,0.058735632183908065,0.2962962962962965,False
sz.002497,2020-06-18,-0.03613177470775758,stop,0.031446540880501916,0.8969736782134842,6.3321,1.6377358490566087,1.7057436602821665,1.8375952532909077,0.004514672686230403,1.069444444444444,2.4223258764108007,0.7665578727385297,1.4193548387096737,0.9677419354838666,1.0305969857916948,0.27005347593582885,0.52,0.11791009649329261,0.04291228070175438,0.39712918660287005,False
sz.002498,2022-07-18,-0.05154639175257731,stop,0.030303030303029797,0.9841799013426493,8.7156,1.952191235059764,3.315814091925316,4.126653249550642,0.0509977827050998,1.7266024307815744,2.762908093479471,0.5748663089495154,1.1428571428571417,0.31428571428571284,0.9980704441118835,0.22211082863770515,-0.02377202732326744,0.17003140290151017,0.032319265005525295,0.49999999999999944,False
sz.002498,2022-10-18,0.08545034642032326,tp,0.12621359223300935,0.5759987009115002,5.6373,1.6016949152542324,1.877583604544763,3.312013212122944,-0.15157480314960636,1.5625000000000027,2.199834557067963,0.49901459682434207,0.7777777777777773,0.07407407407407647,0.8425074813501178,-0.10721649484536078,0.09108038927861095,0.04524531006246859,0.04103156274056963,0.03517587939698547,True
sz.002505,2021-11-25,0.05050505050505055,tp,0.2952380952380952,0.8358420647207384,10.0295,1.3706293706293693,1.9367905064403566,2.42381310611037,0.01084010840108407,1.394833948339483,1.4356203157626768,0.6613090451453126,1.4642857142857142,0.7857142857142869,0.9961636481848563,0.6737288135593222,0.6880341880341883,0.49815101615095303,0.05620253164556961,0.17543859649122828,True
sz.002507,2020-04-27,-0.05857385398981334,stop,0.2761627906976744,0.5951968456127236,6.7568,1.7631462660185588,1.7434737709196126,2.1934863739266763,0.023316062176165664,1.5444394819115692,1.5070731924951797,0.37327951986410646,0.8070175438596495,-0.12982456140350904,0.8370374262830205,0.4938428874734606,0.5048424175415167,0.2811490864306461,0.047489103657381085,0.3477653631284915,False
sz.002507,2020-12-04,0.052078412848370344,tp,0.022964509394572345,0.6165416226965368,8.4211,2.035242290748897,1.7104559771161516,2.6140877345863105,-0.267425320056899,0.8624728850325342,3.6698556193777963,0.4579122491181366,0.8848484848484854,0.2393939393939394,0.9112274862711308,-0.17666666666666664,0.25888572409111,0.011473958852554906,0.041676589664205795,0.04370860927152307,True
sz.002507,2024-05-07,-0.019539427773900803,timeout,0.2089552238805969,1.0079182879979929,7.6805,1.9102803738317795,2.996524886591449,3.2109122599640187,-0.05589225589225599,1.2018561484918755,2.045354693454651,0.4444533711879659,1.260273972602742,0.42465753424657426,1.013226902086168,0.09808429118773931,-0.08900190718372547,0.016071850626329483,0.02335426843451966,0.2559366754617417,False
sz.002508,2021-05-06,0.10164473684210514,tp,0.17857142857142794,0.8880650726595386,10.0,2.2708661417322826,3.609888044148448,3.7312684720791465,-0.11126860382707304,1.2868791697553794,2.6302694045927613,0.5574347525151466,1.122977346278317,0.12297734627831708,0.8429796053662554,-0.013243313425084335,-0.0727597754005056,-0.03960772616415866,0.030456140350877157,0.012087026591458544,True
sz.002508,2021-05-25,0.03693259497112726,tp,0.1416122004357298,0.7033225230561578,9.3584,1.776649746192897,2.6642218805285225,3.608837978341103,0.025609149676777854,2.2708661417322826,3.609888044148448,0.708262672600184,1.5199999999999991,1.0109090909090912,1.0418548571439499,0.10157618213660258,0.03231032449679949,0.12442742830248942,0.033371186312362765,0.4988687782805438,True
sz.002508,2021-07-12,-0.04186046511627907,stop,0.06859205776173297,0.9775902459030167,7.3841,1.8190789473684201,1.8342698898253056,2.0089134226644028,0.008883248730964244,0.7379618499758998,1.4614152305960209,0.5059553895814393,0.931645569620254,-0.045569620253163995,0.8785703515087305,0.37326448651749855,0.05427192428410721,0.19431790181683326,0.04084595959595957,0.4029590948651001,False
sz.002508,2021-11-16,-0.04338461538461534,stop,0.13801452784503707,0.7837866895265607,7.1547,1.6403046280023452,1.806344827365667,2.622606198354238,-0.2742844264142438,1.8033648790746521,3.030812694826291,0.41135682033815163,0.8499999999999999,0.14500000000000088,0.6999339082250909,-0.24195053663089128,-0.2033426635836274,-0.17230457550706493,0.039550630963373336,0.07899571341090027,False
sz.002508,2021-12-10,-0.04229779937124919,stop,0.19642857142857198,0.823744327238159,10.0127,2.1422222222222205,3.643664731064085,5.564037365246949,-0.06916890080428961,1.6403046280023452,1.806344827365667,0.7412419585117834,1.1493775933609958,0.14937759336099585,0.9157041867481666,-0.030403537866224517,-0.18228438228438226,-0.06533714339001799,0.032212086659065,0.24705882352941141,False
sz.002508,2022-09-15,-0.06578449905482038,stop,0.3906810035842281,0.7587640974615946,5.542,1.9728601252609557,2.7007819775917015,3.1707710646687817,-0.2900219298245613,0.9904076738609129,1.2658676332516188,0.6914330158136448,1.096296296296295,0.4074074074074065,0.8770080457432726,-0.15224358974358987,-0.07128909897292257,-0.08184198979861552,0.02557025834908634,0.028061224489796397,False
sz.002508,2023-02-23,-0.05506329113924047,stop,0.0618982118294362,0.910325778617806,10.0,2.4275534441805218,2.1589273706064627,2.2567759610519054,-0.033333333333333326,1.35336381450033,1.4915651464203978,0.6837909410482832,0.914383561643835,-0.041095890410958846,0.8460293502807227,0.32859531772575234,0.23465423465423463,0.2047576174003696,0.03688902873924901,0.05248425472358271,False
sz.002511,2024-08-05,-0.030683403068340272,stop,0.09090909090908836,0.7616555261163647,5.6851,2.242424242424245,1.8515291081235286,2.200994841551982,-0.1829071153269627,1.5328223424957768,1.089034583744515,0.6834158500202587,0.729729729729728,-0.21621621621621753,0.8254365387473424,-0.17437650460745202,-0.11141382722204252,-0.10584190462381922,0.025848442584844256,0.2197802197802196,False
sz.002514,2023-02-03,0.0754755996691481,tp,0.2327044025157239,0.8016212240840297,6.0367,1.4313725490196083,2.004559023592947,2.4025857110573225,-0.14527503526093077,1.5144654088050309,2.899767065805511,0.674321964156157,0.9726027397260255,-0.027397260273974437,0.8498141038941808,-0.0777439024390244,-0.17518745739604646,-0.033514161147535554,0.044517906336088146,0.29411764705882354,True
sz.002517,2024-01-26,-0.0702554744525549,stop,0.06824925816023768,1.0125147323141594,10.0196,1.671641791044774,1.748931117830315,2.1797981975932177,-0.15022761760242798,1.564159292035398,2.236699794155171,0.94020676114466,0.8229166666666669,-0.1770833333333332,0.722683636376336,0.0,-0.24785540293028363,-0.08865608470822246,0.05660320338470836,0.12290502793296076,False
sz.002521,2021-05-26,-0.04109589041095897,stop,0.08661505981702955,0.9447492274696843,7.9223,2.195146241316539,2.4815928141471293,2.6381796416696406,-0.03340306942904869,1.3548387096774155,1.944347116464856,0.7511780338109979,0.8035714285714292,0.25,1.0596829325054022,0.24274138762811526,0.2765798211307622,0.20545817065686928,0.034889957535809354,0.26266620532845736,False
sz.002522,2021-06-24,0.02056962025316448,timeout,0.1666666666666654,0.8334794018349716,8.4192,2.755905511811025,3.098941821649368,4.003949302090017,-0.026234567901234573,1.2556053811659171,2.271238848010019,0.42290044508039476,0.9600000000000003,0.0,0.8361768123412148,0.035445621507468994,-0.021551385181015736,0.05131880332083377,0.031061806656101414,0.14553990610328638,True
sz.002524,2020-08-18,-0.0419354838709677,stop,0.0574712643678162,1.0185998950766095,8.7035,1.338758901322481,1.9850049625029969,1.9918238416939238,-0.1005251312828207,1.7991967871485954,1.575860690786803,0.5877857015971891,1.0319148936170206,0.46808510638297846,0.8531249577782818,0.5289052890528902,0.30979978925184404,0.33818990884949407,0.060311075355323165,0.2226950354609928,False
sz.002528,2023-08-09,0.104375,tp,0.3033707865168533,0.7870045492758975,7.0959,2.3829787234042574,3.3121880631791027,4.324515118157418,-0.2087378640776698,0.9245283018867949,1.1264702103698672,0.5163044367925496,0.7857142857142841,-0.07142857142857302,0.7648507192348899,-0.052570093457944056,-0.2573260073260075,-0.16558778390335493,0.031771475544595175,0.16535433070866068,True
sz.002530,2020-06-04,0.0638481449525454,tp,0.1836734693877553,0.9519253510000748,10.0284,1.830635118306353,2.108218241928779,2.3369172426121274,-0.21418918918918917,1.2557575757575765,1.3873349991792732,0.6700666558650371,1.019047619047618,0.028571428571427894,0.8276521085017873,-0.1748053786270347,0.20836237840248506,-0.050873774847094703,0.05111492281303602,0.1909090909090911,True
sz.002530,2022-12-02,-0.0620608899297425,stop,0.13533834586466148,0.9978041230870809,9.9617,1.490494296577948,1.6301054752104518,1.7790953937394987,-0.048618784530386705,1.5104669887278566,2.5581753951045565,0.6930988890024408,0.8809523809523805,-0.11904761904761953,0.7047948680118524,0.19020979020979012,0.36816720257234725,0.1404194492216291,0.05769682726204464,0.09677419354838702,False
sz.002532,2020-10-14,-0.03508771929824565,stop,0.10967741935483843,0.803866675480133,6.4286,1.5115681233933163,1.81771849082791,2.143536560186209,-0.2965061378659112,1.0919220055710335,1.4428457171972278,0.5459193355518909,0.857142857142856,-0.14285714285714396,0.6858394447642847,-0.261,0.3102836879432622,-0.0011038770866656552,0.0374830852503383,0.018987341772152038,False
sz.002532,2022-12-08,0.09193548387096781,tp,0.18750000000000075,1.0403646699313946,8.7137,1.9526315789473678,2.4017893656335914,3.1204032383636213,-0.1752360965372507,1.1382113821138173,1.8681374473180214,0.455118990711044,0.7924528301886784,-0.20754716981132162,0.8823084179123555,-0.06738868832731659,0.12096899804844385,0.049603234949767,0.03638709677419354,0.23987538940810016,True
sz.002534,2020-11-19,-0.11002921129503386,stop,0.09999999999999981,1.0305686536444851,7.5157,1.5691768826619934,2.229282314493211,2.370601996743352,0.009803921568627638,1.1247863247863237,2.636872760750334,0.5388923408884791,0.9531249999999953,-0.046875000000004684,0.8634282117529918,0.1804597701149424,0.38971583220568307,0.1596330275229356,0.03716325868224603,0.19248826291079785,False
sz.002536,2021-05-14,0.08655394524959759,tp,0.15887850467289727,0.45668479659177147,6.8611,1.4791154791154844,1.2572314420454367,1.948823317067738,-0.06875934230194314,1.1971496437054665,6.094454468166975,0.5607431646759408,0.9302325581395338,-0.04651162790698057,0.7383288027871345,0.2673469387755101,0.029811145763147362,0.09540161179079203,0.04294149221685448,0.16666666666666705,True
sz.002536,2023-09-01,-0.046874999999999944,stop,0.25714285714285817,0.986621806115684,8.4677,1.7904993909866038,3.001498531225057,4.024831830108866,-0.2481833426495249,1.6427640156453733,1.7544174001488697,0.4950802082565227,0.8190476190476202,-0.019047619047620912,0.8060429430349791,0.2935393173504246,0.4693910730885542,0.12467950294170009,0.04137503102506823,0.021702838063438895,False
sz.002537,2022-01-18,0.11294261294261293,tp,0.2248803827751193,1.023935874609047,10.026,1.6238244514106581,2.5997572967951883,3.2338342178589863,0.05624999999999991,1.72093023255814,1.3397679702507455,0.9079159205729107,0.851351351351352,-0.14864864864864802,0.8966621433235401,0.5676691729323307,0.48398576512455516,0.3651430208290706,0.056434852118305345,0.21107266435986155,True
sz.002537,2024-12-10,-0.05726872246696043,stop,0.22330097087378695,1.0084658588866018,5.6923,1.4114441416893742,1.8470846800209406,2.2737368440792,-0.11354838709677417,0.9503916449086122,1.6225866249335104,0.653922199973699,0.8378378378378389,-0.10810810810810817,0.7977032175414267,0.3498023715415022,0.3287937743190663,0.1936034352813868,0.03904343582235237,0.046808510638297995,False
sz.002539,2022-08-16,-0.05279126213592253,stop,0.049079754601227224,0.9820242052884378,9.3433,2.1353211009174244,3.3515624870536955,3.388294860323561,-0.13078579117330458,1.3670033670033632,2.6673604368456423,0.5364153480712268,1.157894736842108,0.2330827067669193,0.9379930557572,0.10422890567541954,0.22096852930221988,0.12155778117688373,0.03768732280275416,0.011764705882353007,False
sz.002539,2024-05-09,-0.03420752565564401,stop,0.30201342281879134,0.9201619056674423,6.0419,1.3479212253829318,2.172230157550215,2.080583263171483,0.05263157894736836,1.4626865671641862,2.1433388251920813,0.6306939412068497,0.9772727272727277,0.38636363636363324,1.007304971279539,0.21132596685082872,0.04280618311533879,0.09727869878010627,0.032611174458380854,0.2772585669781925,False
sz.002541,2024-11-12,-0.04127906976744192,stop,0.21739130434782647,0.8145577237789445,6.338,1.3936073059360723,1.6770519033412574,1.7902931233775687,-0.005389221556886259,1.1248908296943234,1.6981965274505513,0.6857777792456021,0.752293577981651,0.5412844036697271,1.0864417303226122,0.2693726937269372,-0.13895009528346836,0.15928151222311657,0.054263565891472854,0.3213828425096036,False
sz.002543,2024-12-02,-0.04122722914669219,stop,0.24223602484472168,0.5333306458031792,6.8465,1.4085365853658565,1.8643623173595851,2.3475320948645817,-0.08990586027484004,1.6659707724425934,2.849339857988581,0.5511042237510066,0.7272727272727251,0.15151515151515277,0.8280587950070593,0.22030520823237065,0.011115688228241716,0.10591348449886155,0.0359935897435897,0.2709832134292568,False
sz.002544,2019-10-25,-0.03939393939393927,stop,0.1458333333333331,0.7421642863912578,7.6167,1.999999999999999,2.068693661873663,2.8693740578179168,-0.09814687714481818,1.0173010380622847,1.1321689887861996,0.575801368150186,0.935483870967743,0.06451612903225706,0.7180182043904205,0.07931316434995894,-0.11480624438212872,0.04643649388631492,0.035025252525252536,0.13080168776371326,False
sz.002544,2020-11-06,-0.04090354090354088,stop,0.3419913419913413,0.9000146016436982,7.6266,2.0230179028132964,2.178100007107745,2.9503326626500934,-0.11417748917748927,1.5105263157894797,2.482474263953432,0.49406590865596545,0.920353982300885,-0.017699115044245265,0.7629908687186754,-0.07365439093484405,0.12362668568869206,0.09106846385151526,0.03361875637104995,0.0547045951859957,False
sz.002544,2020-12-24,-0.054016849323852464,stop,0.3735849056603775,0.8341290334795186,9.9933,2.3033838973162175,2.1922425344241945,2.0097223600562364,-0.037317784256559516,1.244005641748949,1.643310242324495,0.7349923274364497,0.7375886524822687,0.0496453900709187,0.8326142169680708,0.0573979591836733,0.2720470092975533,0.05117013934905475,0.032971451548049875,0.1287425149700595,False
sz.002546,2023-06-30,0.03409090909090901,tp,0.05970149253731337,0.5586955913346475,6.3903,1.3524804177545686,1.22314104194957,1.5723050617827217,-0.20004508905087548,0.9322790243635642,2.6654104921757398,0.7340301597583185,0.810810810810809,-0.027027027027025082,0.7968720838694354,0.5459102893028891,0.7477374659618776,0.34732487872795836,0.06699409394845476,0.1534571399535862,True
sz.002548,2023-09-05,-0.02904564315352697,stop,0.049999999999999836,1.0137955402356427,6.25,1.4870466321243514,2.7322810725533326,2.752096129144614,-0.10411311053984573,1.4497041420118324,1.8508997292631588,0.5586242499966795,1.439024390243906,0.6585365853658524,1.0158571619231787,0.22711864406779636,0.2569444444444444,0.17984165568939522,0.03222836095764276,0.14285714285714218,False
sz.002555,2020-04-17,-0.03962575674188232,stop,0.09281045751633969,0.8221026952844691,9.0434,1.2851768246802129,1.3216446147913121,1.502142666152807,-0.10705289672544083,1.026572485704673,1.350408977154265,0.7255498024401615,1.143442622950818,0.36475409836065514,0.8986680901132353,0.24879725085910653,1.1826010868859536,0.26887294100754566,0.05489818381948266,0.11671924290220839,False
sz.002555,2020-12-04,-0.08950086058519799,stop,0.21739130434782514,1.020922551552601,9.5675,2.43353783231084,2.90171819885848,3.266101521701102,-0.41682981373319394,1.2871137905049,1.7891984172917015,0.47582021332905183,1.137254901960785,0.2156862745098038,0.8517814550889883,-0.3537546548448416,-0.20114943611119118,-0.24443326538484214,0.037674206077221814,0.06482281763180632,False
sz.002555,2024-01-26,-0.07445652173913032,stop,0.19038817005545255,0.8878552866001902,7.6174,1.8467023172905552,1.4656488083082448,1.8994141239291713,-0.26830218068535827,1.626666666666666,3.853853074027615,0.8821015905396516,0.844594594594594,-0.09459459459459471,0.6013090257784607,-0.1365740740740743,-0.28643303981044155,-0.15036612759892642,0.05442359249329758,0.05025641025641016,False
sz.002555,2024-08-30,-0.038404240868094686,stop,0.39459459459459784,0.7473550431926389,9.9759,1.8187311178247683,2.152384663127765,2.8218409640215505,-0.052018072825073536,1.3740740740740796,2.995065913889179,0.8750983973379799,0.860465116279071,0.3255813953488405,0.8481935960722288,0.02422153664348059,-0.20948685096256114,-0.05306463204962184,0.03491039426523297,0.19494584837545162,False
sz.002562,2024-08-05,0.03453038674033151,tp,0.1940298507462687,0.8289951497921813,7.2948,1.7368421052631577,1.988523948714421,2.0666901375765176,-0.1197007481296758,1.4583333333333337,2.8359069787160025,0.8185810099285701,1.090909090909092,0.12121212121212226,0.8580881624457591,-0.037735849056603765,0.15161290322580645,0.09719504809089835,0.05882517585533825,0.13414634146341442,True
sz.002564,2021-09-07,-0.03448275862068964,stop,0.19587628865979353,0.7264600820760574,6.3319,1.3757225433526006,1.3727392976376553,2.0980184290528054,-0.11131386861313874,1.4417344173441722,1.2084987943879346,0.708027884265957,0.7058823529411747,0.1470588235294113,0.7589712536460721,0.2845953002610966,0.44705882352941173,0.2187519352641249,0.05033875338753389,0.022727272727272582,False
sz.002572,2023-01-11,0.03177660086663472,tp,0.16666666666666655,0.9567233522291522,7.1053,1.2326227988878644,2.3264701315765066,3.0242371325715105,0.04358974358974366,1.627281460134486,1.9048355105362793,0.4866524997344356,1.3684210526315779,0.5789473684210457,1.036248425476403,0.37771918259723103,0.14646187602852412,0.22203165198409588,0.0372567783094099,0.32957746478873196,True
sz.002574,2021-10-13,-0.0595238095238096,stop,0.17791411042944832,0.49476288615070135,8.2585,1.3394077448747115,1.0487959030783796,1.5592584995987735,-0.03520000000000012,2.736842105263157,4.396926771511923,0.667932070133254,0.761904761904761,-0.23809523809523903,0.6062050017903821,0.2151639344262295,0.48621553884711766,0.2436645810758853,0.04839797639123101,0.17088607594936758,False
sz.002576,2020-11-09,-0.0572019297036528,stop,0.08571428571428549,0.9868502176616674,6.5731,1.2265861027190341,1.6079975852784223,2.0986418861488403,-0.0013840830449826091,1.4838076545632994,1.7660136248321086,0.7015054367114828,0.8505747126436781,-0.011494252873563872,0.8136270260842656,0.22723404255319157,0.6178570645208148,0.2098658264387197,0.04990753582986594,0.058988764044943645,False
sz.002577,2021-06-18,-0.058205335489086414,stop,0.3065326633165823,0.6931915573367312,5.5652,1.7563636363636397,1.7953130742734136,2.2795345150943986,-0.017799352750809017,1.1297468354430413,2.3492532225945832,0.6864563247684575,1.0434782608695643,0.28985507246376657,0.9478976229112087,0.2133726647000984,-0.003231017770597866,0.11073606516798307,0.03670988654781199,0.16355140186915854,False
sz.002577,2024-07-01,-0.04326530612244893,stop,0.3523809523809525,0.8269328217558523,6.8122,1.7619699042407648,1.4191548599969708,1.7499223915859925,-0.17420661715057384,1.4490106544901056,1.52573807042699,0.8140250484397549,0.9021739130434784,0.021739130434782147,0.46484346331165005,-0.1469359331476323,-0.28779069767441856,-0.11554475223219658,0.04674829931972789,0.21492007104795757,False
sz.002579,2020-02-12,0.09282178217821806,tp,0.04816955684007702,1.0433073030209672,8.1006,1.2244897959183705,1.5871045560309016,1.5586121783186278,-0.062386432465172614,1.5651229439067154,1.5176596295381108,0.7477764889135435,1.1999999999999988,0.6583333333333306,0.9192560980396067,0.45286946217383117,0.5052856592365318,0.27551532557993796,0.04896416192707418,0.21091290661070278,True
sz.002579,2020-05-20,-0.08864265927977838,stop,0.37440758293838755,1.0472543893447048,5.8526,1.4489003880983216,2.5556027398609147,2.793309792431036,-0.22032996274614147,1.2229465449804426,1.849885025126159,0.6556010982182995,0.7249999999999996,-0.27500000000000036,0.8143062510267428,-0.12012195121951219,0.2356075504473205,0.01730270329843815,0.037791637791637786,0.12455516014234863,False
sz.002580,2024-01-03,-0.04257767548906769,stop,0.3636363636363641,1.0232037580917623,6.0644,2.252365930599367,2.1599459598619464,2.3869522994297605,-0.19756554307116103,1.2086330935251688,1.2847269957795515,0.5231999477969679,1.196078431372547,0.21568627450980285,0.901575565936822,0.03579952267303077,-0.09958506224066399,-0.009386858398242699,0.024385560675883294,0.1256281407035175,False
sz.002581,2022-05-25,-0.08949999999999995,stop,0.2241992882562275,0.7916582717604241,8.5601,1.210280373831776,2.6728077745887187,3.7417665711879526,-0.048683556880278256,1.9394904458598738,1.6881583433795022,0.5866807148985991,0.9639639639639647,0.4954954954954964,1.0322145424688254,0.06601731601731586,0.3483915126625601,0.06353305320364595,0.054247038917089666,0.2237093690248564,False
sz.002582,2020-05-15,0.06806282722513073,tp,0.24390243902439113,0.966031437360587,5.5006,1.4081237911025135,2.0046129671083803,2.0145718842007945,-0.22159090909090906,1.8622327790973872,1.6949008568836716,0.8267278439723209,1.0192307692307716,0.038461538461540754,0.8452362227517334,-0.016376663254861756,0.17341039325166308,0.06486558589420073,0.035691987513007256,0.10091743119266067,True
sz.002582,2023-07-06,-0.037621359223301114,stop,0.2441860465116282,0.8092417009692016,6.9142,1.920199501246883,2.067441922364266,2.2344075824445664,-0.07606447514234382,2.417040358744391,2.19037216585618,0.5017530255047621,0.8363636363636359,-0.0909090909090907,0.751838244964303,0.2196498168014862,-0.06212196007117876,0.0817106293566421,0.03464570997133362,0.08843537414966036,False
sz.002583,2019-09-11,-0.04575163398692794,stop,0.14917127071823164,0.9160702066127252,6.9246,1.6424581005586605,1.791831999379444,2.112539316297917,0.01645692158760892,1.4963396778916516,2.4062655793497862,0.5918862170149852,1.2063492063492047,0.41269841269840957,0.9653738802277432,0.2932692307692306,-0.018325299053740363,0.1340277079009477,0.04027261462205701,0.24019607843137275,False
sz.002583,2020-05-11,-0.05907172995780591,stop,0.0239999999999996,0.886026509541397,7.0122,2.107142857142858,2.325462653684549,2.9406652238745865,-0.23943661971830998,1.572602739726026,2.025596763843358,0.782501819015918,0.8983050847457644,0.11864406779660915,0.971565997491385,-0.10705289672544094,-0.2095172050502606,-0.10088223839498962,0.039633286318758815,0.3239436619718308,False
sz.002583,2022-10-20,-0.04051565377532224,stop,0.25333333333333413,0.4404754382913906,10.0418,2.363636363636361,2.0842400951095423,4.279896580246955,-0.08041958041958042,1.2645161290322575,2.225182085986594,0.6743066408372318,0.9743589743589749,0.20512820512820548,1.0039189130356014,0.009451795841209698,0.06374501992031889,0.08617533392094379,0.04282147315855182,0.0,False
sz.002585,2023-01-20,0.031315240083507244,tp,0.2550607287449391,0.935551056745106,6.1286,1.492577597840749,2.024796936173028,1.9863260683228818,-0.14714714714714716,1.2092457420924565,1.4947153396767274,0.4254809436277877,0.7341772151898749,-0.10126582278480889,0.913223260744846,-0.024861878453038777,-0.469770935035674,-0.15864740056606577,0.03526912181303117,0.25,True
sz.002587,2020-08-17,-0.035548686244204084,stop,0.09401709401709482,0.9927028130865312,5.8824,1.5462686567164154,2.3230238240242094,2.4658417154631533,-0.026275115919629166,1.2093023255813957,1.2840347334881559,0.9003979725811282,0.9729729729729747,0.5945945945945984,1.0578311781141239,0.14382964333387172,-0.1947216396504532,0.03480699918431356,0.037014314928425364,0.2083333333333337,False
sz.002587,2023-01-06,0.06155303030303021,tp,0.2,0.6878816478045414,5.1587,1.8477157360406025,1.6408585359305317,2.283056860376348,-0.2148148148148149,0.9578947368421,0.8578456939598151,0.6198496731063815,0.8846153846153882,-0.11538461538461174,0.6833511514215078,0.03740157480314954,0.10482180293501053,-0.019565284797370543,0.024857685009487675,0.04242424242424217,True
sz.002588,2024-06-19,0.036140535417903734,timeout,0.05014787695594959,0.9044835278437763,7.9223,1.9400783660873735,1.8114337309383706,1.61067144612452,-0.009656080868245431,1.3152432868968242,1.8467351389023074,0.4619923394048898,0.9298245614035088,-0.07017543859649125,0.7964314157765929,0.15054864177706384,0.1670636940513759,0.13086599207414149,0.03395110906930451,0.10296820895735098,True
sz.002591,2020-07-09,-0.0306603773584906,stop,0.036269430051813004,0.8806328018153646,5.283,1.2135306553911165,1.4616322527852936,1.7638922754086712,-0.003571428571428781,2.7521367521367517,4.881385426248347,0.6944198866747969,0.8292682926829327,0.36585365853659085,1.014496188160729,0.09090909090909105,-0.2067039106145251,0.04190445132887655,0.04327073552425663,0.229681978798587,False
sz.002593,2022-02-10,0.028571428571428602,tp,0.3924050632911396,0.6720354369504641,5.6911,1.3695652173913055,1.6420233607033325,1.9734984878432726,-0.06474820143884885,1.6081081081080977,1.2146228325122173,0.5774716794940127,0.8888888888888881,-0.11111111111111198,0.46374267505663114,0.05434782608695632,-0.02267002518891692,-0.025043973532121646,0.02989690721649486,0.17391304347826114,True
sz.002593,2022-07-21,0.13128491620111726,tp,0.1333333333333335,0.7106592799112904,5.8997,1.7051282051282057,1.5276303521187238,2.020200707750684,-0.05429131683176014,1.260775635206036,1.4223970685807017,0.46173237495542224,1.0,0.0,0.8045199136836354,0.09338691597529225,-0.08056100247532227,0.035315994226651735,0.029383459334553608,0.06193246782034718,True
sz.002594,2021-05-24,0.09199999999999993,tp,0.09185217203371543,0.9718701912347385,8.8721,1.8386866523911478,1.877892841393142,1.8954240388721608,-0.35736070817525856,1.4487731784978506,1.9176204992405053,0.6183815576813997,1.0124223602484463,0.05357142857142912,0.8323580870563508,-0.22902222222222213,-0.058159562810813914,-0.09566488334273042,0.03852155031609692,0.07060185185185167,True
sz.002594,2021-10-18,0.10001736111111117,tp,0.03725606150206944,1.0141707473044481,5.5212,1.2326115282000376,1.527176577767387,1.6926436802637255,-0.14528837062716682,1.10264323091373,1.3726837199913944,0.7059053084666318,1.1226215644820294,1.0373502466525766,1.0504599029705757,0.20947546531302863,0.7297035692679976,0.21744628803854368,0.04590211714232415,0.11820979951751122,True
sz.002594,2024-03-14,0.035571428571428546,tp,0.18184873949579844,0.81895980406801,5.6622,1.8296422487223152,1.9917472339134976,2.107176831762425,-0.012226640159045732,1.5171277997364998,1.5263196269419044,0.7602044626460509,1.5921787709497202,1.2420856610800795,1.1185472668844494,0.08022207507767543,-0.14141127889559113,0.00912869388541676,0.029974537910222553,0.4893168823352398,True
sz.002597,2020-12-22,-0.03570391872278678,stop,0.26282051282051316,0.7456663712736892,5.9493,1.2902453620586507,1.3908844032169887,1.523061355217995,-0.09972375690607715,1.2084481175390245,1.4608388407395314,0.8669203935641937,1.2532467532467477,0.9545454545454489,0.8533959714107605,0.01884534848938091,0.5356176735798015,0.06932620309662973,0.039782736347621854,0.03949224259520431,False
sz.002597,2023-12-27,-0.03383458646616557,stop,0.032258064516132785,0.8437300508174777,7.1464,2.5269286754002924,3.697988109960874,4.996863242964127,-0.08649339582445659,1.421538461538461,1.4181529271703404,0.3992815406144865,0.8629032258064505,-0.13709677419354943,0.8953399903021408,-0.0683311432325886,-0.0683311432325886,-0.040548515752160466,0.021595361228647563,0.14579055441478475,False
sz.002598,2021-06-23,0.07215007215007226,tp,0.2631578947368417,0.7059718954511291,5.8282,1.6519174041297942,1.241328663449773,1.768687176317171,-0.030898876404494402,1.8224852071005873,5.758388090098388,0.7388970247865124,0.8499999999999976,0.22499999999999884,0.8970116039366295,0.06554878048780499,0.13125753092305836,0.104236897491622,0.03576537911301866,0.2151898734177208,True
sz.002600,2020-05-08,-0.030720338983050575,stop,0.19496855345912073,0.766135221177948,8.0326,1.2768729641693801,2.1837135943744683,2.5716289226505267,-0.3265602322206096,1.063903281519857,1.4990064616729706,0.6008961145298454,1.0892857142857142,0.08928571428571423,0.8364160388365309,-0.1728723404255319,-0.162437514243984,-0.12949506660082954,0.047659878528045756,0.07936507936507929,False
sz.002600,2020-07-07,0.06481481481481478,tp,0.16894977168949793,0.774461397765715,7.722,1.684813753581664,1.714634712858018,1.9792518618675121,-0.023622047244094557,1.008695652173913,3.8462356220469207,0.7807509666481312,0.8452380952380941,0.8928571428571412,1.1065976810093991,0.3262806236080178,0.02849740932642497,0.14070444006353233,0.04388469073607612,0.1700934579439253,True
sz.002600,2024-08-26,0.14216366158113725,tp,0.037974683544303084,0.7120976267874712,9.9846,1.950103950103951,1.8696158457738457,2.558074409651329,-0.08205128205128209,1.0165016501650168,1.0111965554795825,0.8357493407155597,0.880597014925373,0.22388059701492619,0.9406766090071546,0.48282625244575317,0.31851523330398024,0.2556194541260098,0.05262197902416777,0.11627906976744203,True
sz.002601,2020-02-19,-0.04507042253521134,stop,0.08208955223880535,0.8682024744835569,5.6811,1.343258891645987,2.1359351210834068,2.149641508328524,-0.023702031602708784,2.0383673063905965,1.757290743366268,0.7483103219718726,1.3448275862068966,0.3965517241379331,0.8248344641726114,0.42700521403488034,0.3851962717578368,0.2931051992610406,0.04498937710908888,0.06955530216647678,False
sz.002601,2022-12-06,0.02119958634953459,tp,0.14910486660816213,0.9231061790141241,5.481,1.248093308495868,2.3894582572593124,3.409506486587137,0.021750767927410042,1.5697950785345134,2.6549018300082405,0.42614420518015994,1.0540540540540508,0.45945945945945765,1.0076168686466145,0.13038314075261725,-0.05544832888472939,0.05750316380607675,0.028732850689767664,0.42477367175158126,True
sz.002603,2021-05-18,-0.029965156794424984,stop,0.11409395973154414,0.9593384271473521,5.7069,1.6431022649279348,2.5817162561791234,2.4998813080410534,0.012341325811001447,1.5776515151515178,1.9023946434817318,0.6556481423059969,0.9473684210526305,-0.05263157894736944,0.8550747945872851,0.19648829431438108,0.1148792722330143,0.13047217096445587,0.030922431865828125,0.35201793721973057,False
sz.002607,2020-11-05,-0.05027932960893846,stop,0.2815126050420167,0.8063667263989885,9.0587,1.88704819277108,1.5788880573000368,1.8301144053048524,0.06000983767830781,1.001262095077833,2.0609834290815985,0.6152275304867731,0.8268156424581004,-0.17318435754189968,0.8547777199221932,0.30989824236817776,0.6300805209423648,0.3045870985890266,0.040944758317639725,0.6285896617740896,False
sz.002608,2023-06-29,-0.03951637831984444,stop,0.0769230769230767,0.9839283778737409,7.6149,1.8811369509043956,3.49404298704702,3.6211041048258195,-0.0397435897435896,1.255434782608698,2.1155563803396924,0.4952260940698987,0.9423076923076918,0.25000000000000133,0.8797398848617192,0.23902439024390243,0.29152542372881385,0.1556690216498366,0.03525809273840767,0.011320754716981216,False
sz.002609,2021-04-22,0.052137643378519276,tp,0.2500000000000013,0.8069288864448162,8.2314,2.601092896174859,5.873680441566048,9.17145731485738,-0.0347222222222221,1.4347826086956494,1.120288328565222,0.3247806612042692,0.7941176470588219,-0.20588235294117807,0.8942450816555505,0.003138075313807498,-0.18864844981962348,-0.015029932571958247,0.024921793534932214,0.25490196078431376,True
sz.002610,2021-02-18,-0.05555555555555584,stop,0.29411764705882393,0.6342539088123059,10.0437,1.2201834862385321,1.4475900943365216,1.9444213145556333,-0.27588523137315013,1.1167815360195523,1.0004977531716759,0.6168501434063156,0.894736842105263,0.7894736842105261,0.7676839709786866,0.25939367778025546,0.12181285583787482,0.07287299629881601,0.06866451322092884,0.02631578947368424,False
sz.002610,2021-03-08,-0.08518518518518532,stop,0.05263157894736801,0.77559095818105,10.1215,1.7872340425531927,2.6957615186082617,3.186707689473039,-0.21841580529165405,1.2201834862385321,1.4475900943365216,0.651250820001691,0.7916666666666657,-0.16666666666666666,0.7961666484976918,0.15513546423807023,0.12601440211442116,0.06248531556063901,0.05236318407960199,0.2083333333333334,False
sz.002612,2019-10-15,0.08775731310942571,tp,0.06827598630877331,0.6575838249645964,6.0961,2.0422219926300924,2.5273911768399833,3.3826818612938143,0.016853932584269593,1.192825112107623,1.8850753671550777,0.5714167943418215,0.7999999999999992,0.25999999999999795,1.085987105763561,0.0751155350159971,-0.08297462940946831,0.059193350020895104,0.0224159615754365,0.3399231910622322,True
sz.002612,2022-06-02,0.051020408163265446,tp,0.16697936210131353,0.5606398882284409,8.2175,1.2475884244373026,1.4783241191096592,1.5900586091761197,-0.07561885384876199,1.1486639066616464,1.5506222795609086,0.5656368830843169,0.8195876288659764,-0.1804123711340236,0.7263966339795371,-0.06789054381711113,-0.2331148475349103,-0.005739198975318893,0.06254180602006688,0.3242753623188406,True
sz.002614,2021-03-25,0.060168471720818205,tp,0.15358361774743962,0.8936077629363952,10.0069,2.185589519650653,2.560330193852965,3.252233806136023,0.01085568326947639,1.4772182254196682,1.6360526273092695,0.8170463632956922,1.3006993006993037,0.44755244755244794,0.9669265643332285,0.2003135741168216,0.03704674035785849,0.15212952278475644,0.040234770289415106,0.3315290933694179,True
sz.002616,2020-01-09,0.025224215246636553,tp,0.20650509192190245,1.0179143941558135,5.3444,1.646981299689871,1.8834761989820201,2.368120808316833,0.043529411764705594,1.8974358974358918,5.274967254306434,0.4326651324720967,0.8863636363636374,-0.09090909090908965,0.9160020057591094,0.19964672066153155,0.24008425057147087,0.2044656010288259,0.026577400698208676,0.4800329283928533,True
sz.002621,2021-03-24,0.08254716981132093,tp,0.1645569620253167,0.9767136084823749,7.0994,1.7253521126760591,3.047662623131353,3.37588334563698,-0.17762023245120973,0.7984790874524686,1.8666297769952198,0.4775091041728541,0.7428571428571437,0.08571428571428376,1.0003883785005518,-0.14909033994719534,-0.2237315381974413,-0.11139414107651108,0.04080351537978657,0.12138728323699435,True
sz.002624,2020-12-04,-0.0429065743944635,stop,0.19640179910044941,0.9576372199194418,6.5677,1.4441012970969684,2.1535355614801683,2.005421858320944,-0.2601751674394642,1.3962765957446832,2.7736994262575894,0.4354319680216095,0.8742514970059919,0.07784431137725054,0.7246083270475017,-0.22027027027027013,-0.07711674971537508,-0.1424089591298663,0.03951473136915077,0.004761904761905223,False
sz.002624,2021-04-19,0.0254158964879851,tp,0.29836065573770604,0.8943900002319297,5.1536,1.4528301886792425,1.6262115669558341,1.771769620483846,-0.27328767123287667,1.62626262626263,1.1478241677562284,0.6597154953649741,1.1249999999999982,0.6022727272727305,1.0026885591176977,-0.15990730011587495,-0.2565055762081784,-0.14510850757509616,0.036260536398467456,0.4320557491289201,True
sz.002625,2019-12-16,-0.04672897196261692,stop,0.13888888888888987,0.9106706570114591,8.3419,2.21951219512195,3.675314008086317,4.3306855161796305,-0.15705128205128216,0.8571428571428582,1.3711193363448992,0.5824492267806306,0.8717948717948723,0.2564102564102601,1.0298375360457623,0.09164969450101856,0.12605042016806722,0.10714254976719367,0.03320895522388057,0.2070175438596492,False
sz.002626,2019-08-22,-0.04169381107491847,stop,0.19999999999999965,0.704961874403379,7.4368,1.4558645707376094,3.671634223891757,5.667881461222966,-0.007338225483655703,1.125810635538265,1.4918956454004897,0.5770670033754715,1.325581395348837,0.6511627906976712,0.9403068248366035,0.2109803921568627,0.1807214436343232,0.16517826909777908,0.037564766839378226,0.2367972742759792,False
sz.002626,2019-11-05,-0.05207280080889819,stop,0.19047619047619113,0.7313833858542496,9.7049,2.325217391304344,1.8784556936363985,2.5912022490110056,-0.0025799793601651855,2.9028436018957375,2.578577202737156,0.6215545988982334,1.146596858638745,0.1518324607329851,0.8940062055375372,0.48636363636363633,0.5776646430492587,0.3678739484161045,0.04040095141012569,0.34375000000000044,False
sz.002626,2021-03-31,-0.0487496842637031,stop,0.2551210428305415,0.9066385624528858,9.5469,1.8469483568075082,2.5780334016206194,3.0861746147634466,-0.0033704952035261693,0.982560612505317,1.3859073106228912,0.7174193385661553,1.3451957295373649,0.34519572953736494,0.9227448869019549,0.16149397107126173,0.09959515732276492,0.10718815510025184,0.03955002960331557,0.1309987029831384,False
sz.002626,2023-01-03,0.09108159392789379,tp,0.1151515151515155,0.7665989071304469,5.9506,1.3729569093610685,2.625842580493438,3.070290869077481,-0.004737091425864426,1.1824324324324347,1.6870796250209907,0.6910247599914718,0.7803030303030282,0.0,0.8688837485902887,0.16787103946637072,-0.105576841209025,0.049044450824481195,0.04261462795494207,0.16629213483146055,True
sz.002634,2023-01-12,0.08125577100646351,tp,0.012875536480686421,0.846499561368339,7.1134,1.2609271523178809,1.6023871004885941,1.9433119122559726,-0.17995264404104183,0.7931654676259,1.6613807542544146,0.6650153217065722,1.5,0.6176470588235295,1.0258089877003274,0.4747612551159617,1.188259109311741,0.36011911002998725,0.05723095898859079,0.14479638009049792,True
sz.002635,2019-09-24,-0.05931122448979587,stop,0.3886792452830178,1.021183003472993,7.7824,1.6412661195779605,1.9632494784471264,1.9541156629342888,0.020208604954367715,0.8368617683686145,2.166590241990108,0.7479338342768027,1.190000000000001,0.23000000000000098,0.8700386482049335,0.1020124913254683,0.02158232424154427,0.13747689901512314,0.03929471032745593,0.20168067226890762,False
sz.002635,2020-05-11,-0.06481481481481478,stop,0.06735751295336859,0.8608069067039884,9.9791,1.2034922766957696,2.9014149881635203,2.8993654702944434,-0.35110974106041926,1.61631944444445,2.789739914702126,0.750928003856439,0.9140625000000017,0.6249999999999989,1.025808093773282,-0.21374595178121625,0.43762115465655294,0.085521002647942,0.045629290617848955,0.2448275862068963,False
sz.002638,2023-01-31,-0.03461538461538473,stop,0.03030303030302973,0.8046287376522344,7.7922,2.3564356435643665,2.825801697031226,4.273338906213873,-0.03861003861003842,1.538461538461544,2.4831369982934857,0.5651170177250657,1.411764705882351,0.4117647058823511,0.961702768281319,0.13777777777777778,0.10822510822510822,0.1038447718289615,0.03723958333333329,0.16504854368932056,False
sz.002639,2019-12-06,0.0711633663366338,tp,0.14563106796116473,0.9305068702041073,5.5844,1.9634146341463454,2.4276895226721886,2.5287632144125856,-0.23661971830985906,0.9476923076923104,1.405172865191347,0.5044102358289034,0.739130434782607,-0.23913043478261087,0.7301658160327057,-0.1422459893048128,-0.13278595299924645,-0.07740004197921409,0.028886118038237738,0.15596330275229314,True
sz.002640,2019-10-31,-0.03205128205128216,stop,0.3725490196078422,0.6157451518824807,6.993,1.7265415549597878,1.7653609726922124,2.1124874989658484,-0.20146137787056362,0.8,1.0284338354952294,0.7326754158838749,0.8695652173913032,0.26086956521738963,0.8492859514843893,0.10212765957446801,-0.22697417468088477,-0.025276148783761696,0.04414414414414413,0.07692307692307669,False
sz.002641,2020-04-08,0.09724473257698546,tp,0.2816901408450715,0.7152105447942456,7.7058,1.5307517084282471,1.3376487529856387,1.831210551147979,-0.14464534075104318,0.6204238921001947,1.6450037787485745,0.5674254240893648,0.7708333333333344,0.0208333333333349,0.8955634799790249,0.2753623188405798,0.3218662846584126,0.15953949983664187,0.05335497835497834,0.07692307692307711,True
sz.002641,2020-06-01,-0.07472739368391432,stop,0.04494382022471926,0.9112673391051507,9.9715,1.9436619718309822,2.637429469136463,3.662634411619707,-0.016560509554140235,1.4875000000000005,2.074139746213133,0.4254018883333602,0.7101449275362334,0.20289855072464075,1.027648472728711,0.29917355371900833,0.7623023385342464,0.31500119196829357,0.04906700593723493,0.24352331606217686,False
sz.002643,2019-09-10,-0.05882352941176452,stop,0.16521739130434884,1.04395377987367,9.2346,2.426380368098156,2.5254240951830234,2.5937790252291966,0.07183673469387752,1.659259259259261,2.6964820838094914,0.6708375747650324,1.0619469026548662,0.3805309734513306,1.0191752877769258,0.412950316291089,0.1758538833189045,0.248661939882972,0.03023598820058995,0.7136659436008678,False
sz.002643,2021-03-31,-0.04767123287671248,stop,0.1373801916932895,0.7490936860213268,6.9194,1.3120772946859878,1.5769121857509059,1.8003482879374144,-0.2914673046251993,1.1952487008166286,1.3619744920328618,0.6430221120803645,1.1237113402061865,0.20618556701030813,0.6827146997877255,-0.09969939879759537,0.007286995515694894,-0.09179736855405249,0.04509367464292341,0.2502780867630701,False
sz.002643,2021-06-25,0.042312276519666264,tp,0.3301387668113531,0.9194783683295926,6.6281,1.6265976097750303,1.8100748690984672,1.9972405350002662,-0.09275274378534448,0.793522267206483,1.29214064940464,0.5946907501502945,1.257731958762887,0.29896907216494867,0.8298849229999194,-0.03947160339700584,-0.20611211127278106,-0.07962811596064927,0.0339647726042709,0.10956275414629704,True
sz.002645,2020-02-21,0.08682469680264604,tp,0.2796208530805697,0.7242422611304651,8.7591,1.4341463414634126,1.945602468235731,2.526521423537112,-0.1469465648854963,2.6495769017270576,2.5056516015581063,0.672198375385793,1.1904761904761911,0.206349206349207,0.7901572351598112,0.11568337713494259,-0.08655530149979018,0.04835660488772081,0.050091877986034525,0.1322160148975792,True
sz.002645,2024-01-04,-0.05448154657293502,stop,0.0909090909090915,0.9548085856121031,5.1163,1.9502487562189044,2.4593501503980706,2.8438158382052134,0.004444444444444473,0.7596899224806163,1.7390179145023859,0.4558132584135334,1.1428571428571435,0.1785714285714283,1.0055614057465128,0.21794871794871828,-0.07241659886086227,0.11083141834008671,0.024298245614035097,0.23163841807909621,False
sz.002648,2020-08-20,-0.033881415047334405,stop,0.14018691588785148,0.6290963023379897,6.828,1.367609254498714,1.4481853395611846,1.6776622774568142,0.007606490872211102,1.1742671009771977,2.669173713418434,0.5862700498586585,1.0263157894736812,0.026315789473681215,0.8426943780274068,0.5121580547112461,0.16483272331722842,0.27294809604087744,0.04770519262981574,0.2024539877300617,False
sz.002648,2021-05-28,0.1014591883264935,tp,0.2757575757575763,1.0124408636248867,9.3493,1.8750940556809654,1.706445375673498,1.9103700373261334,-0.07895842083158333,1.117801047120418,2.4649430402787194,0.5576497193406359,0.9859550561797757,0.014044943820224294,0.9395633065458858,-0.01701365569733604,0.6507140019112276,0.22954831291992792,0.0388142412510438,0.33423913043478276,True
sz.002648,2023-01-31,0.0418079096045197,tp,0.3884892086330928,0.9290361704669915,6.284,1.8909541511771977,1.9069321664855947,1.8972954953252252,0.04889683959451396,1.136470588235292,2.127612283464849,0.5015395806786913,1.1100917431192692,0.1100917431192691,0.9236868647509605,0.4282258064516131,0.11577745821518315,0.17171827772084186,0.03195934500282326,0.5591397849462368,True
sz.002650,2021-12-02,0.08695652173913059,tp,0.2857142857142854,0.6895857419731298,7.3034,1.5555555555555576,1.5855163909075636,2.0344579421705182,-0.059113300492610654,2.3879598662207293,3.1094009174505333,0.3631886909158362,0.8749999999999991,-0.12500000000000086,0.6554540744209512,0.20338983050847492,-0.08420802042980502,-0.03123837350792793,0.04248826291079815,0.030612244897959325,True
sz.002652,2021-10-21,-0.050561797752809036,stop,0.14754098360655749,0.6790439538220409,5.8642,1.7852348993288594,2.7354583620801134,3.8345028266739183,-0.014367816091953811,1.4218750000000058,1.2003695645647021,0.852022643649397,1.157894736842102,0.6842105263157892,1.0300005503559337,0.08536585365853644,-0.013850415512465353,0.06949729621470067,0.02696629213483143,0.16129032258064527,False
sz.002652,2024-05-07,-0.05999999999999996,stop,0.25531914893616975,1.0260377802835923,7.5893,1.3502538071065981,1.695804550563589,1.6534731134189986,-0.24922118380062297,1.1864406779661,1.584747729397137,0.6258352422651465,0.9473684210526303,0.6842105263157892,0.7155177617326447,-0.1360544217687074,-0.21604938271604945,-0.0922357566191143,0.049081364829396346,0.09876543209876545,False
sz.002653,2022-08-15,0.09056493884682576,tp,0.024793388429751335,0.7675711349550064,5.5485,1.613168724279837,2.438655349694799,3.0359338189596285,-0.025043680838672255,1.3263843955631116,1.5428443680703934,0.6307468158216498,1.2738095238095233,0.41666666666667007,0.9354201565645328,0.18048351103921934,0.0037192940641070926,0.10306576960583293,0.03224107665301345,0.14337568058076205,True
sz.002653,2023-04-12,-0.05931893079458068,stop,0.36332179930795916,0.9351647417297547,10.004,2.8247588424437304,2.931300621415918,4.134401191496372,0.0514285714285716,1.2860343539955215,1.431384888721553,0.6905752973032977,0.9083665338645422,-0.09163346613545777,0.9332357743397643,0.1485522450692407,0.2765858208955225,0.1698955984655006,0.03338204847156255,0.40320591861898825,False
sz.002653,2023-09-14,0.04684684684684673,tp,0.05882352941176335,0.765549632808954,6.9712,1.80811808118081,2.8993288797882557,3.738469332830779,-0.1318767069840031,1.5876288659793782,1.0091259353984605,0.25550125670950874,0.7428571428571425,-0.08571428571428667,0.9605352654330254,-0.015569395017793641,-0.07930983482191234,-0.06362970401079152,0.03473414670884165,0.14285714285714232,True
sz.002654,2023-02-02,-0.04364326375711566,stop,0.22641509433962312,0.7308413632887218,10.0616,1.6000000000000016,2.263379934467605,2.5849282066539763,-0.03074141048824608,1.7407407407407398,2.465382263053012,0.6541669432558428,0.795454545454544,-0.06818181818181869,0.8703321568087035,0.17660044150110377,0.3952879581151836,0.16350141890416953,0.04921826141338335,0.1945392491467578,False
sz.002655,2024-07-12,-0.05139765554553653,stop,0.0187247875460544,0.4753209339784687,7.334,1.369193263434912,1.2185010587172447,1.7176398437548015,-0.15189084313742596,1.038558566296263,1.996995787177819,0.6172420124862285,1.0499999999999996,0.1625000000000006,0.6700042536180897,0.1450344149459195,-0.0739401530344711,0.05781712133955433,0.0574199415978881,0.0774421706835546,False
sz.002658,2021-09-28,0.012613521695257243,tp,0.013452914798206816,0.6744899963457387,7.2572,1.458333333333334,1.8752589584570323,1.9815501610387936,-0.10983170947741361,1.9333333333333353,2.333284685708813,0.7320001158239664,0.7384615384615401,-0.030769230769233175,0.8184421508602856,0.14236902050113898,-0.08352433616652599,0.028193117058938042,0.038318378198737096,0.20421052631578895,True
sz.002658,2022-07-21,-0.07255936675461734,stop,0.2857142857142856,0.9865959460438746,5.2999,1.4535519125683045,1.7900868491187933,1.6247764843490338,-0.006578947368421018,1.9545454545454621,2.9300418473167906,0.4917236215359451,0.8947368421052636,-0.1052631578947364,0.8021625576767766,0.2571005799502901,-0.18412475340713286,0.04706170026746285,0.029516200621393672,0.2377358490566035,False
sz.002659,2024-11-11,0.03584905660377358,tp,0.317829457364341,0.900695860148425,7.4153,1.3349633251833755,2.170677508790665,2.4463609659941197,-0.09946714031971571,1.3233830845771144,1.3677995260230786,0.6075228682749472,1.2307692307692302,0.5897435897435876,0.8466394585267685,0.4480874316939889,0.32499999999999996,0.36741751541202566,0.06251572327044023,0.23076923076923048,True
sz.002659,2024-12-10,0.09174311926605512,tp,0.11290322580645142,0.6791502803598211,7.6923,1.2227074235807873,1.6083640533025059,2.157336659490257,-0.0714285714285714,2.1176470588235277,2.3994283576398017,0.7476714979251596,1.0750000000000006,0.07500000000000055,0.7918914312061083,0.37250000000000005,0.6005830903790088,0.324007344633498,0.055859137826350956,0.07507507507507508,True
sz.002661,2020-05-28,0.09463087248322151,tp,0.30004580960114197,0.9524990548682258,9.9849,1.3565115169364879,2.861288361132311,3.525591515581674,0.09806386225665609,1.9922239502332835,1.9050174846881411,0.8090454272725758,1.3106060606060599,0.7803030303030272,1.0315213883354002,0.47127482334016335,1.130782016558444,0.5573784600949634,0.043834034730014265,0.3647323093511278,True
sz.002666,2021-06-23,-0.03396226415094334,stop,0.1818181818181791,0.951424174621826,7.438,2.692307692307688,3.477866007732146,3.669391568542271,0.005802707930367301,1.054794520547942,1.8986822214266208,0.4677463521946244,0.8000000000000022,0.08571428571428709,1.040886481423605,0.06734693877551012,-0.04032542812330342,0.07549042705759919,0.021733588272785195,0.3442622950819679,False
sz.002667,2024-01-03,0.07427536231884062,tp,0.09604519774011289,0.8808937838764486,5.9558,1.4248788368336007,1.462470233106612,1.687959592936327,-0.2121428571428572,1.52410575427683,2.0632393055046543,0.4920841567025338,0.9365079365079377,-0.06349206349206224,0.5778860884903287,-0.12009607686148915,-0.33353547604608846,-0.14559483780684535,0.03988474370639975,0.1504761904761902,True
sz.002668,2024-09-23,0.06443298969072173,tp,0.1509433962264139,0.7684332355899303,5.9276,1.3333333333333361,1.6474324284450985,1.8470224342110915,-0.012342476642969391,1.1600753295668556,1.249748848759966,0.7341285264732402,0.919999999999996,-0.08000000000000392,0.8047414446054517,0.06187845303867401,0.2595019659239841,0.024701799442112746,0.03839750260145681,0.394812680115273,True
sz.002674,2021-08-12,-0.04536357571714474,stop,0.2271386430678466,0.7739919139570498,9.0452,1.7573221757322186,2.125107319209369,2.476459940725625,-0.02565747273893526,1.139369277721261,1.9438593063445182,0.6319871906346162,0.7583333333333342,-0.24166666666666578,0.7585632302132066,0.27133105802047774,0.3047285464098075,0.1949475372585713,0.049999999999999996,0.23076923076923095,False
sz.002675,2021-12-27,-0.02920634920634925,timeout,0.2638036809815926,0.6445174376338402,6.6943,2.215334420880913,1.8984511977886067,2.223693407524421,-0.10893371757925074,0.6086956521739161,0.8491506521605131,0.6427641192516058,0.9381443298969071,0.2989690721649478,0.8126541523991068,0.09299097848716165,-0.24460431654676262,-0.053954619854939656,0.0333121693121693,0.13122171945701275,False
sz.002676,2021-06-25,-0.05084745762711878,stop,0.14634146341463328,0.766457499021923,9.8958,1.954954954954954,3.0003623658776477,4.851038622994693,0.07379134860050862,2.0940170940170955,2.973399364510123,0.47290239168684645,0.7741935483870988,-0.22580645161290122,0.9148450416465015,0.3091482649842272,0.2887923433614572,0.28069764946032244,0.04642570281124495,0.30054644808743153,False
sz.002677,2019-11-06,-0.045614035087719294,stop,0.04411764705882382,0.6259617615243722,5.3707,1.793103448275865,2.690818130616887,4.276272013031949,-0.029944289693593307,1.4671403197158068,3.121800614598491,0.6084137454112484,1.1282051282051242,0.2435897435897392,0.9391838103772403,0.11532385466034745,0.014367816091953811,0.06975099752512745,0.028895184135977334,0.15454545454545401,False
sz.002682,2023-02-06,0.04417670682730918,tp,0.09433962264151088,0.46553560690174955,7.0175,2.1735159817351595,2.4047770262804726,5.506989448772638,-0.07400379506641364,1.7589743589743594,2.9482820939025243,0.7025903107549629,0.7352941176470591,0.26470588235294085,0.8771530005017062,0.18899521531100483,0.0,0.09324876725386329,0.04030851777330651,0.062146892655366985,True
sz.002683,2022-10-20,-0.029020979020979012,stop,0.14602587800369565,0.8763550216746919,5.3207,1.2435045317220523,1.4065599190608118,1.704392406651396,-0.1927374301675978,1.8734602463605847,1.9457753112110519,0.6146044870535097,0.7551020408163298,-0.24489795918367016,0.7143731431734295,-0.055904730400264446,0.1697172877571358,0.04608139778857013,0.03953515533753794,0.003937007874015519,False
sz.002683,2022-12-01,-0.04005385392123857,stop,0.2666666666666664,0.8061725493846856,9.6176,1.8883312421580931,4.725446446089483,6.193419167750229,-0.10510046367851633,0.9057123193393016,1.2445675458322796,0.44295259311368496,0.8511627906976741,0.3860465116279069,0.9905729750947283,-0.012271973466003394,0.2721059376334898,0.026964425809751745,0.03660174613834787,0.12932604735883393,False
sz.002683,2023-01-11,0.021598968407479213,timeout,0.07843137254902116,0.7382680955686671,10.0182,2.944649446494467,4.425404674042747,7.687425797569657,-0.03080872913992294,0.6717171717171713,2.453890506803926,0.49736431040405,1.235087719298246,0.23508771929824598,0.9553202694110342,0.06595303867403324,0.0242203052422032,0.05433628671207273,0.03191879926573803,0.1833150384193199,True
sz.002687,2023-06-30,0.029166666666666844,timeout,0.3658536585365836,0.9579603278752489,5.3691,2.215827338129493,1.8178334092593598,2.0969780358228673,-0.03422252044795804,1.0562825462742167,1.4011753072812745,0.5806276410120251,1.0,0.409090909090907,0.9810947368311487,0.06466367446542454,0.010344099237596716,0.0290221386105443,0.021235716958444763,0.17461179834226845,True
sz.002688,2020-06-04,-0.051630434782608696,stop,0.14865041463951786,0.9406154873663497,8.6957,2.108923154966686,2.621842330185459,2.9283964060801324,-0.13765855873619048,0.8903495108240876,1.496815798388206,0.5872147431349677,0.7068965517241375,-0.29310344827586254,0.6958670758352945,-0.1076287861933567,0.4699649919201434,0.04721058198811922,0.04086971273812316,0.07252193905357367,False
sz.002688,2024-05-08,0.0763574660633485,tp,0.38775510204081687,0.6936817652560732,5.679,1.4770642201834883,2.0133886845119764,2.8684293687097964,-0.05309734513274311,1.327014218009478,2.2706873494898154,0.6438210949309056,1.3043478260869548,0.6086956521739095,1.0065611363568274,0.08068459657701688,-0.0961145194274029,0.03319308087891512,0.04276018099547512,0.22448979591836735,True
sz.002689,2020-07-29,0.10540540540540538,tp,0.3725490196078432,0.7113132168394277,6.5527,1.2529182879377458,1.7612033784802148,1.7509253023407303,-0.13023255813953483,1.1666666666666696,2.183074081965785,0.8676253254699955,0.8260869565217391,0.0,0.6373705846804489,0.2064516129032259,0.30769230769230793,0.03141589869694111,0.03975044563279857,0.17204301075268844,True
sz.002689,2023-09-01,-0.03521126760563349,stop,0.3650793650793646,0.9770830374849596,5.8968,1.946524064171128,2.3817962991931,2.6890264802024135,-0.17904761904761912,1.213333333333337,1.2435146776119241,0.44977045007174987,0.8076923076923058,-0.19230769230769418,0.5494687945195857,-0.004672897196262071,-0.09168443496801737,-0.03692539562923901,0.027543035993740167,0.11811023622047384,False
sz.002690,2021-06-03,0.07526178010471214,tp,0.0025707232384526006,0.9873605238540771,6.2792,1.9870434944314328,1.8299006940814844,1.9914519175222212,0.0184996950599714,1.437155733600399,1.4498550886560415,0.6948081687595009,0.899665551839464,-0.10033444816053605,0.8688395256853189,0.16983000555441885,0.07765174785862272,0.11868620653916083,0.029165227151801382,0.2667538967178076,True
sz.002694,2021-09-13,0.09375000000000008,tp,0.1,0.9100723697046413,7.6159,1.887640449438203,2.2464030791224268,1.9974929562743453,0.015625,1.2727272727272732,2.2345789392015645,0.41546596132586167,0.7916666666666676,-0.2083333333333324,0.7940000187311619,0.3114754098360657,0.3168724279835391,0.22488038277511976,0.034895833333333334,0.2952380952380952,True
sz.002695,2019-10-15,0.06750000000000006,tp,0.1428571428571423,0.7249596819787213,6.201,1.8144000000000036,1.9647384167135566,2.2597557264127914,0.005398110661268607,1.3950177935943142,1.2977732975421548,0.6155668305442658,1.0,0.012345679012342892,0.8751250867428457,0.047786366830639304,0.1661188867441883,0.08996517027668777,0.027453610552202082,0.16666666666666619,True
sz.002701,2020-11-12,0.02653399668325034,tp,0.1111111111111111,0.779075801768649,7.6377,1.624309392265191,1.6724761759000442,1.7975418758326474,-0.03194888178913746,2.1432528653464322,2.3620836548231696,0.4954497644466704,0.9523809523809545,-0.04761904761904543,0.7504441300900441,0.1395497458338273,0.57262189554671,0.19414374023412784,0.041041707765381914,0.010472142832573306,True
sz.002705,2021-10-18,0.0612244897959184,tp,0.17596566523605198,0.9776015128386915,10.0,2.2591414944356147,1.935937229150244,2.082239546316884,-0.17838696861342884,1.1581818181818222,1.4229694809054654,0.5859876719651075,0.7142857142857156,-0.2857142857142843,0.6196952276070566,-0.15969899665551834,-0.392064721166126,-0.213711616239184,0.04666666666666665,0.23076923076923078,True
sz.002705,2023-06-15,0.07124717832957066,tp,0.023591309267316587,0.9042681516766713,5.7519,1.850855673454901,2.1840864004615286,2.629567450143635,-0.026000323390797386,1.4845869297164012,1.7372719270389654,0.49345449950421555,0.9405940594059434,0.12871287128713443,0.9458559674182917,0.07315863802037348,-0.008672630673990378,0.03602957993062941,0.028609175869145385,0.32839350781698584,True
sz.002705,2024-09-24,0.08594319009468313,tp,0.10112359550561796,0.8230758737646747,6.7035,2.059544658493872,2.6561730907605536,3.3128516940927053,-0.07645051194539254,1.0268336314847961,2.019451426509071,0.5386332992188796,0.7380952380952395,0.1666666666666696,1.0925119719989813,-0.028429282160625347,-0.1452127542481535,-0.0632574604145303,0.02745671787368932,0.24455205811138025,True
sz.002706,2020-06-15,0.0809906291834003,tp,0.10857142857142801,0.8108211448406882,7.1124,1.6958762886597971,1.9567712849256165,2.2610988660350912,0.006012024048096309,1.072796934865903,1.1812341932249752,0.583932871922699,0.7446808510638293,-0.2553191489361707,0.8204845484237161,0.46009683416109426,0.8076969696969698,0.3554664218221202,0.036347278452541605,0.24796747967479682,True
sz.002706,2024-05-07,0.08682008491888508,tp,0.025641025641025765,0.7413311251479757,7.4627,1.7864583333333288,2.473299346637233,3.029257522984209,-0.08860759493670878,1.020833333333332,1.284007961964666,0.39994732418352863,0.7551020408163284,0.08163265306122648,0.9946065002459917,0.07422402159244257,-0.15767195767195752,-0.023801980602765508,0.03220268006700168,0.04207119741100308,True
sz.002707,2021-11-12,0.09357005758157386,tp,0.15596330275229328,1.0151952320187663,5.3678,1.7901639344262283,2.802702793448345,3.3406316610002778,-0.053571428571428714,1.4104477611940323,3.046976400706582,0.4501064513715545,0.9230769230769247,-0.05128205128205023,0.7839515502684384,0.16043956043956054,-0.06216696269982236,0.022067363530778317,0.03970959595959596,0.06422018348623837,True
sz.002709,2023-06-20,-0.049048316251830225,stop,0.3591905564924107,1.0304602746649714,7.3271,1.8433008808530376,2.4828819062800553,2.511393896042231,-0.12751677852348986,1.2078501472090348,1.3094701877880268,0.42673974625753064,0.7816901408450697,-0.21830985915493034,0.4384083005914343,0.010497132965487266,-0.15627597109304436,-0.05576939076894195,0.03903955467642399,0.24376731301939109,False
sz.002713,2020-11-23,-0.027954256670902188,stop,0.02272727272727251,0.4433555172657093,6.6845,1.3243243243243297,1.356333708831452,2.3645298928261895,-0.17647058823529393,2.180530973451328,5.575786665144608,0.5733875792359535,0.7380952380952378,-0.2619047619047622,0.7185864839793659,-0.13706140350877172,-0.046060606060606024,-0.04629180804653415,0.04671749258788649,0.12935323383084607,False
sz.002713,2023-05-09,-0.030188679245283123,stop,0.010204081632653265,0.7579343372674838,5.6356,1.343283582089552,2.4002609647098776,3.0798771266392535,-0.19076305220883538,2.138424821002385,1.1573988596007543,0.5504442940991562,0.8444444444444457,-0.1555555555555543,0.7874462706182052,0.03363518758085382,0.43447037701974867,0.1453007788236418,0.04163537755527746,0.10714285714285737,False
sz.002714,2019-08-30,-0.05623836126629418,stop,0.17007874015747873,0.742111790982909,9.8611,1.2865347798340723,2.1034616614560724,2.220060204602057,-0.027684667908131733,1.1975560081466408,2.6709764396252904,0.5648470625091173,1.460648148148155,0.4814814814814882,0.939295124509869,0.3870645747822814,0.47369260042344563,0.2386340249421191,0.04082504145936984,0.0742741390952059,False
sz.002714,2019-10-09,0.07382506527415147,tp,0.3938393839383938,0.9267836701262309,8.5568,1.40564769161811,1.4198926818461204,1.7868873603559394,-0.1805254278139311,2.105900151285929,1.9546845526465355,0.7291050129372688,1.5580357142857146,1.7857142857142871,0.6944133214172291,0.1728395061728396,0.14894463008167813,0.12635269300879073,0.044175438596491215,0.10584250635055038,True
sz.002715,2020-04-17,0.1155352480417757,tp,0.03496503496503706,0.8829902258556694,10.0,2.790540540540546,3.276292589113743,4.015914304665545,-0.20498162515312368,1.217915590008611,1.0454594029315454,0.44185682128055104,0.8305084745762733,-0.14689265536723123,0.8952991026110614,-0.09000473709142587,0.20981834094693275,0.05298725455731438,0.03779281624154086,0.23551171393341588,True
sz.002715,2020-06-04,-0.03366336633663359,stop,0.15151515151515138,0.9439244261456761,6.25,1.4231404958677654,2.0406051533640177,2.1816386656335194,0.018006700167503942,1.0749306197964843,1.47577769057062,0.6964566636624705,0.9186991869918735,0.9268292682926892,1.1902300320782706,0.26616915422885556,0.6150087175023156,0.27283519410384854,0.03846758349705303,0.43065693430657026,False
sz.002715,2021-01-07,-0.05841371918542346,stop,0.025252525252525363,0.9459379429932973,7.7493,1.5669934640522911,1.6429974021620717,1.6272224669331499,-0.1669603524229074,1.6210526315789446,2.251906659187525,0.8215243638373668,0.778312875353426,-0.22168712464657403,0.7815842658437131,-0.06406998796608665,-0.0020407409419928024,-0.02027014211114545,0.04195689398096804,0.012587446756342161,False
sz.002716,2021-07-23,-0.08800000000000013,stop,0.19999999999999957,0.6287121683942986,9.9707,1.7912457912457902,1.503419038443165,2.154159166561401,-0.1685144124168514,1.7615894039735112,5.346609009407575,0.722687016188679,0.7894736842105261,0.07894736842105214,0.6905347932943151,0.5365853658536586,0.5815899581589956,0.34875561238143377,0.05537918871252206,0.14716981132075463,False
sz.002716,2024-11-11,-0.047120418848167464,stop,0.2857142857142854,0.9251924107400664,8.1967,1.7429718875502005,2.7666166150241045,2.838100324706634,0.02857142857142847,1.235294117647059,2.996568132161041,0.5047682022402606,0.7096774193548392,-0.29032258064516075,0.8157681575242979,0.27722772277227725,0.0840336134453783,0.17832107352530407,0.04857881136950904,0.4306569343065692,False
sz.002721,2023-03-17,-0.03157894736842085,stop,0.2800000000000007,0.923758123493069,7.3446,1.495145631067958,2.937861955464508,2.934339884937492,-0.13439635535307526,1.5300546448087482,2.207212135941047,0.6884366751088452,0.8181818181818195,-0.09090909090908926,0.9266189845584691,0.16666666666666652,0.1595092024539877,0.15349404943545916,0.042328042328042305,0.19999999999999965,False
sz.002722,2021-11-12,-0.046971569839307725,stop,0.09497206703910649,0.7089599722177042,6.3087,1.2862190812720857,1.1765452611531628,1.5837177757326246,-0.0753064798598948,1.89154411764706,4.000960224315259,0.6124605567209299,0.9519230769230764,0.21153846153845965,0.8709967819451734,0.2430340557275541,0.36807868039959746,0.2167762177279363,0.04840182648401826,0.21096543504171636,False
sz.002723,2022-05-19,0.015606936416185008,tp,0.31612903225806455,0.8957558931907619,8.4068,1.2861244019138776,2.5757772414143014,2.491260854274754,0.007561436672967936,1.1600454029511904,2.3688190731262426,0.7137291620126202,1.2083333333333326,1.1562500000000009,1.0516424673826843,0.10894941634241251,0.10679611650485477,0.09735554426588969,0.04253411306042881,0.3789731051344745,True
sz.002723,2022-08-11,0.04615926708949977,tp,0.046296296296296634,0.8398082154707507,7.8416,1.5871121718377124,1.8827658156802483,2.3508951939316973,-0.26430084745762705,1.7242647058823501,2.0202050487843293,0.5645820330856957,1.1052631578947354,0.24210526315789113,0.9915733420380745,-0.15952380952380962,-0.0925449871465297,0.05992743650694351,0.03354579792256849,0.4479999999999994,True
sz.002723,2023-09-15,0.044588744588744685,tp,0.11718749999999949,0.784115869913665,5.8554,1.410071942446045,1.9531179381787387,2.200419532303992,-0.12481089258698941,1.4851794071762832,1.4582754658083534,0.6010556097861517,0.900000000000001,0.15714285714285592,0.9856434494485131,0.13618677042801552,0.17386934673366827,0.07936605726431208,0.037071917808219175,0.1907216494845366,True
sz.002724,2021-04-21,0.0788643533123028,tp,0.3183856502242147,0.8420840312719041,8.0275,1.4457831325301225,1.797399681183127,2.0826419735277484,0.03176341730558607,2.620512820512821,3.6121199670071604,0.6714815664572937,1.3666666666666656,0.4000000000000019,0.931436975184213,0.3605633802816903,0.23979088761139322,0.25213778021451344,0.038302277432712195,0.3491686460807603,True
sz.002726,2021-04-15,0.061926605504586896,tp,0.36274509803921573,0.918624739073269,5.6886,1.6363636363636294,2.1561998979695134,2.044796061695103,-0.2314949201741655,1.446280991735536,2.247084043068646,0.5873438532682701,1.2222222222222259,0.5925925925925969,0.7735645730895305,-0.17160212604403935,-0.01793748698335651,-0.08555303506409585,0.03073632752826153,0.046070460704607026,True
sz.002727,2024-11-06,-0.04450438300741742,stop,0.12711864406779713,0.7058267134640969,8.6438,2.419753086419753,2.812669082041113,4.058768665095948,-0.11205846528623642,1.5314617618586672,1.963747830170433,0.7373239913224856,1.0,0.24603174603174577,1.0377818444548959,0.10541945063103197,-0.3068417681291836,0.0057217693612281045,0.044616073427356184,0.16036036036036044,False
sz.002729,2020-03-03,-0.05291666666666664,stop,0.04683195592286481,0.9967946187639078,10.0023,2.367219917012449,2.265028149877316,2.381574674130539,-0.10322461082283163,1.6907134316460732,1.2305212585450949,0.6647656446846886,0.8098159509202458,-0.19018404907975417,0.7836151322440326,0.1967900746852702,0.1934798682931309,0.14973166047960984,0.057276302851524095,0.25315816068721564,False
sz.002729,2023-12-15,-0.03646748681898084,stop,0.29096989966555153,0.4722997123002473,5.7263,1.547679324894515,1.1608402188644942,2.6479848405389133,-0.11565420560747663,1.160124610591899,2.2405369467275507,0.41185819540517776,0.7633587786259523,0.015267175572519208,0.67371724987824,0.2613762486126525,0.13877755511022039,0.1333926152465325,0.046487754802757006,0.11370262390670556,False
sz.002731,2022-08-11,0.07498846331333656,tp,0.18750000000000022,1.019723499426404,6.7737,1.283497884344148,1.5450579780618252,1.8248737659702614,-0.13142857142857134,1.1252715423606074,1.0965305066623627,0.6391681999704426,1.1538461538461535,0.23076923076922734,0.7202804834698294,0.6624315712941578,1.3170585956127798,0.38229046332295313,0.05038616002471428,0.005464480874317332,True
sz.002735,2022-02-14,0.07614640302902821,tp,0.0036630036630031304,0.6350930151415075,5.098,1.2097488921713433,1.5615291982109838,2.4231173836525333,0.004999999999999893,2.492512479201331,4.082029261203074,0.6654865026357872,0.7094017094017077,-0.23076923076922812,0.8826022313034085,0.20881905727318806,0.36285714285714277,0.20578879737102676,0.0417749825296995,0.22845417236662124,True
sz.002736,2020-08-20,-0.04244031830238738,stop,0.2469635627530373,1.0463741718211148,9.3411,1.7620137299771161,2.564619052915639,2.4190470586722155,-0.031430404105195486,0.8990825688073432,1.8845147820632304,0.8693767021891708,0.7727272727272697,-0.22727272727273024,0.8184913180992106,0.40491958372753034,0.20116940581542342,0.25189540057593623,0.04664421997755334,0.1904761904761901,False
sz.002737,2023-03-16,-0.06297420333839161,stop,0.03405572755417949,0.7802549017342737,9.9871,2.506976744186051,2.4949942460378756,2.762033922662223,-0.0806162665711212,1.3903281519861803,1.3715566428791757,0.7392958584677151,0.8354978354978339,0.1861471861471847,1.042187575332995,0.07322089675030852,0.45267260579064583,0.10880906086975006,0.03972147693880162,0.27439724454649805,False
sz.002737,2024-02-19,0.08029480217222652,tp,0.2226720647773289,1.035650614962694,9.2593,1.9313203078744832,1.586806784057725,1.5066435878955808,-0.16325857519788922,1.0923766816143572,1.4990911756593068,0.7049344744488697,1.2360515021459229,0.23605150214592277,0.828653195762176,0.07018992568125526,0.11531841652323593,0.049941771169133786,0.03945473251028805,0.1461988304093566,True
sz.002738,2022-09-09,-0.05876777251184839,stop,0.12433955618175394,0.9601253083943365,10.0055,1.2798080069815634,1.7460192473308969,1.5264271237400453,-0.04226695925961266,1.359243387025274,1.7298003461059481,0.5372363968937405,1.1503579952267307,0.6431980906921222,1.0668564670295604,0.2644351464435144,0.5975747465719459,0.33168452880214633,0.052645677728404415,0.2380607814761214,False
sz.002739,2022-05-30,0.0024630541871922115,timeout,0.006622516556291235,0.8297122301047853,6.2274,1.706093189964157,1.7856736799768438,2.1041169030616644,-0.1550610193826274,1.4666666666666657,1.5751726040110914,0.5990692694402396,1.1911764705882366,0.7205882352941183,1.035554798736131,-0.08507462686567169,-0.11988513998564254,-0.08113172194116543,0.03844480696030453,0.2895277207392197,True
sz.002747,2019-11-26,0.08243243243243242,tp,0.14285714285714377,0.8769958411422151,7.1013,2.2124352331606163,4.461089254814699,6.15675389130299,-0.17042380522993694,1.0294117647058785,1.5346699608686851,0.4011018615405965,1.0491803278688512,0.04918032786885126,0.8845403823411945,0.09489916963226563,0.06418498478440582,0.031241311001071366,0.028349584687612905,0.09589041095890463,True
sz.002747,2020-06-04,-0.044776119402985114,stop,0.23552123552123588,0.9347807387380112,7.4447,1.861566484517306,1.969403603947077,2.2233037797513915,-0.15772870662460559,1.94193548387097,2.0514148701197983,0.5567963559143954,1.1232876712328757,0.16438356164383594,0.8049991879974873,-0.11620294599017988,0.13684210526315788,-0.008021554099565103,0.040061728395061745,0.07455012853470458,False
sz.002747,2021-06-15,0.11343350193394822,tp,0.04395604395604492,0.7813968458083587,10.0,2.3231773667029363,2.307478631541483,2.608033532417689,-0.012820512820512886,0.9839055793991388,1.4434399353232843,0.5097239772133597,0.7770491803278705,0.00655737704918173,0.9010791826246362,0.47712418300653603,0.25555555555555554,0.1112051987358266,0.04203539823008851,0.323103154305201,True
sz.002748,2023-02-02,0.08194566170026292,tp,0.11827956989247299,0.7481813275881438,5.9217,2.1887905604719715,3.5470505182123726,5.175262003789826,-0.1099518459069021,1.465703971119136,1.14731514659514,0.5118929223549892,1.3018867924528295,0.5849056603773574,1.0572835822789524,0.0575139146567718,-0.14988814317673382,-0.04683602513900315,0.026842105263157886,0.46875000000000044,True
sz.002756,2022-06-09,0.054185520361991056,tp,0.06904665452089179,0.7770053857499204,10.0,1.750995983336169,1.4279640153372817,1.5456220709547643,-0.0316653542985762,1.1542207792207775,1.2327859888372226,0.8183561617619094,0.928994082840237,0.2586644125105661,0.9315167259862982,0.11435291074122667,0.018279224910376035,0.10141762719570079,0.047282856252159194,0.5125507201532863,True
sz.002756,2023-04-19,-0.08623504808456535,stop,0.04395604395604393,0.7811336257186979,9.9964,2.3802914642609263,2.877075276562696,3.664483981466478,-0.23835274542429297,1.121232123212319,2.777025665911255,0.7257803512967775,1.1020408163265325,0.7428571428571445,1.129670798952201,-0.08064821834723279,-0.21258116883116873,-0.061717170740199875,0.03382125554066594,0.1556932610379547,False
sz.002756,2024-01-03,0.0719844357976654,tp,0.1692708333333326,0.8661974266549247,8.1092,1.4014203584714233,1.8790907159001926,2.5314531921194243,-0.0019394879751746252,3.3259668508287312,3.321026105183142,0.48365424573707316,1.0777027027027029,0.16891891891891989,0.9045048464526085,0.1340026189436927,-0.15560056894332297,0.06175371472374972,0.0361624326404927,0.3021778584392015,True
sz.002760,2023-04-06,-0.04476969436074041,stop,0.2611940298507444,0.6880213642354934,6.5543,1.613107822410151,2.173138433258021,3.2215686696679726,-0.10780086240689923,1.2843062926459425,3.0305446164484793,0.5338135398433493,1.3669724770642195,0.3669724770642194,0.8998700845609505,0.11506981222917667,0.130859375,0.05595513558491286,0.03439838802533101,0.15981735159817273,False
sz.002760,2023-09-11,-0.03836633663366333,stop,0.05175983436853028,0.9303521175906688,6.3478,1.385321100917434,2.9341316197478378,3.01219412871606,-0.12329749103942644,2.3351955307262577,2.8989090165697795,0.46406171625058706,0.847682119205297,-0.15231788079470304,0.7692916836637052,-0.10787923416789391,0.1105834906523917,-0.016472824181722506,0.034241298665566106,0.0516431924882629,False
sz.002762,2023-10-13,0.028301886792452755,tp,0.22222222222222135,0.725795970130871,5.0122,1.291770573566085,2.0597168584261683,2.8612950166665825,-0.25820379965457685,0.9377990430622056,1.2774990874874483,0.3988317538566146,0.8918918918918961,-0.1081081081081039,0.44137365371354625,-0.07866379310344807,-0.18812738845704702,-0.10712121702707765,0.03341130604288497,0.24161073825503313,True
sz.002765,2021-08-26,-0.05495978552278822,stop,0.19148936170212733,0.8060542340242506,7.6692,1.8260869565217377,1.4878626953361649,1.6485330766880744,-0.15764705882352947,0.9615384615384616,1.039702567589095,0.8751349655591363,1.1372549019607852,0.5490196078431386,0.9748041047121345,0.16431924882629123,0.5532359081419624,0.18960692871419077,0.03691756272401432,0.39024390243902446,False
sz.002772,2022-08-16,-0.04593175853018366,stop,0.128205128205129,0.6940572553315167,6.0,1.5909090909090935,1.8372674735854098,1.7887691642751633,-0.04258064516129034,1.6173285198555916,2.2614031958562797,0.5437916706258785,1.025000000000001,0.30000000000000027,0.9701705770439659,0.09408960216569473,-0.030176052446557633,0.055507283719198185,0.02931034482758623,0.2602739726027403,False
sz.002773,2019-10-15,-0.03671830177854269,stop,0.3923444976076537,0.5742436266766257,6.079,1.8061497326203149,1.5833579196447183,2.0304181822716116,-0.07180851063829796,1.427960057061339,1.9258082797602993,0.513678500851605,0.8031088082901608,-0.025906735751290086,0.7020059618113664,0.11306291919514555,-0.10367004172313876,0.0015634496746812822,0.030435198469631743,0.10455104551045422,False
sz.002773,2021-10-13,-0.03437660338635181,stop,0.0550458715596329,0.8279214793312545,6.383,2.2873239436619714,2.2340555139335607,2.842055360007614,-0.11564625850340138,1.0785185185185258,1.948980396096383,0.45794089852510145,0.8793103448275849,-0.0258620689655173,0.8759965963918835,-0.10027726432532347,-0.1840739833153987,-0.042735211997524176,0.02645095017976374,0.13097713097712999,False
sz.002773,2022-09-23,0.04505632040050058,tp,0.3868613138686122,0.7866415090698443,10.0277,2.227642276422765,1.8192227908347403,2.8560587776795683,-0.033414337788578496,3.864000000000009,5.886351908437823,0.7496697050845317,0.8905109489051106,-0.036496350364963126,0.7772709760890345,0.061579651941097824,0.01788960715050525,0.0907887049035935,0.03253467843631779,0.08940397350993379,True
sz.002773,2022-12-12,-0.039842873176206564,stop,0.12000000000000062,0.6197716075676877,6.1862,1.6546929316338335,1.6977089450208869,2.5633157539601275,-0.09286813750641343,1.186851211072665,1.1513693182557088,0.4605404163609945,0.7058823529411757,0.039215686274507146,0.8652245695547375,0.15289525048796349,0.19326599326599303,0.12556174868594444,0.037246049661399536,0.072,False
sz.002774,2021-08-26,0.08169533169533152,tp,0.26605504587155915,0.8293251358915883,6.1058,1.5987654320987617,1.9733357068778892,2.113447920434387,-0.021276595744680882,1.605734767025094,0.8436276520652257,0.5418126093345462,1.0810810810810834,0.8648648648648722,1.0746914124021205,0.33180288798542024,0.3493266101957546,0.2505140649324829,0.033374283374283366,0.5666666666666665,True
sz.002777,2020-01-06,0.039317979192732694,tp,0.08839779005524895,0.9515819727877767,6.4327,1.6406854615809858,2.7706894758846916,2.7348592387498787,-0.06426735218509005,1.5725747629467548,2.18048721517665,0.67899841550367,0.8653787328817808,0.23324828553506136,0.9569686760145163,-0.02472941143710472,0.4740106418431611,0.1511559566191763,0.03399720931130452,0.28998319795241984,True
sz.002777,2020-10-15,-0.04513888888888884,stop,0.31778425655976805,1.011043219222807,7.0175,1.809523809523813,1.687381203013487,2.0355487905734004,-0.30453045304530446,1.4744232698094324,2.1090630157772465,0.41608291279702714,0.8872180451127809,-0.10526315789474236,0.7091289307653671,-0.2558139534883723,-0.21799833968683757,-0.15516717931595786,0.03370949074074076,0.03631284916201168,False
sz.002777,2021-10-20,-0.042437923250564155,stop,0.2670454545454557,0.7409693679247265,6.9608,1.4256410256410257,1.5685306518087654,1.900929484272939,-0.027629233511586415,1.0475352112675984,1.2439779054065174,0.6325565905930588,1.1726618705035954,0.23741007194244187,0.9517405652362803,0.21170678336980298,0.2051673864467578,0.19415543992065057,0.039849510910459025,0.051219512195121386,False
sz.002777,2023-01-06,0.08317639673571875,tp,0.12844036697247666,0.6201708229720416,7.0667,1.7922705314009633,1.651113267828858,2.5086289513051727,-0.19659829914957483,1.9090909090909098,1.414853680839496,0.5060170805431745,0.9056603773584923,-0.09433962264150769,0.7214341282706441,0.08645336963921024,0.22958397534668729,0.07063197026022316,0.0402673350041771,0.1764705882352942,True
sz.002779,2020-03-25,0.05720213396561946,tp,0.015706806282721995,0.9949560613049974,10.0196,1.6548463356973981,3.2625532117799416,3.4989036532908373,-0.053207723160152876,2.040621266427715,2.925881445659247,0.718468881653992,0.9333333333333322,0.060000000000000504,0.9671760703312164,-0.009637003796495236,-0.03398555087296795,0.037413971737360954,0.04685218077758043,0.2608125819134995,True
sz.002779,2024-05-17,-0.03480841878035624,stop,0.28103044496486995,0.9671431498602008,7.1491,1.6326723323890535,2.7001353378699555,2.983197179595473,-0.02063492063492034,1.7091906721536363,1.1855773676756884,0.6717197693577877,0.8704453441295547,-0.008097165991904097,0.8427837208307735,0.5751383567475525,0.7552182163187857,0.2863189549527629,0.0442702702702703,0.4598726114649672,False
sz.002780,2022-12-29,-0.04377880184331782,stop,0.338582677165355,0.7545688676849915,8.0537,1.3519313304721046,1.805521357089176,2.2187317724775757,-0.04237918215613368,1.0178970917225945,1.3535992445473821,0.645061664518886,0.8222222222222225,-0.011111111111112454,0.6491448304007049,0.20958646616541343,0.019002375296911955,0.10400240187002731,0.05156695156695157,0.09122203098106728,False
sz.002782,2021-03-04,-0.09102646868947702,stop,0.13385826771653497,0.7866619910596132,10.0,1.5110701107011086,1.5110998015496988,1.753231102874836,-0.04997455895054581,1.8573216520650784,3.683420016978473,0.7857181706784484,0.9230769230769234,-0.05982905982905928,0.7529418648657047,0.09988837982768617,0.10610243847078049,0.12007760038274765,0.04393358876117493,0.2632768361581925,False
sz.002785,2022-08-18,-0.05154264972776776,stop,0.3523131672597869,0.7307352588138223,5.6423,1.5348472983555188,2.2091088920732047,2.6762444237752234,-0.0628328008519703,1.1713520749665327,1.2879516429800548,0.5781767436305357,1.42857142857143,0.7857142857142875,1.000413736107214,0.09868158210147815,0.04443600455753893,0.14804571309293954,0.03513939393939395,0.03780964797913935,False
sz.002785,2023-09-20,0.03446877534468774,tp,0.3981481481481459,1.021812499324145,6.7753,2.65176470588235,3.2798338193110017,4.1776410218836455,0.01384364820846895,0.990476190476189,1.5455826042013099,0.3693434399338998,0.857142857142859,-0.11801242236024707,0.9455842438697918,0.14930232558139545,0.19429676172063792,0.11539517685250301,0.027276406313233498,0.5776614310645725,True
sz.002785,2023-11-20,-0.03484320557491289,stop,0.2771929824561415,0.8584863349400923,5.6122,1.5838607594936709,2.1661650435899475,2.6155301467869387,0.04885993485342022,2.179759377211606,2.4395189785186755,0.4013901777753517,0.8461538461538469,-0.15384615384615308,0.9018713899894626,0.2845020098258151,0.3643263757115751,0.21519843100248937,0.03292767732962448,0.48677248677248774,False
sz.002789,2022-05-06,0.13655462184873957,tp,0.18000000000000008,0.5691971776965945,9.9746,1.3349093774625687,1.6882176922395835,2.8977321297453154,-0.09903047091412742,1.57625383828045,3.651247684834578,0.7899229791796931,2.0743801652892575,3.5537190082644647,1.240281131326422,0.6177570093457945,0.598337950138504,0.4813652636533497,0.05680724051607933,0.3621366849960722,True
sz.002789,2024-08-02,-0.04041570438799072,stop,0.17283950617284047,0.528748402599792,5.9113,1.3132328308207715,0.9279013067595084,1.7043437323775426,-0.33693138010794144,1.3445269112991145,4.861721394908143,0.7587080503662376,1.3571428571428588,0.446428571428571,0.7059533602488577,-0.04530744336569581,-0.29200000000000004,-0.04314677874988542,0.051261499808622775,0.05434782608695669,False
sz.002790,2022-07-04,-0.047013977128335445,stop,0.27485380116959107,0.8357493812903182,5.5851,1.5924170616113753,1.4797278747331444,1.7429407971991013,0.02451612903225797,1.855607093240983,1.9292264897264595,0.44900699250288356,0.7708333333333331,-0.22916666666666688,0.8932474793368975,0.15931982633863973,-0.1758333333333334,0.08682964322100378,0.04437466882407201,0.3010380622837368,False
sz.002790,2022-07-26,0.03990610328638498,tp,0.007407407407407884,0.8798722179812621,6.6838,1.5916473317865456,1.6970116813572507,2.1235693844891808,0.031055900621118182,1.5924170616113753,1.6657165044592006,0.5860471726263276,1.1224489795918324,0.4285714285714252,1.0447571503567141,0.6063856724774144,0.05406904901060372,0.1988990753287827,0.03834704269486878,0.3473684210526313,True
sz.002791,2020-02-14,0.12122575484903038,tp,0.22562277580071213,0.9892220630804059,10.0023,1.8189124028931178,1.6198841777327577,1.5444047269305554,0.0865027829313545,1.4838903944595012,2.03790112109653,0.5592042942631061,1.0886597938144325,0.7195876288659785,1.0925681778316398,0.720465775820363,2.1412998715821234,0.8099672589222994,0.05020634390558992,0.5589292848581705,True
sz.002791,2024-05-07,-0.0344530577088715,stop,0.2116182572614114,1.0459235608778474,7.442,1.6650377736718556,1.7386954563457653,1.6926762730551972,-0.17693699180705524,1.4035264483627283,1.619641051445471,0.6193932544268563,0.9244444444444447,0.6444444444444419,0.8216476199929019,-0.06726728061304377,-0.279269494495174,-0.09800208155693609,0.04194525702016175,0.09462355906017511,False
sz.002792,2020-01-14,0.007403394727338258,tp,0.013966742610063167,0.9930006495627217,5.2332,1.2167242606674553,1.7660498849465225,1.9498641100214276,0.0032537960954446277,1.235772357723575,1.9848514815784142,0.7166743795253544,0.855670103092782,-0.14432989690721792,0.7925662670500555,0.08596216616519792,0.18885263841168554,0.055257565481324336,0.02662393405498338,0.11058109341890389,True
sz.002792,2024-07-12,-0.035467980295566685,stop,0.2618605830198453,0.7977727132605398,6.6667,1.3488643597471657,1.369983853254582,1.5947112782174109,-0.16719637015933286,1.0903174685648966,1.4082422952387852,0.5337950106850502,0.7878787878787852,0.0,0.41903188045821427,-0.06698348524074638,-0.10415545794031833,-0.07037135949088656,0.043340373790409746,0.15726043741213871,False
sz.002793,2020-04-15,-0.04353741496598615,stop,0.32620320855614854,0.9724528879349188,6.413,1.6958277254374206,2.781388837896792,3.4508783863080077,-0.12767186597342572,0.9621993127147747,1.5612505773995013,0.6922158410956675,0.744444444444443,-0.14444444444444302,0.9208542981273802,0.06548042704626322,0.2894420470129755,0.10988107722599563,0.0481629926519706,0.3490909090909085,False
sz.002793,2021-10-14,-0.05589430894308953,stop,0.2727272727272724,0.4771521891284562,7.1429,1.7753623188405814,1.8242719009450479,2.8501252423011323,-0.03735632183908033,1.1937984496124028,2.3552518791550225,0.30986555257348014,0.6999999999999993,-0.2571428571428585,0.6976310412551554,0.03785488958990535,0.03764691363828665,0.031093110962681147,0.036507936507936524,0.11568123393316172,False
sz.002793,2023-04-19,-0.0353403141361256,stop,0.0,1.0239833854771203,5.5249,1.950819672131149,3.49112312139296,3.8094295627263484,-0.1298405466970387,1.1101321585903072,1.6580236536577924,0.45801395414082113,0.9411764705882365,0.11764705882353217,0.976813641973526,-0.07134220072551378,-0.022900763358778553,-0.04706758209942912,0.02378472222222222,0.12820512820512836,False
sz.002797,2021-05-28,-0.036211699164345426,stop,0.3383458646616544,0.9020806728758102,5.3019,1.5294117647058867,2.473294740909127,2.316021121092256,-0.14982164090368588,1.8445945945946005,2.435989671099915,0.7022272114040659,0.8205128205128192,0.205128205128203,0.9568760051107321,-0.09962640099626396,-0.3061420345489444,-0.1132823678508646,0.031996311664361475,0.22962962962963004,False
sz.002797,2022-08-16,-0.02830188679245298,stop,0.19480519480519387,0.8445537264540763,5.8725,2.047169811320758,2.9430102960803435,3.432038232463932,-0.10496453900709213,1.8712871287128603,1.2407069612671178,0.6091789931083312,0.9677419354838682,0.25806451612903075,0.9161429053955253,0.12840717674013358,-0.031337212738138276,0.07922888374197959,0.02514345331246741,0.0789473684210529,False
sz.002799,2022-02-25,-0.058313632781718035,stop,0.1754385964912285,0.5805477165194668,9.9916,2.62639109697933,3.077017130713076,4.7321499367057385,-0.15155440414507793,1.5524193548387113,2.4044167653875395,0.6394863117262206,0.745762711864409,-0.25423728813559104,0.8959336051560065,0.1367673179396094,-0.08701854493580596,0.05307180221995244,0.04731770833333329,0.1312217194570141,False
sz.002801,2024-01-03,-0.02398523985239861,stop,0.39560439560439764,1.0467553500891544,5.0,1.9438990182328306,1.4974912590962626,1.6304484151205276,-0.0723256821134689,0.9320113314447521,1.5268500604225073,0.6740742932281394,1.2727272727272683,0.2727272727272683,0.9150287999290716,-0.032128514056224966,-0.1721374045801527,-0.036281976754949395,0.022329798678346387,0.13270142180094852,False
sz.002805,2020-10-15,-0.02997694081475785,stop,0.3303167420814455,0.5288244516290367,5.8121,1.4411764705882344,1.3738620805797268,1.6002320386152735,-0.09837177747625525,1.948220064724917,1.7261832526579688,0.46196472276470096,0.7285714285714309,-0.2714285714285691,0.5762327126308785,0.01393188854489158,0.04799999999999982,0.04408121517238621,0.034987277353689575,0.026476578411405265,False
sz.002810,2020-12-07,-0.05811015664477,stop,0.15689381933439048,0.6934348424107658,10.0028,1.9260493004663544,1.8562297699727035,1.6614910285776234,-0.031180400890868598,1.8214994049980147,2.7975956882732627,0.6079808404045316,0.9515738498789342,0.007263922518159484,0.8589176125256989,0.006680369989722212,0.39064509979614703,0.07277891957889782,0.04710736770461118,0.11336717428087964,False
sz.002810,2021-04-23,-0.05206942590120153,stop,0.19824433065106084,0.716592128783976,8.4524,1.5212834224598932,1.6396260325399463,1.8946162682388343,0.0636310566258027,1.1381276439212797,1.5590603912183363,0.7747990124102323,1.2204724409448837,0.2460629921259841,0.9605863591140177,0.4563850687622788,1.015636007305417,0.5363885396414505,0.05074418813795586,0.6300980082200439,False
sz.002810,2021-10-08,0.09574841883345081,tp,0.3080757726819533,0.9751221402076246,8.111,1.6176678445229744,1.9382415667860726,2.362404602588888,-0.2666666666666665,1.4362962962962988,2.3898299962100924,0.4556593932206256,0.8470948012232422,0.5565749235473977,0.8632137097185488,0.037378640776698946,0.1036860114196525,-0.05457429067220598,0.06031040399313681,0.0158458244111354,True
sz.002812,2020-05-08,-0.02870554251669983,stop,0.22040816326530607,0.6173713773531586,8.363,1.2196816208393633,1.209756186280265,1.6402711857618177,-0.20829120323559158,0.8993055555555572,1.4818960631978695,0.7979158374356865,0.9003322259136198,0.2624584717607975,0.9567894419494994,-0.15744809819669636,0.4846461949265686,0.09065051614643349,0.04473621103117505,0.26248775710088146,False
sz.002812,2020-12-08,0.06261363636363615,tp,0.15359688917692849,0.9104920348194951,5.2347,1.3348330160927453,1.613974500716403,1.8787408957305167,-0.05281043350477588,1.2970353477765084,1.4855266831275624,0.6843701382399785,1.4664246823956497,0.8838475499092585,0.8871584866706811,0.3012048192771082,0.7142857142857142,0.26103404791929363,0.04317592592592595,0.08273579702151124,True
sz.002813,2023-08-07,-0.10439414114513967,stop,0.007782101167315019,0.5519498924974019,10.0116,2.6019512195121983,1.8409143537052042,3.528478935034566,-0.1530407663176654,1.5405585106382986,3.4000907355122947,0.6266430087950962,0.7874015748031491,-0.1259842519685049,0.7132318635072424,0.20668595306975246,0.19821257580593676,0.13457886491741503,0.052388563310246834,0.19452706722189197,False
sz.002816,2020-08-10,-0.025387493319080818,stop,0.31707317073170826,0.7917592223451575,5.0735,1.4519119351100824,1.5953935033871836,2.1205918360796554,0.023876404494381775,2.1452736318407926,1.597441559806575,0.8137964172560326,1.251396648044695,0.5921787709497176,1.0193275786392353,0.3310858765081617,0.7487179487179485,0.2805762763941758,0.03582155869545901,0.3688286544046466,False
sz.002819,2021-10-21,-0.055198973042362015,stop,0.21261444557477116,0.6001154540924687,6.6013,1.2230113636363655,1.666326281051715,2.0194911133984785,-0.2517677707480461,1.3752650176678443,1.4685128340695872,0.5439371649093113,0.752032520325203,-0.2479674796747971,0.588760843750982,0.23750000000000004,0.2707597532622077,0.10365196539424895,0.04936868686868684,0.07667031763417306,False
sz.002821,2021-08-02,0.06336694540088544,tp,0.07021791767554508,0.9664413893080921,9.8399,1.6158777707824905,1.600463544388376,1.9092520484588564,-0.026353995963622312,1.480377724318692,2.281366311335868,0.8136261668218873,1.0734922861150058,0.3366058906030847,0.9721953990095814,0.32612903943429283,0.3710477536993064,0.23788254023778507,0.0524997385656355,0.2944628960219513,True
sz.002821,2022-10-19,-0.07363840348133525,stop,0.04928571428571358,1.010271793001291,10.0015,1.971073446327687,2.0315487319796803,2.329226289205472,-0.2575235474658192,1.6014935505770571,2.1290549031894055,0.6087065156298862,0.9117174959871583,-0.08828250401284164,0.7989979004112693,-0.21482384026377688,-0.2877311376943267,-0.1612154930275878,0.048904765114241404,0.018669219722355534,False
sz.002821,2024-08-05,-0.05794392523364496,stop,0.30240265120132737,0.8785524626086191,7.1387,2.070791366906477,1.7940503012066336,1.9834985325876295,-0.14314306275187083,1.4853222391819898,1.8961823137338951,0.7433061876682419,0.9494163424124482,-0.050583657587551845,0.8993168917320845,-0.09206009477524246,-0.16421889897134567,-0.06931717102345375,0.03402363374161401,0.4612214312476584,False
sz.002823,2020-11-24,-0.044186046511627934,stop,0.11235955056179747,0.6415122931664857,7.1126,1.5555555555555565,2.7076861644955894,3.3247067861687007,-0.011718750000000111,1.2131715771230525,2.1635861067357296,0.5533605710866268,0.8769230769230776,0.09230769230769548,0.9687972064652534,0.07076663858466747,0.23721308763021232,0.1001549431300283,0.03259900340938889,0.22705314009661848,False
sz.002823,2023-06-15,0.08403361344537798,tp,0.25169393718226757,0.8159859634460307,7.0697,2.6175025899792197,4.924936868094542,6.645112305874741,-0.04437616440211567,1.2351706683338022,1.4899571519016745,0.679434164735203,1.1250000000000042,0.3194444444444489,1.0266515924215465,0.08003266639444662,0.10225556076470266,0.05915271823299876,0.024069142659577228,0.4001058055554903,True
sz.002829,2023-04-11,-0.040077726499878445,stop,0.04467353951889962,0.9898009352753332,5.7317,1.6159346271705797,1.5114976689300839,1.5946268240299388,-0.03361149745016245,1.2275574112734835,1.5287541120121884,0.7551782684813303,0.7256637168141632,-0.2743362831858368,0.8150637602340601,0.23407451923076916,0.1911252900232019,0.07665756417258351,0.03563022481941398,0.05874921036007573,False
sz.002832,2020-09-24,-0.03569372481289589,stop,0.37410071942446005,0.553887711592174,8.0782,1.5643939393939426,2.594640467863237,3.4962662932617494,-0.2024038461538461,0.9970326409495492,1.520424013373665,0.4604161463504189,1.0762711864406775,0.14406779661016964,0.7942525138298588,-0.023310023310023187,0.4935551129198674,0.13489301782900934,0.04355608591885442,0.07853403141361308,False
sz.002832,2023-06-30,-0.044915254237288094,stop,0.014947006069390438,0.847604689745692,10.0155,2.09924385040224,2.2607269261809595,2.206553240924757,-0.05461941623760458,0.9476356856314972,2.1915239108767133,0.6681757369970848,0.9314079422382651,-0.0649819494584861,0.8921750337332204,0.09977755713489422,0.42685711005525184,0.14053422213885947,0.03533093016248676,0.13889501682705718,False
sz.002833,2021-03-31,-0.09473684210526304,stop,0.19472913616398316,0.8283024222212869,9.7964,1.4552780016116067,1.5098642354395817,1.8230319480230297,-0.08191455187921626,1.491525423728814,1.6742016976149496,0.4799050555180447,0.8720930232558143,0.2344961240310077,0.8796326212741724,0.4596149037259314,0.38976190476190475,0.2632786376703904,0.06681514476614694,0.044377892730737854,False
sz.002837,2023-11-09,0.012987012987012934,timeout,0.26236881559220365,0.9533148796636002,8.4692,1.5936819172113283,2.262068058171421,2.154052494015212,-0.11082138200782266,2.1357742181540846,2.3578569212853977,0.3388990474567869,0.8421052631578939,-0.15789473684210606,0.7681058271084895,-0.08644067796610178,-0.0032936795827614995,-0.04857443998187509,0.038095238095238085,0.019674935842600556,True
sz.002838,2022-05-13,0.04313271457434891,tp,0.3600000000000004,0.6369362915955205,9.283,1.5425531914893669,1.8235605441278364,2.374720029003764,-0.06311745334796914,1.552361396303897,2.043573389794963,0.43387989118599224,0.772413793103446,-0.05517241379310686,0.7610771866893431,0.21184022824536353,0.09967637540453045,0.04843644741104882,0.04577202275848539,0.02764976958525397,True
sz.002840,2022-03-03,0.04297820823244553,tp,0.09821428571428555,0.7775185559178907,8.0375,1.765323992994747,1.3073098984661942,1.7721335651302348,-0.19950372208436717,1.0614589316484786,1.4102354342569237,0.6387173276014119,1.2083333333333353,0.3124999999999993,0.9428150337879917,0.47508896797153,0.9880095923261387,0.2804242338434606,0.0546441495778046,0.05899705014749227,True
sz.002840,2022-07-07,0.09698795180722893,tp,0.08846153846153873,0.9070702843137589,10.0163,1.3258823529411767,1.8793566684700844,2.0436736671310127,0.022773279352226616,2.013605442176871,3.3401536962964182,0.6323415104609158,0.701863354037266,0.254658385093167,0.8887574246838224,0.185057471264368,0.13296703296703294,0.25219503555071987,0.05074361461364369,0.4831829368334705,True
sz.002843,2023-07-05,-0.038961038961038995,stop,0.04607046070460673,0.7626371064001292,6.5582,1.869244935543279,1.277601176311215,2.010244646259392,-0.1233793391886241,2.0301109350237767,3.739887354026055,0.518246957360772,0.8620689655172452,-0.04137931034482867,0.9061029927356423,0.24627310673822267,-0.0066539923954374025,0.10552276504114845,0.05258373205741625,0.20833333333333412,False
sz.002845,2020-10-14,-0.0438523452678326,stop,0.16944444444444495,0.9360445301613787,9.1054,1.4189991518235792,1.47486163503357,1.6201258596753092,-0.013575967648757903,1.1402439024390272,1.9363403687634155,0.8435156018335381,1.2594142259414227,0.7740585774058588,1.030068921487866,0.2396694214876034,0.6745638739472248,0.41597139875466654,0.051629629629629616,0.23579201934703783,False
sz.002847,2020-07-03,0.08984918173066637,tp,0.17633760361718165,1.042750180493533,9.7005,1.4245911568746208,1.8546679419160832,2.0168474424471747,-0.1251378169790518,1.6518979903631434,2.0735621610953188,0.5481269843069213,0.7425595238095218,-0.25744047619047816,0.5378521686543429,0.7221481386717568,1.6132011909176165,0.47435019598095857,0.05496488037936324,0.06197074672825254,True
sz.002847,2023-07-03,-0.036172695449241704,stop,0.09558823529411718,0.7952202753818464,6.9022,1.9196383726770418,1.6121921046413175,1.9594295464405604,-0.07774285802146441,0.8947228851763479,1.7878543854083027,0.6914739555976249,0.7472527472527499,0.18315018315018486,0.8928032418378554,-0.03453637589176828,0.19370435982130108,0.052239520833742475,0.03577239169617193,0.217292377701935,False
sz.002850,2019-12-27,0.10060026678523785,tp,0.31203007518797077,0.8832646744546337,8.3215,1.7144790257104174,1.5759386173730765,1.6176016844670764,0.05568391866913136,1.4746750336172165,1.3263888857515496,0.7009127422280161,0.7154696132596658,-0.2845303867403341,0.8354531075333499,0.3043224299065419,1.1806640624999996,0.44453608914333737,0.04473802060008958,0.4281407035175876,True
sz.002851,2020-02-07,0.16543942992874106,tp,0.23255813953488447,1.0495190381351638,5.0,2.193277310924368,1.628817488602203,1.5874977736090679,-0.12319140140553952,1.1718286951041563,2.4071895268969206,0.5672701468358172,1.0229885057471253,0.022988505747125278,0.2774542255161359,0.032569797606205375,0.07537602784063857,0.033803351859557934,0.04657668457266723,0.0019841269841273657,True
sz.002851,2023-01-19,0.05070626584570817,tp,0.12000000000000041,0.8155545453318329,7.1118,2.1792991035044857,3.746741283517671,4.697933925627816,-0.15545171339563868,1.0843558282208592,1.787766260144849,0.37814617154138663,1.1780104712041881,0.27225130890052207,0.9251515444278333,-0.12062380649268001,-0.07219610476830085,-0.02249476694478017,0.03418989021594888,0.39618138424821014,True
sz.002852,2021-11-05,-0.04040404040404038,stop,0.3680555555555541,0.827283481852899,7.4017,1.749999999999997,2.3368764286123924,2.920594548961003,-0.07009345794392541,1.5272727272727293,2.623076314045451,0.5984745150540027,0.8631578947368438,-0.0736842105263149,0.5029856886624682,0.04446119065561405,-0.09199239956568939,-0.017842610039433077,0.0395141895141895,0.14963503649635027,False
sz.002852,2022-11-07,0.03921568627450982,tp,0.2479338842975199,0.8712589658819325,5.3371,1.2962962962962963,1.1715844316845758,1.6062678320692296,-0.3263473053892214,1.7286956521739119,2.8816158506660554,0.7967900199774312,1.0615384615384607,0.8461538461538455,0.9336767156173773,-0.14739884393063585,0.16256157635467972,-0.058084772370486606,0.05333333333333333,0.29831144465290743,True
sz.002856,2020-02-21,0.08257403189066069,tp,0.1559633027522923,0.5312055255240319,6.4149,1.3235533822330907,1.2987794636813261,1.6079427732158298,-0.15193502150023874,2.1267029972752054,2.9482122286532166,0.4954599270946935,0.8362068965517224,-0.16379310344827758,0.5166084417028116,-0.03926000357635284,-0.10445307476224319,-0.06479260017539179,0.04250189825360668,0.32786885245901676,True
sz.002857,2022-10-20,-0.04205946337926037,stop,0.18181818181818035,0.624271653391942,5.6967,1.574730354391374,1.3956899007823829,1.9904720647433172,-0.25299238302502713,1.0104602510460259,1.5510445733438938,0.6038679790026247,1.0958904109589047,0.09589041095890467,0.824816475201397,-0.1331658291457286,-0.036985345429169425,-0.05920850802740557,0.0386231884057971,0.014613778705636482,False
sz.002858,2021-10-12,-0.04711055276381899,stop,0.37999999999999984,0.728772332354959,8.4173,1.4671890303623902,1.6251205277909275,2.1121378303101817,-0.2334689725330621,1.220070422535211,1.3686967099737521,0.5680958800512939,1.4766355140186913,0.7009345794392522,0.9352002408228015,-0.023456790123456694,0.14804063860667638,0.005625655531894594,0.04814580699536453,0.1493598862019917,False
sz.002859,2022-06-07,-0.03509646944913101,stop,0.32378223495702024,0.6973177408689011,7.1003,1.8214010777521212,3.150430056175134,4.488643993262682,-0.2068639798488664,1.3588850174216005,1.5220252015147886,0.3480195209480199,0.8343195266272178,-0.01775147928994127,0.8880043703277968,-0.12120153684945845,-0.3209176788124155,-0.14513845631122932,0.042276099629040796,0.3204104903078673,False
sz.002859,2023-05-22,-0.04316546762589926,stop,0.39501779359430533,0.6631454074356118,5.5236,1.3865199449793675,1.6861589452113577,1.6420417659978699,-0.1548387096774192,1.012048192771084,2.0114944666719254,0.2930149980422687,0.8680555555555546,0.06944444444444416,0.9221063837013301,-0.09682695453058565,0.016568483063328365,-0.028455475274467474,0.03847639744054086,0.026751592356687986,False
sz.002860,2019-11-22,-0.035079726651480625,stop,0.3446808510638294,0.9211347397317622,5.4919,1.4951456310679658,1.7975861870969312,1.9254052034163083,-0.010747872816838089,0.874074074074074,3.465351929375916,0.6760809778779568,0.9181818181818162,-0.08181818181818375,0.7985261825006723,0.10719677906391523,0.20908414256287755,0.08615494540652462,0.03154545454545453,0.274102079395085,False
sz.002861,2022-07-21,-0.029090909090909122,stop,0.22857142857142873,0.9762865489518803,6.7383,1.8728070175438574,2.070136431169448,2.4413112133769608,-0.2934712346477052,0.944578313253009,1.6673451632555376,0.4342191459474299,1.0,0.09836065573770428,0.9673354541359205,-0.1960497439648866,-0.16234756097560976,-0.05603115068571596,0.027115559599636057,0.2713178294573643,False
sz.002863,2020-11-06,-0.05269461077844304,stop,0.24999999999999598,0.391047379858549,6.1069,1.8898071625344337,1.2695750835716377,2.2550842355158065,-0.043577981651376385,0.8907014681892327,2.187069978466832,0.6681020037599692,0.9795918367346959,0.040816326530611874,0.9560482136689714,0.21511627906976738,0.7061224489795916,0.31240188383045525,0.04066985645933016,0.13861386138613851,False
sz.002866,2020-06-04,0.08150248051027638,tp,0.2537313432835825,0.8372913294029521,7.2574,1.390428500013785,1.3746594138873582,1.6076169401900784,-0.12685862865844055,1.6912751677852373,1.5878442564693187,0.7137604632637968,1.1304347826086958,0.17391304347826045,0.7714556212880518,-0.05628682317996736,0.21258904498682418,-0.018350376566113387,0.05247277945260385,0.007423882820487397,True
sz.002866,2021-07-08,0.037966101694915176,tp,0.05263157894736978,0.9049091793826285,7.0803,1.8455392809587212,2.3807987440277083,2.313537725862886,0.018750000000000044,1.2185185185185194,1.8828333431025477,0.49071051508648655,0.9292929292929287,0.11111111111111051,1.0120247947000225,0.13930707848891677,-0.1115308164767218,0.08304949095549594,0.03028992990507097,0.3275862068965514,True
sz.002867,2020-11-05,-0.058781617385108634,stop,0.01969365426695831,0.8990957571828184,10.0162,2.4093567251462016,3.3162877441810403,4.569248092507787,-0.11223821989528793,1.4444444444444415,2.885040588485111,0.603753337306651,1.2718446601941737,0.4563106796116508,0.9992231017596129,-0.006723283793347523,0.48727737459330855,0.12912250315061574,0.03290583066144161,0.2728857890148214,False
sz.002867,2024-11-12,0.07613168724279804,tp,0.3214285714285724,0.8787445427078843,6.0367,2.252173913043469,1.9356625811127777,2.047986585519957,-0.1415251646001654,0.7510640536033448,1.4262528751732972,0.6760732639727014,0.72972972972973,0.04054054054054255,0.910045559801868,0.10083787231894625,-0.22361705503145846,0.00029232880058615337,0.04123055950695732,0.19872280620168592,True
sz.002868,2020-07-02,0.046480743691899126,tp,0.0680272108843539,0.6944499208935697,5.9859,1.3876651982378867,1.3323928120310748,1.7463106361574063,-0.05878674171357101,3.3172151734399877,5.654621736846126,0.6734097173882778,0.7777777777777773,0.011111111111111733,0.7996139207728986,0.21514018150973557,0.10679170847284536,0.14600958542271014,0.03522041384869465,0.26829268292682923,True
sz.002869,2021-11-08,0.057718579234972735,tp,0.3281853281853275,0.8637270516671429,9.985,2.731707317073173,4.69979998262595,6.5920193930719115,-0.1412661195779601,1.4025974025974086,1.6615526926564512,0.611641108693085,0.8515625000000011,0.0468750000000007,0.6967462062383587,-0.08062499999999995,-0.1746678472913641,-0.14199816889616015,0.03020620892816677,0.1344827586206893,True
sz.002869,2022-12-09,-0.052159739201303915,stop,0.35501355013550034,0.7524980780984166,10.0088,2.1581027667984127,2.4031483274140886,2.8112209861441197,-0.028804982483456754,1.236250968241666,1.8666127402097503,0.6380332412497836,0.8717948717948709,-0.12820512820512903,0.8260372464900559,0.07830271216097984,0.6768707482993195,0.19945015064088256,0.04114942528735632,0.18840579710144895,False
sz.002870,2023-11-01,-0.05565862708719836,stop,0.1994715984147961,0.9694309104112797,7.5179,1.6719424460431633,2.7510898897459084,2.381443590219233,0.04664804469273731,1.2471615720524005,3.7931332882478914,0.5125263232889241,0.8674698795180741,-0.13253012048192594,0.8639031407052883,0.17494463777285674,0.35773984821136406,0.15388946581871485,0.03198707592891761,0.4116129032258063,False
sz.002875,2021-02-24,0.03325123152709366,tp,0.32867132867132876,0.6345093966420048,6.25,1.26991150442478,1.8075603927811659,2.522591147466854,-0.21288554196730858,1.8221258134490257,2.634418943912078,0.5629343223385452,0.8780487804878032,-0.09756097560975832,0.6498485352656047,-0.19739473535747554,-0.2818421504701726,-0.17822478156351831,0.04326765188834155,0.12949640287769815,True
sz.002876,2021-02-04,0.10443037974683564,tp,0.1370420624151954,0.8719505449192094,8.2819,1.6936370777690524,1.5660608220385241,1.5064867295945497,0.00160714285714314,2.048005955887872,2.1030554442104576,0.5863227769743599,0.9069264069264041,-0.09307359307359583,0.791186668748742,0.15318512405024332,0.24361586098984045,0.210984661830852,0.045124324165306075,0.4606955693187227,True
sz.002876,2023-01-10,0.06060984753811563,tp,0.21348314606741667,0.8400875893282821,5.2426,1.4570815450643797,1.7975541229432896,2.375317815290223,-0.12282608695652164,1.1936758893280612,1.6820275502796196,0.6230523332411491,0.8144329896907206,-0.18556701030927938,0.8815630864964228,-0.05124555160142352,0.06328104227599063,-0.13143891402714916,0.03567558556305746,0.04286718200983799,True
sz.002876,2023-12-13,-0.04155292690324526,stop,0.38075313807531275,0.6502486073465071,7.0951,1.6708727655099869,1.93522951096195,2.2058508357990787,-0.06525965009719514,1.2070381231671545,2.515447957713367,0.41288714670687965,0.7709251101321608,-0.2290748898678392,0.49473810624768694,0.041156142004398655,0.04939835338822052,0.02846591305832066,0.04142023737678536,0.09076558800315687,False
sz.002877,2022-10-20,0.06284916201117324,tp,0.01851851851851892,0.9897745327775983,5.3176,1.4318181818181843,1.485603765640018,1.6785044601013683,-0.3077669902912621,1.3039215686274486,1.2884416608935518,0.6799207569153454,0.916666666666665,0.05555555555555417,0.8526318968348862,0.07518796992481191,-0.11761198184782751,0.07427397428106612,0.03813519813519813,0.003984063745020368,True
sz.002878,2022-10-20,-0.03566958698372982,stop,0.11420612813370465,0.9821574946919543,5.2283,1.3963730569948234,1.5366594776119347,1.5578354158149017,-0.23299565846599124,1.2132049518569483,1.1133403615659392,0.8176648798085027,0.7402597402597368,0.12987012987012797,0.7289675550453277,-0.16883116883116878,-0.07175648668859325,-0.09800299081525253,0.036187499999999984,0.08333333333333322,False
sz.002879,2021-07-06,-0.02821316614420054,stop,0.12727272727272473,0.9843212330737905,5.3156,2.9319371727748624,3.6619090465066173,5.088787286510803,0.005072923272035457,1.1805574136008887,1.6912872708954463,0.623676075967799,1.0375000000000014,0.08750000000000076,0.9276623046549035,0.05839335180055394,0.08667649981781422,0.10871337564809469,0.018174547601394968,0.1022222222222223,False
sz.002880,2020-05-22,0.04591119148081173,tp,0.1304347826086963,0.9395807678282124,7.9348,1.6326730264386353,2.315789589080176,2.6431803790841792,0.007810365374881778,1.3968066349418786,1.8303260477973402,0.7341070497712154,1.0225806451612893,0.022580645161289367,0.8391814114621078,0.1796085524711124,0.4934751301650606,0.22036550870650623,0.036297045001179765,0.08580209708299248,True
sz.002880,2020-06-09,0.05822930354796312,tp,0.2397868561278876,0.8185022364686745,10.0096,2.0745341614906865,1.9562727433711584,2.1204926473820045,0.06862378459237095,1.6326730264386353,2.315789589080176,0.6857986534191105,1.2654690618762467,0.6866267465069853,0.9992619798136486,0.37471727800177,0.8558814908651344,0.4115123176992677,0.033814919896331244,0.7278106508875736,True
sz.002884,2020-10-20,0.09861591695501731,tp,0.26478149100257026,0.8276167569245604,7.1429,1.7191435768261958,1.9571651767363898,2.4707044683717108,0.01735015772870674,1.5516014234875448,1.3384356544922054,0.4941974277761645,0.7999999999999986,0.21025641025640898,1.0179103914064755,0.2791629886543372,0.8649397982484195,0.440612443255045,0.0497138496756963,0.3875890132248214,True
sz.002884,2020-11-05,0.024242424242424194,tp,0.2522255192878349,0.724038816647071,10.0152,1.8672102504368058,2.1488945595584106,2.5618080676233097,0.07437709185570829,1.7191435768261958,1.9571651767363898,0.6746594649737099,1.3973799126637578,0.40174672489083013,0.9812790044678456,0.6851328434143582,0.9926650884603341,0.5333491850199605,0.03730291848373029,0.6437847866419295,True
sz.002885,2023-02-02,0.0698051948051948,tp,0.16256157635468055,0.6214861775169491,7.4392,1.33303808680248,1.7660662166371055,1.564575303315342,0.0072424892703859545,2.0665148063781356,3.822017970581528,0.637912259043481,0.953488372093027,0.4511627906976769,0.8585329834493491,0.21132075471698109,-0.15340659340659357,0.16408325673344507,0.04049844236760122,0.504749841671945,True
sz.002886,2021-08-16,-0.037800687285223365,stop,0.26946107784431,0.9308382574021593,6.9198,1.4936708860759502,2.0194639254606526,2.0984104445540526,0.03008849557522142,1.2514734774066822,1.696160292322892,0.4973378475584473,1.0,0.0,0.8663028001399159,0.316742081447964,0.2100854552133482,0.1770526724810545,0.04167621229476901,0.2272143774069323,False
sz.002889,2020-11-06,0.013485477178423194,tp,0.2527964205816555,0.9546950252246257,8.1687,1.671916010498683,1.9931411156587322,1.9383999552557676,-0.01487889273356413,1.7253521126760527,2.0299757919977925,0.6850057685669777,1.005494505494508,0.0054945054945078385,0.8031222613504598,0.13015873015873036,0.27271181938911027,0.1289260756366656,0.03254915730337079,0.252601702932829,True
sz.002889,2023-09-01,0.0747246984792868,tp,0.2529182879377451,0.7882052218592865,5.7032,1.704491725768321,1.4604173412502548,1.5210497852257214,-0.19349387410223917,1.3923705722070847,1.1525104542113316,0.4869170995727499,0.7961165048543698,-0.15533980582524032,0.6708189297171727,0.018837459634015064,0.0835805685116684,0.012182385347790816,0.02894875858425778,0.02309058614564806,True
sz.002890,2020-08-12,-0.06434882827506726,stop,0.360386473429951,0.8562273287317549,9.9936,1.7755102040816337,1.466271926431318,1.8469907026357377,0.06639004149377592,2.381772151898733,2.8477056536722554,0.8251314903594564,0.9080459770114949,-0.09195402298850511,0.8824269731712258,0.4588879711070484,0.7099003729380711,0.4320265182807167,0.04691503267973857,0.35156250000000033,False
sz.002891,2021-01-07,-0.05048420384187969,stop,0.09343629343629373,0.9901025156311737,9.5669,1.8214285714285743,1.8374300416836806,1.734856645198977,0.07162300102075525,1.3672857998801655,1.758833069038917,0.6963529134104016,0.8254901960784309,0.03776924732068858,0.9908712339880307,0.34145696733196407,0.4435143514127371,0.27164205820538745,0.03946743514934294,0.34500883188288667,False
sz.002891,2022-09-30,0.05316239316239324,tp,0.02003642987249589,0.8517167014609629,10.0037,1.6922295581513442,1.7924123541905166,2.1456907409689854,0.017412086036189933,1.7864813644977864,2.5575714581485767,0.5966055042143872,0.7226890756302513,-0.21008403361344688,0.8622793056427573,0.15127701375245572,0.5200996331549399,0.19451071498893246,0.04742889647326509,0.0855263157894731,True
sz.002892,2019-09-03,0.05685407454200889,tp,0.3002680965147448,0.7002311902512577,8.4095,1.4586549062844567,1.4288240486185213,1.6399981839723197,-0.027999999999999914,1.782505910165487,1.9189900316034487,0.8942543218441672,0.8412698412698411,-0.158730158730159,0.7798304259417338,0.7328519855595668,0.8468149872420434,0.5025024362720463,0.05066666666666665,0.44945785239594244,True
sz.002893,2024-09-23,0.1903114186851212,tp,0.15068493150684747,0.7839466902743734,9.1811,3.0058823529411773,4.549431453073617,6.303876149768878,-0.08713692946058094,1.2465753424657575,1.8733128448933845,0.4516518693040981,0.7671232876712335,-0.19178082191780774,0.9304849489954699,-0.061755146262188365,-0.15244284372063888,-0.0805839762533313,0.02602001539645882,0.2333333333333332,True
sz.002893,2024-10-23,-0.047279214986619134,stop,0.2666666666666673,1.0016265081662898,10.0402,1.6592592592592614,2.6010486688054946,2.1970298558107597,0.0,3.0058823529411773,4.549431453073617,0.7464216843475514,1.0208333333333333,0.4687500000000001,1.001046011244876,0.2907239819004528,0.25294293344578,0.2157071149246471,0.03853345018989187,0.44768439108061847,False
sz.002895,2020-02-18,-0.07059800664451825,stop,0.3439490445859875,0.9285611975278386,6.2724,1.3586497890295368,2.2442180194853574,2.7200616091614145,-0.093964858670741,1.1592774579760048,1.4974808175784446,0.7905035521531139,0.9130434782608708,0.550724637681159,0.666659983037578,0.06424388586956531,0.0633192604257169,0.015284098543730184,0.036298633679036144,0.08846153846153841,False
sz.002901,2020-01-16,-0.12659768715763842,stop,0.17020023326502218,0.9800829086234151,6.4521,1.9711547782304306,1.800488212267253,1.8894413577895692,-0.09579228437812826,1.185393779497187,2.011489163818492,0.6282157992980837,1.0610328638497633,0.4154929577464784,1.0602149938303203,0.36582328880072446,0.7170553058062203,0.2960215777962466,0.03324139493224902,0.33179709367568866,False
sz.002901,2020-04-23,0.07634672522929846,tp,0.39437340153452544,0.9608123591277615,5.9827,1.3517461766719872,1.5434861085064226,1.5674845040155816,0.0,1.1672162034856286,1.3081240856189458,0.74103547036322,0.9290780141844003,0.09456264775414004,0.8836639733469974,0.20336391437308876,0.607247637590687,0.23214562103744493,0.043536637018212636,0.4162936436884505,True
sz.002902,2021-09-09,0.03369963369963371,tp,0.25833333333333236,0.6846379429526573,5.6575,1.5555555555555536,1.5279520975768701,1.9782688351010962,-0.19510774606872483,0.8584310189359811,0.7994978096384956,0.5490176785227759,0.7236842105263147,-0.2763157894736853,0.5911941431383709,-0.0036603221083456594,0.21735241502683333,0.09779459706528808,0.04200342885133483,0.1512770137524558,True
sz.002908,2019-10-16,-0.03687943262411355,stop,0.3052631578947364,0.8187920739039349,7.0444,1.4309799789251856,2.5335896660444788,2.9755872029886006,-0.03252595155709326,1.1297468354430362,2.3637871189605453,0.654594263585141,1.1030927835051538,0.10309278350515379,0.6741903047602339,0.06747536012130406,-0.049770754072773205,0.06035365920245928,0.04142992424242426,0.01449275362318855,False
sz.002908,2020-06-05,0.04794101706217891,tp,0.13690476190476114,0.6068535587364869,7.9391,1.6488888888888926,2.8249326283963763,3.1717145628662085,-0.05077574047954847,1.3196099674972939,1.5231717157902893,0.5972971412497331,1.0283018867924518,0.02830188679245189,0.7928671348484645,0.024297646165527764,0.10378292409634149,0.059319962645252744,0.047615517667407924,0.07720588235294097,True
sz.002908,2020-08-17,0.027491408934707875,timeout,0.10266159695817569,0.7703604185588889,6.2361,1.5165125495376506,2.3034375858038607,2.4890747700456908,-0.0767741935483871,1.3490364025695918,1.3830854078354768,0.5582794926991198,0.7195121951219507,0.2804878048780471,0.8693497473551816,0.09015921900453194,0.10906846639299683,0.1137492348872708,0.0405089408528198,0.12255772646536414,True
sz.002909,2020-03-27,0.07927888792354468,tp,0.30357142857142827,0.6506907398506689,7.9525,1.2555282555282548,1.270212526144269,1.7224616444466634,-0.11601796407185638,1.8906752411575551,2.037161130211528,0.7081812397716054,0.8767123287671258,-0.013698630136982559,0.6655819092862313,0.06107728559850334,0.04788449519141724,0.05483580904540737,0.04466101694915254,0.21739130434782605,True
sz.002910,2019-09-23,-0.03230890464933011,stop,0.0921052631578935,0.807843008970606,5.4918,1.8647540983606505,1.8999597899350196,2.4169758081945223,-0.09839909241634426,1.2645161290322562,2.286110099216525,0.6801341903604577,0.7384615384615385,-0.26153846153846144,0.7236619297129762,-0.004986597838882223,-0.1627803352720345,-0.03610617071300414,0.03517549404441393,0.0772532188841203,False
sz.002910,2024-09-24,0.08434650455927054,tp,0.036144578313252164,0.6017573027109698,5.6013,1.4146341463414631,1.225319103662757,2.2826827026356544,-0.03609022556390984,1.3333333333333333,5.276970984702863,0.5847224693994582,0.7586206896551715,0.5517241379310349,1.1039895610830985,0.059677419354838834,-0.18486352357320102,-0.016837184237462905,0.03541349568746829,0.39512195121951194,True
sz.002911,2021-11-18,0.027722772277227848,tp,0.11304347826086926,0.6557581872069624,5.9375,1.2297297297297343,2.1091657892000617,2.9455911849302154,-0.23303167420814475,1.098540145985401,0.7260806209915123,0.6297800197006337,1.0256410256410216,0.0769230769230758,0.7832257174567973,-0.016393442622950727,0.10389610389610393,0.022864019253910788,0.039313725490196086,0.06779661016949146,True
sz.002913,2022-11-18,-0.03286558345642535,stop,0.11784511784511889,0.8572677962398135,5.6814,1.9269662921348307,2.1043045224464794,2.170858607671366,-0.19690781796966172,1.118696664080678,1.5347668402141266,0.5551870410285078,0.7074829931972809,-0.25170068027210823,0.7646921610861476,-0.16430769230769227,-0.014156079854809378,-0.03779784661803298,0.030559646539027974,0.25775978407557404,False
sz.002919,2019-08-26,0.048571428571428564,tp,0.16296296296296373,0.6735441359945554,7.42,1.6437810945273625,2.4481041789196225,3.2285344130119404,-0.2633861841358798,1.0601336302895297,1.8637735276692984,0.8552014442748473,1.1186440677966107,0.18644067796610322,0.8810511223031872,-0.08651278972598397,0.0740197530251141,0.009058392950654092,0.044833333333333315,0.2267037552155773,True
sz.002919,2021-01-06,0.05699848266630212,tp,0.3908450704225343,0.9666895691886133,8.0159,1.534653465346535,1.5540993923186848,1.9989975864865637,-0.36220208123531383,2.597014925373135,1.9384491628424017,0.6305424405611434,0.9451612903225802,-0.054838709677419814,0.4440304893364429,-0.27542616357019734,1.072876712328767,-0.022461675613868505,0.04762534143977441,0.030637870416875917,True
sz.002920,2023-11-20,-0.024243772241992645,stop,0.09109518935516926,0.9788350976499469,9.9984,1.229113565562161,2.7073461309872457,3.040111895128789,-0.11558441558441568,1.1840796019900481,1.9316007630993735,0.5950276042651026,0.9016129032258092,-0.09838709677419077,0.9072560959707847,-0.02851615676721364,0.2693397302292371,-0.02684943623792702,0.03808786292007766,0.3762927605409713,False
sz.002921,2023-09-01,0.03848750844024301,tp,0.34905660377358527,1.0060497111325288,6.2225,1.7904468412942915,2.339368976646832,2.4985011796746566,-0.26938569989929506,1.6015779092702236,1.1823314636283797,0.5505933933760998,1.1686746987951826,0.44578313253012464,0.8574254891575088,0.10549777117384829,0.033843873517786616,0.03687377055008159,0.028853046594982088,0.01647058823529426,True
sz.002921,2024-07-01,-0.032835820895522394,stop,0.10937713021570529,0.8693254840577629,5.062,1.25409496347168,1.2642772535320332,1.5617034114794341,-0.3089299705651908,1.677083333333334,1.6739193646463197,0.630337288113024,0.7241379310344825,-0.22413793103448407,0.48668068443625684,-0.23190227863579616,-0.3501469567162381,-0.17167993234737083,0.04100489776811499,0.21428672667100276,False
sz.002922,2024-01-03,-0.03322033898305094,stop,0.17171717171717132,1.0133794760606059,5.248,1.8601398601398575,1.9197696818798229,2.189965564286487,-0.13372781065088757,1.2222222222222228,1.2709193039724465,0.5922051559897924,1.2105263157894757,0.21052631578947573,0.8941491977264306,-0.10735826296743045,0.029207232267037586,0.02617438030854566,0.027162162162162166,0.11227154046997455,False
sz.002923,2021-11-09,0.08841036414565812,tp,0.22007722007721997,1.0004235575955251,6.5438,1.6586510263929595,2.1112481372725216,2.270125361382547,-0.22659022659022687,0.7389558232931741,1.5396903059664142,0.45753968175972315,0.9059405940594073,0.15841584158416022,0.8494178882175982,0.0372918175235335,0.5870678230770343,0.08584361745582447,0.05527632344386267,0.09624197983501358,True
sz.002923,2022-08-24,-0.05681191395477095,stop,0.36486486486486897,0.7786814975747872,8.5647,2.9971264367816057,6.022816519310038,9.946450307599967,-0.2205258693808313,1.5299401197604758,1.3594675301953318,0.44559903023427955,0.9194630872483224,-0.06040268456375821,0.939495185855625,-0.007596310363537806,0.14144138497918513,0.10038581019116216,0.027045744486969194,0.24829157175398708,False
sz.002925,2023-03-23,-0.03062200956937799,stop,0.26376811594202865,0.7671925965099627,5.7441,1.503546099290775,2.2600156558850832,2.8267086813466804,-0.02126631222812969,1.5272727272727304,2.0878967733117597,0.616861746837654,1.0754716981132069,0.5943396226415114,0.9887099878006934,0.2289582107121837,0.11359999999999992,0.12094843977183761,0.030795019157088144,0.09659863945578213,False
sz.002926,2023-05-08,-0.05524239007891758,stop,0.13725490196078402,1.002920205863894,9.8137,3.2996632996633024,6.775333107850013,9.164206578407887,0.017261219792865656,1.7652173913043394,1.9909582684363707,0.4696832954542506,0.7857142857142828,0.05714285714285722,1.0025860494279333,0.07376058041112477,0.13121019108280252,0.09100961390791543,0.02165915915915914,0.21093750000000014,False
sz.002927,2019-12-18,-0.03512993262752643,stop,0.19047619047619188,0.7976483487828976,5.8702,1.7149587750294393,2.3709589266049123,3.5972102589103483,-0.12286689419795238,1.7117408906882636,3.757447354854817,0.7020669951000814,1.086538461538461,0.3653846153846217,1.0150672611089522,-0.07753303964757685,-0.059299191374662996,0.031611790787421115,0.03619866284622731,0.135036496350366,False
sz.002928,2022-04-15,0.03769083969465653,tp,0.3898305084745757,0.9156298786248965,6.754,1.750000000000001,2.1044905160187106,2.8339393569305456,-0.2536997885835095,0.9942418426103624,1.4214942592980933,0.738057543026911,0.8611111111111117,-0.06944444444444536,0.5340498956939908,-0.1641554321966694,-0.01587301587301604,-0.09461839110080328,0.047375079063883614,0.07645259938837921,True
sz.002929,2022-12-30,0.05836750384418244,tp,0.36981132075471584,0.710040519058042,5.5556,1.4227961819202695,1.3833527638630736,1.6314551178920305,-0.03511874684183913,0.939319190922543,1.809380677122309,0.7291549179166581,1.1988950276243047,0.5911602209944736,0.8830806295153575,0.20837180670975686,0.09211134570809776,0.06813706831891253,0.03253523518424176,0.11999999999999966,True
sz.002930,2020-10-15,-0.05438756855575876,stop,0.3925233644859813,0.8789192580005927,8.46,1.8112937812723398,1.7978889397219409,2.0431372295259784,-0.12967479674796745,1.1380518570427496,1.1752482073309332,0.6173564016352902,1.071823204419888,0.3701657458563515,1.04850537581472,0.115151515151515,0.9663567440386764,0.31132853459163023,0.04545591787439613,0.42594718714121776,False
sz.002935,2021-10-22,-0.0450184501845019,stop,0.23010130246020274,1.0138508105053112,10.0,1.6422287390029318,1.842089375003327,2.0730282861832197,-0.03508771929824572,1.7010036978341263,1.6693769450504932,0.7581564047077514,0.733333333333334,-0.26666666666666605,0.8548134218032218,0.2969579913085467,0.24425155843131074,0.23710333475382298,0.054355919583023105,0.09710896960711672,False
sz.002937,2023-12-01,-0.03253012048192772,stop,0.38248847926267204,0.9325756474462785,5.365,1.3255086071987479,2.6714355086108923,2.2348243467549955,-0.041216486594637725,1.5759849906191403,2.8722392481495786,0.787632162832204,1.6033057851239654,0.9669421487603269,1.0364238181508318,0.10607394366197176,0.0817907877744295,0.08547445413118107,0.034248574081443196,0.4763033175355452,False
sz.002938,2020-09-17,0.029234585400425273,tp,0.09844559585492221,0.8960988927622067,9.9558,2.1201391084413554,3.2192547037007917,4.029425636652185,-0.007803992740471832,1.279411764705881,1.8123824750469804,0.4179349954520924,0.9123173277661784,0.3695198329853845,1.0822173195149865,0.09231662473388802,0.7268369448069756,0.2481645942617969,0.039487361209544054,0.40308133285560716,True
sz.002938,2020-12-03,-0.03507503163984828,stop,0.15978456014362585,1.0399904795495352,10.002,1.6275053962380455,2.62924459645413,2.7815992598700743,-0.09615072275458836,1.1780545270952505,1.5753915914397063,0.4799167374833183,1.0079575596816983,0.018567639257294044,0.8625791110784332,0.11440000000000006,0.10999020301829088,0.09622955340716952,0.04519023689877965,0.1200631911532383,False
sz.002939,2021-10-28,-0.10907577019150702,stop,0.26274509803921414,0.8175016856937913,9.9728,1.8977777777777787,1.4371564497604035,1.6982081658837822,-0.1804054054054054,1.2938388625592416,1.2576653489348866,0.8350073440228862,0.8442622950819678,-0.0901639344262286,0.5592150851879965,0.2669861918500631,0.18532497245347712,0.12681788551136491,0.06386577925679424,0.34261838440111364,False
sz.002941,2020-09-23,-0.09614368726888545,stop,0.20231213872832343,0.9057328193937522,10.0058,1.7691107644305761,2.5562001118089803,3.398782194485756,-0.060873834069710364,1.3437243642329773,1.3574583715401345,0.6250104557557997,1.0,0.0,0.8218596253115753,0.32690994013345587,0.25904175958892517,0.17925310410554227,0.04993901376546436,0.10024449877750641,False
sz.002941,2023-08-03,0.04406249999999998,tp,0.10204393505253115,0.8720756374679502,7.8189,1.5088869280221882,2.435115581680963,2.6687705051655866,-0.310199621319577,1.2057416267942536,2.000246674846321,0.4891260241684256,1.0181818181818163,0.24545454545454465,0.8147045891177088,-0.25237960869750664,0.21516546985118268,0.01860889044020624,0.04058823314279025,0.1360936366318243,True
sz.002942,2020-08-04,0.059295293189587144,tp,0.33942857142857163,0.9266122331492286,10.0085,1.6536585365853667,1.5198078736570015,1.6274100610381788,0.07837687604224586,1.6997607655502402,1.639747452664388,0.5797865130511997,0.7935103244837783,-0.20648967551622163,0.8682759329837605,0.5121390613489258,0.5163030949561018,0.3787762553002673,0.03910761154855644,0.40864133263925057,True
sz.002943,2020-10-13,-0.05849056603773578,stop,0.3563218390804604,0.765604163884808,9.9824,1.811664641555287,2.2280497815477722,2.182841367010999,-0.222325870646766,1.2966619652092146,1.6962327607158718,0.7139555231213638,1.15962441314554,0.5633802816901402,0.9614556088207432,-0.11152497394091798,0.20932459788327384,0.05751955490778325,0.05017169019458224,0.06000000000000021,False
sz.002943,2024-01-03,-0.036290322580645254,stop,0.18229166666666663,0.7178361111285659,6.4566,2.0801335559265457,2.0698788335419724,2.792636527676839,-0.10326966655875691,1.0162962962962947,1.5771793271315853,0.44184572603536565,0.8876404494382018,-0.11235955056179821,0.8287922854461348,-0.0337315530569221,-0.1493968450355706,-0.0489173509177946,0.03398787878787881,0.0025380710659896302,False
sz.002952,2023-01-06,0.03951367781155023,tp,0.322314049586777,0.9468868464532129,6.8758,1.5895196506550238,2.4261828330467616,2.8493473736740196,-0.2820627802690583,1.1447721179624655,1.4523222319990177,0.6967352253863882,1.0384615384615379,0.41346153846153705,0.8889483629428331,-0.10310965630114566,0.15774647887323945,0.004690388523062324,0.035077047850770426,0.034734917733089274,True
sz.002953,2021-10-12,0.10098684210526307,tp,0.3360995850622413,0.6483567713625797,7.6978,1.9607329842931933,1.6264152283675337,2.3899430905917938,-0.04588910133843205,1.5352480417754546,4.224506546829307,0.7238576468545251,0.9906542056074775,-0.009345794392522503,0.6508662401895607,0.04615384615384621,0.03982513340904403,0.04917700990316856,0.037700534759358265,0.04697986577181254,True
sz.002962,2021-05-24,-0.0236344110516298,stop,0.18260869565217475,0.4992721162871945,5.7217,1.6551724137931114,1.4711130764173534,2.760362658200655,-0.17378048780487798,0.9926650366748186,1.3853637498712081,0.5934368225946705,0.8888888888888871,0.152777777777777,0.6999339920979307,0.08915502328675973,-0.18866726502320486,-0.009307855829358003,0.0376705355324781,0.08925869894099851,False
sz.002965,2022-02-22,-0.06055045871559625,stop,0.24260355029585653,1.0470405627365842,8.93,2.3105776444111013,4.72129385605039,6.467826401383954,-0.15978901644430654,1.2003297609233272,2.396518138174004,0.309004194347199,0.8272727272727278,-0.036363636363635085,0.9734422140859904,-0.11504424778761069,0.17801047120418834,0.07222990727196918,0.030913580246913586,0.15235457063711863,False
sz.002965,2023-06-20,0.0783847975487221,tp,0.12429433566660682,0.8414048501039146,6.5091,1.2212715277815425,1.3768645244017208,1.6012538184812442,-0.062451038664809944,1.155458694234891,1.5655764159160304,0.6264740567939366,0.7386018237082066,-0.22492401215805694,0.662061335329271,0.009340960131730247,-0.06827307569441787,-0.04103213989193868,0.04842930799756687,0.06367054320026991,True
sz.002965,2024-11-08,0.0560686015831133,tp,0.1543026706231457,0.9489219069495427,5.1766,1.2468893254747824,1.8584181948105858,1.919611672361946,-0.07840192249924904,2.0789889415481824,3.3569560233253735,0.7295612795994856,0.7205882352941192,-0.11764705882352658,0.9254078786003099,0.0780642882373721,-0.15034798984688424,0.04407580292152333,0.042846221057230245,0.25020781379883633,True
sz.002967,2022-06-07,-0.05248618784530399,stop,0.3678507319159602,1.0343756398347308,5.3819,1.3700943627409132,1.9446431499309325,2.004825988750185,-0.13054934172715948,2.045037871656049,1.28238450235567,0.3625444272943767,0.7826086956521737,-0.21739130434782628,0.9127459779377274,-0.11282002161984628,-0.2970488106338226,-0.14308048535229081,0.041793443514462715,0.4028067615807322,False
sz.002969,2021-10-13,0.04745166959578211,tp,0.16363636363636253,0.7449583217695656,7.2658,1.5000000000000027,1.3601090103611102,1.6700863457522457,-0.04915254237288125,3.139013452914804,3.7311025608739925,0.6806525400593196,1.111111111111109,0.11111111111110902,0.6844626385701295,0.11660079051383399,0.1565711862367909,0.09326261926362248,0.039233038348082595,0.08675799086757986,True
sz.002971,2024-01-04,-0.034306569343065633,stop,0.05964912280701808,0.917001568622607,5.8015,1.7470085470085437,1.8447609755949477,2.0443954096539243,-0.11944091486658204,0.9407114624505947,1.1143724274434847,0.533722455066725,0.7739726027397266,-0.17123287671232748,0.9024440933348313,0.21119929453262798,-0.004349401957230881,0.10153547977477388,0.031573838126440955,0.06836248012718663,False
sz.002971,2024-03-14,0.07600149756645447,tp,0.07317073170731704,0.6787879216589385,7.0322,1.4568725653867578,1.7184790722238614,1.8663292986463977,-0.06425842306356366,1.3455913079816124,1.408368240104914,0.5022782921993114,0.8716577540106938,-0.03743315508021463,0.9217042605436323,0.01973434535104368,0.10032760032760035,0.0685525295439331,0.05346731174792209,0.4136478517270429,True
sz.002972,2024-04-26,0.1347826086956523,tp,0.26682134570765687,1.0148815116055743,10.0372,1.4106175514626234,1.74755815899918,2.171127356347165,-0.23249783923941203,1.4075403949730665,2.1607194094609574,0.7538149644742292,1.064516129032256,0.3440860215053732,0.562670387783903,-0.06976744186046524,-0.1879964695498677,-0.1144905914625343,0.05637681159420295,0.06476683937823834,True
sz.002973,2021-09-28,-0.030815709969788656,stop,0.2842105263157888,0.8907910628790635,5.5203,1.5391566265060221,2.143311690544595,2.5713745194730393,-0.01887905604719764,1.559834938101792,2.922675094270782,0.7746942649082326,0.931506849315067,0.1780821917808289,0.856475083227347,0.0607594936708864,-0.14932091117762147,0.0175388786469329,0.031921241050119314,0.1759656652360527,False
sz.002973,2023-05-09,0.03619528619528606,tp,0.12987012987013047,1.0353134321637738,5.9821,1.9333333333333331,3.557450459277597,4.36228115457902,-0.04581993569131837,1.5094339622641455,1.9094404973141468,0.7550215269454578,0.8448275862068979,0.017241379310351662,0.9400609088857,0.015384615384615774,-0.08191653786707864,0.03750927907078313,0.024663299663299654,0.2701949860724244,True
sz.002973,2024-10-25,-0.03574468085106373,stop,0.27272727272727193,0.997057227494342,8.908,1.2768729641693792,2.4993780602131412,1.8744420646668034,0.07365439093484416,1.56115107913669,4.143183949898196,0.4180114218589887,1.0714285714285716,0.41666666666667,0.9178306657434537,0.31243001119820835,0.20140957783975666,0.27739103301602025,0.03950511945392493,0.6320754716981131,False
sz.002976,2023-01-06,0.06018136850783191,tp,0.1781472684085512,0.7942116331957367,5.0817,1.2057416267942611,1.37128326579476,1.6361916285643923,-0.1384057971014494,1.307392996108953,1.0859855343061497,0.7334787063632768,0.8611111111111118,0.32407407407407013,0.6874706067958493,0.06252752091589597,0.16121270452358027,-0.03130300384387647,0.038389280287332496,0.07539682539682575,True
sz.002977,2022-01-07,-0.058886004248288944,stop,0.3529411764705883,0.9074447893932174,8.3937,2.363819095477384,3.34264111268706,3.883165025515264,-0.059906835662441704,1.1101488497970158,1.4839413004220303,0.4483647816215042,0.7366071428571431,-0.2633928571428569,0.6838744434771369,0.1176702603207993,0.029924884904288795,0.016760622901931924,0.0341097125828334,0.05874716001298293,False
sz.002979,2023-01-19,0.06365060712886805,tp,0.1394658753709189,1.0022278642261886,5.7093,1.3684210526315812,2.084074136359604,2.0609912650674156,-0.062164236377590165,1.210235131396958,1.5279984085660625,0.4575135191871883,1.123076923076922,0.123076923076922,0.8336164568813432,0.22327200397812041,0.22509960159362552,0.15399049286965213,0.039376693766937663,0.24097788125727534,True
sz.002979,2023-09-01,-0.04640489546149916,stop,0.2835820895522378,1.006136556011433,8.8447,2.0592044403330316,3.1799238755471357,3.0425957802478982,-0.19730941704035876,1.2167381974248952,1.773565570383004,0.35217962866356206,0.8742138364779855,-0.1257861635220146,0.665622321877213,-0.030348258706467734,-0.18961486786646864,-0.05833561127624166,0.03268342739866598,0.04000000000000047,False
sz.002983,2022-11-18,-0.038622129436325627,stop,0.12077294685990242,0.7206004312419634,5.5736,1.7542168674698846,1.7141579054773979,2.027625183887387,-0.2749907097733184,0.7306397306397303,1.4657427931740425,0.5316174573363629,0.7499999999999984,-0.2500000000000016,0.6830517424839153,-0.15828596414516838,0.06539870003860249,-0.04058621682190412,0.034857142857142864,0.1399999999999997,False
sz.002984,2024-01-16,-0.02924745317121273,stop,0.1384615384615373,1.0382431548577415,6.8182,2.2399999999999953,2.95328541380739,3.089947189238481,-0.061466458658346435,0.721136767317944,1.443463568138259,0.6682022649581038,0.9147727272727286,0.3409090909090916,1.050282539912991,0.044603336738167965,-0.053378586855908794,-0.00291412538322396,0.025152107779226402,0.41832669322709115,False
sz.002987,2023-01-06,-0.03284541235273118,stop,0.05705705705705737,0.9012351468946368,6.0173,1.480176211453746,1.8348624081394251,2.376416988128717,-0.19982969060459832,1.0713547052740453,1.1858479934650152,0.8231383981478944,0.8194444444444453,-0.1805555555555547,0.7780759689411918,-0.01620288834096517,0.48880597014925353,0.06871932884579213,0.03934837092731829,0.13830845771144265,False
sz.002989,2023-07-28,-0.029478458049886597,stop,0.1173708920187792,0.7128004918628776,5.3842,1.5960346964064451,2.1417168541948537,2.8128892802631373,-0.028443948689347298,1.9950576606260297,2.092309209529245,0.5292354670490036,0.7934782608695642,-0.06521739130435018,0.7173095975693463,0.20479581908360522,-0.004416244318454221,0.09747920447374242,0.03980414746543781,0.17320261437908474,False
sz.002991,2023-01-19,0.08058227190018177,tp,0.35546874999999795,0.724541921808521,6.831,1.605920444033299,2.037825566244246,2.4059449950679173,-0.08396315540859711,0.9910554561717251,1.2592148445754818,0.4507026286283792,0.9858870967741945,-0.014112903225805452,0.8353267966020825,0.2863070539419086,0.25181715393312865,0.15787861697001854,0.03735483870967745,0.23247496423462086,True
sz.002997,2024-09-25,0.06479299899023913,tp,0.09006928406466559,0.7261305287526383,6.6351,1.4353932584269675,2.832443692383039,3.7623046079607088,-0.16428571428571415,1.4266159695817535,2.2865216831317765,0.5971668263747036,1.2191780821917821,0.30821917808219274,0.9607325149987986,-0.09146527990211062,-0.012621681373739424,0.026270781031220814,0.036902356902356895,0.12026913372581999,True
sz.003000,2023-05-04,-0.03787878787878783,stop,0.2297357356303699,0.8982969059079253,5.2555,1.4935555155186357,1.632934228314455,1.7381459657604064,-0.11930429728027281,1.3544061302681984,1.22522075660181,0.5828677965351677,1.0543478260869568,0.08695652173913107,0.73286453210451,0.09480527474540978,0.382371388186981,0.14718441779158944,0.044788791877641634,0.07690594674871172,False
sz.003022,2024-05-07,-0.030881527231892046,stop,0.06910352140989809,0.6514657546579321,5.5113,1.47489727946932,1.1899124845280613,1.5708059887470833,-0.06389042987390103,1.7096774193548354,1.9922347195372778,0.6676904683722191,0.8725490196078461,0.5490196078431405,0.8471692470998373,0.14181916054244348,-0.06675949613284626,0.025133282723053412,0.036329737201622476,0.016016224733893823,False
sz.003026,2024-05-07,-0.05566002256487408,stop,0.06976744186046545,0.6934661147985913,7.4451,1.3944850872256611,1.5184850770024731,1.864550188721886,-0.23182082606166377,1.3583032490974734,1.3223114957430366,0.5250424349925478,0.954802259887003,0.039548022598869574,0.77147004889586,-0.0689170182841069,-0.32945049379589764,-0.1365193927157412,0.05587865055387716,0.04028268551236763,False
sz.003033,2023-09-28,-0.03612281757977095,stop,0.1140740740740748,0.9815410213437457,6.7441,1.6283185840707983,2.5353543395188334,3.2327130424827866,-0.1287858835923097,2.372483221476512,2.622526444709382,0.6462863506496165,0.8369565217391323,0.07608695652173801,0.9154224052488082,-0.09135667396061287,-0.021940792297576617,0.03475142849916534,0.0356512141280353,0.1546023235031277,False
